genome	family	count
GCA_000403075_1	acdA	13
GCA_000403075_1	acs	3
GCA_000403075_1	acsD	1
GCA_000403075_1	apgM	2
GCA_000403075_1	eno	3
GCA_000403075_1	fbaA	1
GCA_000403075_1	fbp	1
GCA_000403075_1	fdhA	1
GCA_000403075_1	fdhA-K00148	2
GCA_000403075_1	fdhB	2
GCA_000403075_1	fdhF	1
GCA_000403075_1	fdwB	2
GCA_000403075_1	folA	5
GCA_000403075_1	fpoA	1
GCA_000403075_1	fpoB	1
GCA_000403075_1	fpoJ	1
GCA_000403075_1	fpoK	1
GCA_000403075_1	fpoM	1
GCA_000403075_1	fpoN	1
GCA_000403075_1	frmA	2
GCA_000403075_1	glpX	1
GCA_000403075_1	glyA	5
GCA_000403075_1	hdrD	1
GCA_000403075_1	hmd	1
GCA_000403075_1	mauC	2
GCA_000403075_1	mcl	1
GCA_000403075_1	mdh	1
GCA_000403075_1	mdh-K00024	2
GCA_000403075_1	metF	1
GCA_000403075_1	mgsC	1
GCA_000403075_1	nirK	2
GCA_000403075_1	nirS	3
GCA_000403075_1	pfkA	1
GCA_000403075_1	pfp	1
GCA_000403075_1	porA	2
GCA_000403075_1	porB	1
GCA_000403075_1	pps	1
GCA_000403075_1	pqqE	4
GCA_000403075_1	pqqF	1
GCA_000403075_1	pta	4
GCA_000403075_1	rnfE	1
GCA_000403075_1	serA	3
GCA_000403075_1	serB	3
GCA_000405805_1	acdA	2
GCA_000405805_1	acs	2
GCA_000405805_1	eno	1
GCA_000405805_1	fbp	1
GCA_000405805_1	fchA	1
GCA_000405805_1	folA	1
GCA_000405805_1	fpoB	1
GCA_000405805_1	fpoC	1
GCA_000405805_1	fpoD	1
GCA_000405805_1	fpoH	1
GCA_000405805_1	fpoJ	1
GCA_000405805_1	fpoK	1
GCA_000405805_1	fpoL	1
GCA_000405805_1	fpoM	1
GCA_000405805_1	fpoN	1
GCA_000405805_1	frmA	1
GCA_000405805_1	glpX	1
GCA_000405805_1	glyA	3
GCA_000405805_1	gpmI	1
GCA_000405805_1	hdrD	2
GCA_000405805_1	mauC	1
GCA_000405805_1	mauE	1
GCA_000405805_1	mcl	2
GCA_000405805_1	mdh-K00024	2
GCA_000405805_1	mmoC	1
GCA_000405805_1	mtkA	1
GCA_000405805_1	mxaF	1
GCA_000405805_1	pfkA	1
GCA_000405805_1	pfkB	1
GCA_000405805_1	pfp	3
GCA_000405805_1	pps	2
GCA_000405805_1	pqqB	1
GCA_000405805_1	pqqF	1
GCA_000405805_1	pta	1
GCA_000405805_1	rnfD	1
GCA_000405805_1	serA	4
GCA_000405805_1	serB	2
GCA_000522425_1	acdA	50
GCA_000522425_1	acdB	1
GCA_000522425_1	acs	25
GCA_000522425_1	cooF	5
GCA_000522425_1	ehbA	1
GCA_000522425_1	ehbE	1
GCA_000522425_1	ehbH	1
GCA_000522425_1	eno	3
GCA_000522425_1	fbaA	8
GCA_000522425_1	fbaB	1
GCA_000522425_1	fbp	2
GCA_000522425_1	fdhA	2
GCA_000522425_1	fdhA-K00148	2
GCA_000522425_1	fdhB	2
GCA_000522425_1	fdhF	2
GCA_000522425_1	fdm	4
GCA_000522425_1	fdoG	5
GCA_000522425_1	fdwB	2
GCA_000522425_1	folA	13
GCA_000522425_1	fpoB	2
GCA_000522425_1	fpoC	1
GCA_000522425_1	fpoD	1
GCA_000522425_1	fpoH	2
GCA_000522425_1	fpoJ	2
GCA_000522425_1	fpoL	3
GCA_000522425_1	fpoN	3
GCA_000522425_1	frhB	1
GCA_000522425_1	frhD	1
GCA_000522425_1	frmA	9
GCA_000522425_1	gck	1
GCA_000522425_1	gfa	2
GCA_000522425_1	glpX	2
GCA_000522425_1	glyA	22
GCA_000522425_1	gpmB	3
GCA_000522425_1	gpmI	2
GCA_000522425_1	hdrD	3
GCA_000522425_1	hprA	7
GCA_000522425_1	hxlB	1
GCA_000522425_1	mauC	6
GCA_000522425_1	mauE	1
GCA_000522425_1	mcl	7
GCA_000522425_1	mdh	2
GCA_000522425_1	mdh-K00024	8
GCA_000522425_1	mer	72
GCA_000522425_1	metF	2
GCA_000522425_1	mgdA	1
GCA_000522425_1	mgsA	1
GCA_000522425_1	mgsB	1
GCA_000522425_1	mgsC	2
GCA_000522425_1	mmoC	1
GCA_000522425_1	mtbC	2
GCA_000522425_1	mtkA	1
GCA_000522425_1	mtkB	3
GCA_000522425_1	mxaC	2
GCA_000522425_1	mxaF	5
GCA_000522425_1	mxaG	1
GCA_000522425_1	mxaL	1
GCA_000522425_1	narB	2
GCA_000522425_1	narG	1
GCA_000522425_1	nirK	2
GCA_000522425_1	nirS	1
GCA_000522425_1	pfkA	1
GCA_000522425_1	pfp	6
GCA_000522425_1	porA	2
GCA_000522425_1	porB	1
GCA_000522425_1	porG	1
GCA_000522425_1	ppc	1
GCA_000522425_1	pps	6
GCA_000522425_1	pqqB	1
GCA_000522425_1	pqqC	1
GCA_000522425_1	pqqD	1
GCA_000522425_1	pqqE	6
GCA_000522425_1	pqqF	2
GCA_000522425_1	pta	6
GCA_000522425_1	rnfE	3
GCA_000522425_1	serA	12
GCA_000522425_1	serB	6
GCA_000522425_1	serC	1
GCA_000522425_1	tmm	1
GCA_000522425_1	torA	7
GCA_000522425_1	torC	1
GCA_000522425_1	torZ	3
GCA_000522425_1	vhuA	1
GCA_000522425_1	vhuD	1
GCA_000522425_1	vhuG	1
GCA_000522425_1	xoxF5	3
GCA_000739515_1	ackA	8
GCA_000739515_1	acs	6
GCA_000739515_1	apgM	1
GCA_000739515_1	cdhE	1
GCA_000739515_1	cooF	5
GCA_000739515_1	echA	1
GCA_000739515_1	echB	2
GCA_000739515_1	echE	1
GCA_000739515_1	ehbA	1
GCA_000739515_1	ehbH	1
GCA_000739515_1	ehbI	2
GCA_000739515_1	eno	6
GCA_000739515_1	fbaA	7
GCA_000739515_1	fbp	1
GCA_000739515_1	fdhA	2
GCA_000739515_1	fdhA-K00148	3
GCA_000739515_1	fdm	3
GCA_000739515_1	fghA	1
GCA_000739515_1	folA	5
GCA_000739515_1	fpoB	2
GCA_000739515_1	fpoL	1
GCA_000739515_1	fpoM	1
GCA_000739515_1	frmA	4
GCA_000739515_1	gck	1
GCA_000739515_1	glyA	7
GCA_000739515_1	gpmB	4
GCA_000739515_1	gpmI	2
GCA_000739515_1	hdrA2	1
GCA_000739515_1	hprA	4
GCA_000739515_1	hxlA	2
GCA_000739515_1	hxlB	5
GCA_000739515_1	mauC	2
GCA_000739515_1	mbhJ	3
GCA_000739515_1	mdh	6
GCA_000739515_1	mdh-K00024	1
GCA_000739515_1	metF	3
GCA_000739515_1	mtaA	2
GCA_000739515_1	mtbC	6
GCA_000739515_1	mtkA	1
GCA_000739515_1	mtsA	1
GCA_000739515_1	mxaC	1
GCA_000739515_1	napH	2
GCA_000739515_1	narB	3
GCA_000739515_1	narH	1
GCA_000739515_1	pfkA	3
GCA_000739515_1	pfkB	3
GCA_000739515_1	pfp	9
GCA_000739515_1	porA	2
GCA_000739515_1	porB	1
GCA_000739515_1	porG	1
GCA_000739515_1	pps	3
GCA_000739515_1	pqqE	3
GCA_000739515_1	pqqF	1
GCA_000739515_1	pta	5
GCA_000739515_1	rnfA	1
GCA_000739515_1	rnfB	8
GCA_000739515_1	rnfC	1
GCA_000739515_1	rnfD	1
GCA_000739515_1	rnfE	2
GCA_000739515_1	rnfG	2
GCA_000739515_1	serA	9
GCA_000739515_1	serB	3
GCA_000739515_1	serC	1
GCA_000739515_1	torA	1
GCA_001180325_1	acdA	1
GCA_001180325_1	ackA	1
GCA_001180325_1	acs	1
GCA_001180325_1	acsD	1
GCA_001180325_1	cooF	1
GCA_001180325_1	eno	2
GCA_001180325_1	fbaA	2
GCA_001180325_1	folA	5
GCA_001180325_1	fpoA	1
GCA_001180325_1	fpoB	2
GCA_001180325_1	fpoC	1
GCA_001180325_1	fpoD	1
GCA_001180325_1	fpoH	1
GCA_001180325_1	fpoI	1
GCA_001180325_1	fpoJ	1
GCA_001180325_1	fpoK	1
GCA_001180325_1	fpoL	1
GCA_001180325_1	fpoM	2
GCA_001180325_1	fpoN	1
GCA_001180325_1	frmA	2
GCA_001180325_1	glpX	1
GCA_001180325_1	glyA	3
GCA_001180325_1	gpmB	1
GCA_001180325_1	gpmI	1
GCA_001180325_1	hdrA2	1
GCA_001180325_1	mtrA	1
GCA_001180325_1	narH	1
GCA_001180325_1	pfp	6
GCA_001180325_1	ppc	1
GCA_001180325_1	pqqF	1
GCA_001180325_1	pta	2
GCA_001180325_1	rnfB	3
GCA_001180325_1	rnfE	1
GCA_001180325_1	serA	1
GCA_001180325_1	serB	1
GCA_001302835_1	acdA	3
GCA_001302835_1	ackA	1
GCA_001302835_1	acs	8
GCA_001302835_1	apgM	2
GCA_001302835_1	eno	3
GCA_001302835_1	fchA	1
GCA_001302835_1	fdhB	1
GCA_001302835_1	folA	1
GCA_001302835_1	frhD	1
GCA_001302835_1	frmA	1
GCA_001302835_1	gck	1
GCA_001302835_1	gfa	1
GCA_001302835_1	glyA	3
GCA_001302835_1	gpmI	2
GCA_001302835_1	hdrA1	4
GCA_001302835_1	hdrA2	19
GCA_001302835_1	hdrB1	3
GCA_001302835_1	hdrB2	1
GCA_001302835_1	hdrC2	4
GCA_001302835_1	hdrD	2
GCA_001302835_1	hxlB	1
GCA_001302835_1	mcl	1
GCA_001302835_1	mdh-K00024	1
GCA_001302835_1	mtaA	2
GCA_001302835_1	mtkA	2
GCA_001302835_1	mtkB	3
GCA_001302835_1	mvhA	1
GCA_001302835_1	mvhD	6
GCA_001302835_1	mvhG	1
GCA_001302835_1	pfkA	2
GCA_001302835_1	pfp	2
GCA_001302835_1	porA	2
GCA_001302835_1	porB	2
GCA_001302835_1	porG	1
GCA_001302835_1	pps	1
GCA_001302835_1	pqqE	3
GCA_001302835_1	pqqF	2
GCA_001302835_1	rnfA	1
GCA_001302835_1	rnfB	2
GCA_001302835_1	rnfC	1
GCA_001302835_1	rnfD	1
GCA_001302835_1	rnfE	1
GCA_001302835_1	rnfG	1
GCA_001302835_1	serA	4
GCA_001302835_1	serB	2
GCA_001302835_1	vhcD	2
GCA_001304035_1	acdA	5
GCA_001304035_1	ackA	2
GCA_001304035_1	acs	1
GCA_001304035_1	cooF	2
GCA_001304035_1	echE	1
GCA_001304035_1	ehbA	1
GCA_001304035_1	eno	1
GCA_001304035_1	fbp	1
GCA_001304035_1	fchA	2
GCA_001304035_1	fdhA	1
GCA_001304035_1	fdhA-K00148	2
GCA_001304035_1	fdhF	1
GCA_001304035_1	fdoG	1
GCA_001304035_1	fdoI	1
GCA_001304035_1	fdwB	1
GCA_001304035_1	folA	3
GCA_001304035_1	fpoB	1
GCA_001304035_1	fpoC	1
GCA_001304035_1	fpoD	1
GCA_001304035_1	fpoH	3
GCA_001304035_1	fpoI	1
GCA_001304035_1	fpoJ	2
GCA_001304035_1	fpoK	1
GCA_001304035_1	fpoL	1
GCA_001304035_1	fpoM	1
GCA_001304035_1	fpoN	2
GCA_001304035_1	frhA	1
GCA_001304035_1	gck	1
GCA_001304035_1	glyA	5
GCA_001304035_1	hdrA1	2
GCA_001304035_1	hdrA2	2
GCA_001304035_1	hdrB1	1
GCA_001304035_1	hdrB2	1
GCA_001304035_1	hdrC2	2
GCA_001304035_1	hdrD	3
GCA_001304035_1	mbhJ	2
GCA_001304035_1	mcl	1
GCA_001304035_1	mdh-K00024	1
GCA_001304035_1	mmoC	1
GCA_001304035_1	mtbC	1
GCA_001304035_1	mtkA	2
GCA_001304035_1	mtkB	3
GCA_001304035_1	mttB	1
GCA_001304035_1	mvhA	2
GCA_001304035_1	mvhD	2
GCA_001304035_1	mvhG	1
GCA_001304035_1	nirK	1
GCA_001304035_1	pfkA	1
GCA_001304035_1	pfkB	1
GCA_001304035_1	pfp	2
GCA_001304035_1	porB	1
GCA_001304035_1	porD	1
GCA_001304035_1	porG	1
GCA_001304035_1	pps	1
GCA_001304035_1	pqqE	3
GCA_001304035_1	pta	6
GCA_001304035_1	rnfA	1
GCA_001304035_1	rnfB	6
GCA_001304035_1	rnfC	1
GCA_001304035_1	rnfD	1
GCA_001304035_1	rnfE	1
GCA_001304035_1	rnfG	1
GCA_001304035_1	serA	2
GCA_001304035_1	serB	2
GCA_001443445_1	acdA	5
GCA_001443445_1	ackA	2
GCA_001443445_1	acs	9
GCA_001443445_1	apgM	2
GCA_001443445_1	cooF	1
GCA_001443445_1	dcmA	1
GCA_001443445_1	eno	3
GCA_001443445_1	fbaA	2
GCA_001443445_1	fbaB	1
GCA_001443445_1	fbp	1
GCA_001443445_1	fdhA	1
GCA_001443445_1	fdhA-K00148	2
GCA_001443445_1	fdhB	2
GCA_001443445_1	fdm	1
GCA_001443445_1	fdoI	1
GCA_001443445_1	fdwB	1
GCA_001443445_1	folA	6
GCA_001443445_1	fpoA	1
GCA_001443445_1	fpoB	3
GCA_001443445_1	fpoC	2
GCA_001443445_1	fpoD	1
GCA_001443445_1	fpoH	2
GCA_001443445_1	fpoJ	2
GCA_001443445_1	fpoK	2
GCA_001443445_1	fpoL	2
GCA_001443445_1	fpoM	2
GCA_001443445_1	fpoN	1
GCA_001443445_1	frhB	1
GCA_001443445_1	frmA	4
GCA_001443445_1	gck	1
GCA_001443445_1	glpX	1
GCA_001443445_1	glyA	5
GCA_001443445_1	gpmB	1
GCA_001443445_1	hxlB	1
GCA_001443445_1	mauC	1
GCA_001443445_1	mcl	4
GCA_001443445_1	mdh-K00024	1
GCA_001443445_1	mer	8
GCA_001443445_1	metF	1
GCA_001443445_1	mgsC	1
GCA_001443445_1	mtkA	1
GCA_001443445_1	mtkB	1
GCA_001443445_1	narB	1
GCA_001443445_1	narH	1
GCA_001443445_1	nirK	5
GCA_001443445_1	nxrA	1
GCA_001443445_1	pfkB	1
GCA_001443445_1	pfp	4
GCA_001443445_1	porB	1
GCA_001443445_1	ppc	2
GCA_001443445_1	pps	1
GCA_001443445_1	pqqE	6
GCA_001443445_1	pqqF	1
GCA_001443445_1	pta	4
GCA_001443445_1	rnfE	1
GCA_001443445_1	serA	8
GCA_001443445_1	serB	3
GCA_001567115_1	acdA	2
GCA_001567115_1	ackA	2
GCA_001567115_1	acs	5
GCA_001567115_1	apgM	2
GCA_001567115_1	eno	3
GCA_001567115_1	fbaA	3
GCA_001567115_1	fdhA	1
GCA_001567115_1	fdhA-K00148	1
GCA_001567115_1	fdhB	2
GCA_001567115_1	fdoG	1
GCA_001567115_1	fdoH	2
GCA_001567115_1	fdwB	2
GCA_001567115_1	folA	5
GCA_001567115_1	fpoA	2
GCA_001567115_1	fpoB	2
GCA_001567115_1	fpoC	1
GCA_001567115_1	fpoH	2
GCA_001567115_1	fpoJ	1
GCA_001567115_1	fpoK	1
GCA_001567115_1	fpoL	2
GCA_001567115_1	fpoM	2
GCA_001567115_1	fpoN	2
GCA_001567115_1	frhD	1
GCA_001567115_1	frmA	3
GCA_001567115_1	glyA	7
GCA_001567115_1	gpmB	1
GCA_001567115_1	hdrD	2
GCA_001567115_1	hmd	1
GCA_001567115_1	hxlA	1
GCA_001567115_1	mauC	1
GCA_001567115_1	mdh	3
GCA_001567115_1	mdh-K00024	5
GCA_001567115_1	metF	1
GCA_001567115_1	mtaB	1
GCA_001567115_1	mtbA	1
GCA_001567115_1	mtkB	1
GCA_001567115_1	mvhA	1
GCA_001567115_1	mvhG	1
GCA_001567115_1	narB	1
GCA_001567115_1	narG	1
GCA_001567115_1	narH	2
GCA_001567115_1	nirK	1
GCA_001567115_1	nrfA	1
GCA_001567115_1	nrfH	1
GCA_001567115_1	pfkA	1
GCA_001567115_1	pfkB	2
GCA_001567115_1	pfp	1
GCA_001567115_1	porA	1
GCA_001567115_1	pps	3
GCA_001567115_1	pqqE	2
GCA_001567115_1	pqqF	1
GCA_001567115_1	pta	1
GCA_001567115_1	rnfB	4
GCA_001567115_1	rnfE	1
GCA_001567115_1	serA	7
GCA_001567115_1	serB	2
GCA_001567115_1	serC	2
GCA_001567115_1	xoxF1	1
GCA_001714685_2	ackA	1
GCA_001714685_2	acs	2
GCA_001714685_2	acsD	2
GCA_001714685_2	apgM	1
GCA_001714685_2	cdhA	1
GCA_001714685_2	cdhB	1
GCA_001714685_2	cdhC	1
GCA_001714685_2	cdhD	1
GCA_001714685_2	cdhE	4
GCA_001714685_2	cooF	1
GCA_001714685_2	cooS	2
GCA_001714685_2	echA	1
GCA_001714685_2	echB	1
GCA_001714685_2	echC	1
GCA_001714685_2	echE	1
GCA_001714685_2	ehaQ	1
GCA_001714685_2	eno	4
GCA_001714685_2	fae	1
GCA_001714685_2	fae-hps	1
GCA_001714685_2	fdhA-K00148	1
GCA_001714685_2	fdhB	1
GCA_001714685_2	folA	2
GCA_001714685_2	fpoA	1
GCA_001714685_2	fpoB	3
GCA_001714685_2	fpoC	4
GCA_001714685_2	fpoD	1
GCA_001714685_2	fpoF	1
GCA_001714685_2	fpoH	1
GCA_001714685_2	fpoI	1
GCA_001714685_2	fpoJ	2
GCA_001714685_2	fpoK	1
GCA_001714685_2	fpoL	1
GCA_001714685_2	fpoM	1
GCA_001714685_2	fpoN	1
GCA_001714685_2	fpoO	1
GCA_001714685_2	frhA	1
GCA_001714685_2	frhB	3
GCA_001714685_2	frhD	2
GCA_001714685_2	frmA	2
GCA_001714685_2	ftr	1
GCA_001714685_2	fwdB	2
GCA_001714685_2	fwdC	1
GCA_001714685_2	fwdG	2
GCA_001714685_2	glpX	1
GCA_001714685_2	glyA	2
GCA_001714685_2	gpmI	3
GCA_001714685_2	hdrA1	1
GCA_001714685_2	hdrB1	1
GCA_001714685_2	hdrB2	1
GCA_001714685_2	hdrC1	1
GCA_001714685_2	hdrC2	1
GCA_001714685_2	hdrD	6
GCA_001714685_2	hdrE	1
GCA_001714685_2	hxlA	1
GCA_001714685_2	hxlB	1
GCA_001714685_2	mauC	3
GCA_001714685_2	mch	1
GCA_001714685_2	mcrA	1
GCA_001714685_2	mcrB	1
GCA_001714685_2	mcrC	1
GCA_001714685_2	mcrD	1
GCA_001714685_2	mcrG	1
GCA_001714685_2	mdh	1
GCA_001714685_2	mdh-K00024	1
GCA_001714685_2	mer	1
GCA_001714685_2	mgsC	1
GCA_001714685_2	mtaA	4
GCA_001714685_2	mtaB	3
GCA_001714685_2	mtaC	3
GCA_001714685_2	mtbA	1
GCA_001714685_2	mtbB	2
GCA_001714685_2	mtbC	2
GCA_001714685_2	mtd	1
GCA_001714685_2	mtdB	1
GCA_001714685_2	mtmB	6
GCA_001714685_2	mtmC	3
GCA_001714685_2	mtrA	4
GCA_001714685_2	mtrB	1
GCA_001714685_2	mtrC	1
GCA_001714685_2	mtrD	1
GCA_001714685_2	mtrE	1
GCA_001714685_2	mtrF	1
GCA_001714685_2	mtrG	1
GCA_001714685_2	mtrH	2
GCA_001714685_2	mtsA	1
GCA_001714685_2	mtsB	1
GCA_001714685_2	mttB	2
GCA_001714685_2	mttC	1
GCA_001714685_2	mvhA	2
GCA_001714685_2	mvhD	2
GCA_001714685_2	narB	1
GCA_001714685_2	narH	1
GCA_001714685_2	pfkC	2
GCA_001714685_2	pfp	3
GCA_001714685_2	porA	2
GCA_001714685_2	porB	1
GCA_001714685_2	porD	3
GCA_001714685_2	porG	3
GCA_001714685_2	pps	4
GCA_001714685_2	pqqB	1
GCA_001714685_2	pqqE	6
GCA_001714685_2	pta	3
GCA_001714685_2	rnfB	4
GCA_001714685_2	rnfC	2
GCA_001714685_2	rnfE	1
GCA_001714685_2	serA	3
GCA_001714685_2	serB	2
GCA_001714685_2	serC	1
GCA_001714685_2	vhtG	2
GCA_001717005_1	acs	1
GCA_001717005_1	acsD	1
GCA_001717005_1	apgM	1
GCA_001717005_1	cooS	1
GCA_001717005_1	echC	2
GCA_001717005_1	echE	2
GCA_001717005_1	ehbA	1
GCA_001717005_1	ehbB	1
GCA_001717005_1	ehbD	1
GCA_001717005_1	ehbE	2
GCA_001717005_1	ehbF	1
GCA_001717005_1	ehbK	1
GCA_001717005_1	ehbL	1
GCA_001717005_1	ehbM	1
GCA_001717005_1	ehbN	1
GCA_001717005_1	ehbO	1
GCA_001717005_1	ehbP	1
GCA_001717005_1	eno	1
GCA_001717005_1	fbaA	1
GCA_001717005_1	fbp	1
GCA_001717005_1	fdhB	1
GCA_001717005_1	folA	2
GCA_001717005_1	fpoC	2
GCA_001717005_1	fpoH	1
GCA_001717005_1	fpoJ	1
GCA_001717005_1	fpoL	4
GCA_001717005_1	fpoM	1
GCA_001717005_1	fpoN	2
GCA_001717005_1	frhB	1
GCA_001717005_1	frhG	1
GCA_001717005_1	frmA	1
GCA_001717005_1	glpX	1
GCA_001717005_1	glyA	3
GCA_001717005_1	gpmI	1
GCA_001717005_1	hdrA1	1
GCA_001717005_1	hdrA2	1
GCA_001717005_1	hdrB2	1
GCA_001717005_1	hdrD	3
GCA_001717005_1	hprA	2
GCA_001717005_1	hxlA	1
GCA_001717005_1	mbhJ	1
GCA_001717005_1	mbhK	1
GCA_001717005_1	mbhL	1
GCA_001717005_1	mcrA	1
GCA_001717005_1	mcrB	1
GCA_001717005_1	mcrC	1
GCA_001717005_1	mcrG	1
GCA_001717005_1	mdh	1
GCA_001717005_1	mgsA	1
GCA_001717005_1	mgsC	1
GCA_001717005_1	mmoC	1
GCA_001717005_1	mtaA	3
GCA_001717005_1	mtbB	2
GCA_001717005_1	mtbC	8
GCA_001717005_1	mtkA	1
GCA_001717005_1	mtkB	2
GCA_001717005_1	mtmB	3
GCA_001717005_1	mtrH	2
GCA_001717005_1	mvhA	1
GCA_001717005_1	narB	1
GCA_001717005_1	pfkB	1
GCA_001717005_1	pfp	2
GCA_001717005_1	porA	2
GCA_001717005_1	porB	2
GCA_001717005_1	porD	2
GCA_001717005_1	porG	3
GCA_001717005_1	pps	3
GCA_001717005_1	pqqE	6
GCA_001717005_1	rnfB	1
GCA_001717005_1	rnfC	1
GCA_001717005_1	serA	1
GCA_001717005_1	serB	2
GCA_001730085_1	acdA	1
GCA_001730085_1	apgM	1
GCA_001730085_1	eno	2
GCA_001730085_1	fbaA	1
GCA_001730085_1	fdhF	3
GCA_001730085_1	folA	5
GCA_001730085_1	fpoA	1
GCA_001730085_1	fpoB	1
GCA_001730085_1	fpoC	3
GCA_001730085_1	fpoD	3
GCA_001730085_1	fpoH	3
GCA_001730085_1	fpoK	2
GCA_001730085_1	fpoN	3
GCA_001730085_1	frmA	3
GCA_001730085_1	glyA	3
GCA_001730085_1	gpmB	1
GCA_001730085_1	hxlA	1
GCA_001730085_1	hxlB	1
GCA_001730085_1	mdh-K00024	1
GCA_001730085_1	metF	3
GCA_001730085_1	mgsC	1
GCA_001730085_1	mtkA	1
GCA_001730085_1	narB	1
GCA_001730085_1	pfkA	1
GCA_001730085_1	pfp	3
GCA_001730085_1	pps	1
GCA_001730085_1	pqqF	1
GCA_001730085_1	rnfD	1
GCA_001730085_1	rnfE	1
GCA_001730085_1	rnfG	1
GCA_001730085_1	serA	2
GCA_001730085_1	serB	2
GCA_001730085_1	serC	1
GCA_001766825_1	acdA	4
GCA_001766825_1	acs	4
GCA_001766825_1	acsD	2
GCA_001766825_1	apgM	2
GCA_001766825_1	cdhA	2
GCA_001766825_1	cdhB	2
GCA_001766825_1	cdhC	2
GCA_001766825_1	cdhD	2
GCA_001766825_1	cdhE	2
GCA_001766825_1	cooS	2
GCA_001766825_1	echA	1
GCA_001766825_1	ehaQ	1
GCA_001766825_1	ehaR	1
GCA_001766825_1	eno	2
GCA_001766825_1	fae-hps	1
GCA_001766825_1	fdhA	1
GCA_001766825_1	fdhB	2
GCA_001766825_1	folA	2
GCA_001766825_1	fpoA	1
GCA_001766825_1	fpoB	1
GCA_001766825_1	fpoC	4
GCA_001766825_1	fpoD	1
GCA_001766825_1	fpoH	1
GCA_001766825_1	fpoJ	1
GCA_001766825_1	fpoK	1
GCA_001766825_1	fpoL	1
GCA_001766825_1	fpoM	1
GCA_001766825_1	fpoN	1
GCA_001766825_1	fqoA	1
GCA_001766825_1	fqoD	1
GCA_001766825_1	fqoF	2
GCA_001766825_1	fqoH	1
GCA_001766825_1	fqoJ	1
GCA_001766825_1	fqoK	1
GCA_001766825_1	fqoN	1
GCA_001766825_1	frhB	3
GCA_001766825_1	frhD	1
GCA_001766825_1	frmA	2
GCA_001766825_1	ftr	1
GCA_001766825_1	fwdB	2
GCA_001766825_1	fwdC	1
GCA_001766825_1	fwdG	2
GCA_001766825_1	glyA	3
GCA_001766825_1	hdrA2	8
GCA_001766825_1	hdrB1	2
GCA_001766825_1	hdrC2	2
GCA_001766825_1	hdrD	3
GCA_001766825_1	hxlA	1
GCA_001766825_1	hxlB	1
GCA_001766825_1	mch	1
GCA_001766825_1	mcl	2
GCA_001766825_1	mcrA	4
GCA_001766825_1	mcrB	4
GCA_001766825_1	mcrD	1
GCA_001766825_1	mcrG	4
GCA_001766825_1	mdh	1
GCA_001766825_1	mdh-K00024	1
GCA_001766825_1	mtaA	6
GCA_001766825_1	mtbA	2
GCA_001766825_1	mtbC	4
GCA_001766825_1	mtrA	2
GCA_001766825_1	mttC	1
GCA_001766825_1	mvhA	1
GCA_001766825_1	mvhD	3
GCA_001766825_1	narH	1
GCA_001766825_1	pfkB	1
GCA_001766825_1	pfkC	1
GCA_001766825_1	porA	2
GCA_001766825_1	porB	2
GCA_001766825_1	porD	2
GCA_001766825_1	porG	2
GCA_001766825_1	pps	1
GCA_001766825_1	pqqE	5
GCA_001766825_1	pta	2
GCA_001766825_1	rnfB	2
GCA_001766825_1	rnfC	2
GCA_001766825_1	serA	2
GCA_001766825_1	serB	1
GCA_001766825_1	torD	1
GCA_001766825_1	vhtG	1
GCA_001766825_1	vhuD	2
GCA_001771425_1	acdA	2
GCA_001771425_1	ackA	2
GCA_001771425_1	acs	2
GCA_001771425_1	apgM	1
GCA_001771425_1	cooF	1
GCA_001771425_1	cooS	1
GCA_001771425_1	echB	1
GCA_001771425_1	echE	1
GCA_001771425_1	eno	2
GCA_001771425_1	fbaA	2
GCA_001771425_1	fdhA	1
GCA_001771425_1	fghA	1
GCA_001771425_1	folA	6
GCA_001771425_1	fpoH	1
GCA_001771425_1	fpoL	1
GCA_001771425_1	frhD	1
GCA_001771425_1	frmA	2
GCA_001771425_1	glyA	4
GCA_001771425_1	gpmB	1
GCA_001771425_1	gpmI	1
GCA_001771425_1	hxlA	1
GCA_001771425_1	mbhJ	2
GCA_001771425_1	mbhL	1
GCA_001771425_1	mdh-K00024	1
GCA_001771425_1	metF	1
GCA_001771425_1	mgsC	2
GCA_001771425_1	mmoC	1
GCA_001771425_1	pfkA	1
GCA_001771425_1	pfkB	1
GCA_001771425_1	pfp	3
GCA_001771425_1	porA	2
GCA_001771425_1	porB	1
GCA_001771425_1	porD	1
GCA_001771425_1	porG	1
GCA_001771425_1	pps	1
GCA_001771425_1	pqqE	2
GCA_001771425_1	pta	2
GCA_001771425_1	rnfA	1
GCA_001771425_1	rnfB	5
GCA_001771425_1	rnfC	1
GCA_001771425_1	rnfD	1
GCA_001771425_1	rnfE	2
GCA_001771425_1	rnfG	1
GCA_001771425_1	serA	2
GCA_001771425_1	serB	2
GCA_001782795_1	acdA	4
GCA_001782795_1	ackA	1
GCA_001782795_1	acs	5
GCA_001782795_1	apgM	1
GCA_001782795_1	eno	2
GCA_001782795_1	fbaA	2
GCA_001782795_1	fbp	1
GCA_001782795_1	fdhA	1
GCA_001782795_1	fdhA-K00148	2
GCA_001782795_1	fdhB	2
GCA_001782795_1	fdhF	1
GCA_001782795_1	fdoG	1
GCA_001782795_1	fdwB	1
GCA_001782795_1	folA	4
GCA_001782795_1	fpoA	1
GCA_001782795_1	fpoB	3
GCA_001782795_1	fpoC	2
GCA_001782795_1	fpoD	2
GCA_001782795_1	fpoH	2
GCA_001782795_1	fpoJ	2
GCA_001782795_1	fpoK	2
GCA_001782795_1	fpoL	1
GCA_001782795_1	fpoM	3
GCA_001782795_1	fpoN	1
GCA_001782795_1	frhD	1
GCA_001782795_1	frmA	4
GCA_001782795_1	glpX	2
GCA_001782795_1	glyA	4
GCA_001782795_1	gpmB	3
GCA_001782795_1	mbhJ	1
GCA_001782795_1	mcl	1
GCA_001782795_1	mdh-K00024	1
GCA_001782795_1	mer	2
GCA_001782795_1	metF	1
GCA_001782795_1	mgsC	1
GCA_001782795_1	mmoC	2
GCA_001782795_1	mtkA	1
GCA_001782795_1	mtkB	1
GCA_001782795_1	mtrA	1
GCA_001782795_1	mxaC	1
GCA_001782795_1	mxaF	1
GCA_001782795_1	narB	3
GCA_001782795_1	narH	1
GCA_001782795_1	nrfA	1
GCA_001782795_1	nrfH	2
GCA_001782795_1	nxrA	1
GCA_001782795_1	pfp	4
GCA_001782795_1	porA	2
GCA_001782795_1	porB	2
GCA_001782795_1	porD	1
GCA_001782795_1	pps	2
GCA_001782795_1	pqqE	4
GCA_001782795_1	pqqF	1
GCA_001782795_1	pta	1
GCA_001782795_1	rnfB	1
GCA_001782795_1	rnfC	2
GCA_001782795_1	rnfG	1
GCA_001782795_1	serA	3
GCA_001782795_1	serB	1
GCA_001782795_1	thrH	1
GCA_001782795_1	vhcA	1
GCA_001782795_1	vhuG	1
GCA_001790675_1	acdA	6
GCA_001790675_1	acs	8
GCA_001790675_1	acsD	1
GCA_001790675_1	apgM	2
GCA_001790675_1	cooF	1
GCA_001790675_1	cooS	1
GCA_001790675_1	eno	5
GCA_001790675_1	fae-hps	1
GCA_001790675_1	fbaA	1
GCA_001790675_1	fbp	1
GCA_001790675_1	fdhA	2
GCA_001790675_1	fdhA-K00148	2
GCA_001790675_1	fdhB	2
GCA_001790675_1	fdhF	3
GCA_001790675_1	fdoH	2
GCA_001790675_1	fdoI	1
GCA_001790675_1	fdwB	2
GCA_001790675_1	folA	4
GCA_001790675_1	fpoA	2
GCA_001790675_1	fpoB	1
GCA_001790675_1	fpoC	1
GCA_001790675_1	fpoH	1
GCA_001790675_1	fpoJ	1
GCA_001790675_1	fpoM	2
GCA_001790675_1	fpoN	1
GCA_001790675_1	frmA	4
GCA_001790675_1	glyA	5
GCA_001790675_1	hdrA1	1
GCA_001790675_1	hdrA2	4
GCA_001790675_1	hdrB1	2
GCA_001790675_1	hdrB2	1
GCA_001790675_1	hdrC2	2
GCA_001790675_1	hdrD	4
GCA_001790675_1	hxlB	2
GCA_001790675_1	mcl	2
GCA_001790675_1	mdh-K00024	1
GCA_001790675_1	mer	1
GCA_001790675_1	metF	1
GCA_001790675_1	mgsC	1
GCA_001790675_1	mtkA	2
GCA_001790675_1	mtkB	3
GCA_001790675_1	mxaL	1
GCA_001790675_1	narB	1
GCA_001790675_1	narH	1
GCA_001790675_1	nrfA	1
GCA_001790675_1	nrfH	1
GCA_001790675_1	pfkA	2
GCA_001790675_1	pfp	3
GCA_001790675_1	porA	3
GCA_001790675_1	porB	4
GCA_001790675_1	porD	4
GCA_001790675_1	porG	2
GCA_001790675_1	ppc	1
GCA_001790675_1	pps	1
GCA_001790675_1	pqqE	6
GCA_001790675_1	pqqF	1
GCA_001790675_1	pta	3
GCA_001790675_1	rnfB	10
GCA_001790675_1	rnfC	1
GCA_001790675_1	serA	4
GCA_001790675_1	serB	1
GCA_001790675_1	torZ	1
GCA_001790675_1	vhuD	2
GCA_001797465_1	acs	9
GCA_001797465_1	acsD	1
GCA_001797465_1	apgM	1
GCA_001797465_1	cdhE	1
GCA_001797465_1	cooF	3
GCA_001797465_1	eno	2
GCA_001797465_1	fbaA	2
GCA_001797465_1	fbp	1
GCA_001797465_1	fdhA	1
GCA_001797465_1	fdhA-K00148	1
GCA_001797465_1	fdhB	1
GCA_001797465_1	fdhF	1
GCA_001797465_1	fdm	1
GCA_001797465_1	fdwB	1
GCA_001797465_1	folA	3
GCA_001797465_1	fpoA	1
GCA_001797465_1	fpoB	2
GCA_001797465_1	fpoD	1
GCA_001797465_1	fpoH	1
GCA_001797465_1	fpoM	1
GCA_001797465_1	fpoN	1
GCA_001797465_1	frhD	1
GCA_001797465_1	frmA	5
GCA_001797465_1	glpX	1
GCA_001797465_1	glyA	9
GCA_001797465_1	gpmB	1
GCA_001797465_1	gpmI	1
GCA_001797465_1	hdrA2	1
GCA_001797465_1	hdrB1	2
GCA_001797465_1	hdrB2	1
GCA_001797465_1	hdrC2	1
GCA_001797465_1	hdrD	1
GCA_001797465_1	hxlB	1
GCA_001797465_1	mauC	1
GCA_001797465_1	mbhJ	1
GCA_001797465_1	mdh-K00024	2
GCA_001797465_1	mgsC	1
GCA_001797465_1	mmoC	1
GCA_001797465_1	mtaA	1
GCA_001797465_1	mtkA	3
GCA_001797465_1	mtkB	4
GCA_001797465_1	mvhD	3
GCA_001797465_1	mxaF	1
GCA_001797465_1	narB	4
GCA_001797465_1	narG	2
GCA_001797465_1	narH	1
GCA_001797465_1	pfkA	1
GCA_001797465_1	pfp	4
GCA_001797465_1	porA	2
GCA_001797465_1	porB	1
GCA_001797465_1	porD	1
GCA_001797465_1	porG	2
GCA_001797465_1	pps	1
GCA_001797465_1	pqqE	5
GCA_001797465_1	pqqF	2
GCA_001797465_1	rnfA	1
GCA_001797465_1	rnfB	7
GCA_001797465_1	rnfC	2
GCA_001797465_1	rnfD	1
GCA_001797465_1	rnfE	3
GCA_001797465_1	rnfG	1
GCA_001797465_1	serA	3
GCA_001797465_1	serB	3
GCA_001797465_1	torC	1
GCA_001797465_1	torY	1
GCA_001797465_1	vhcA	1
GCA_001797465_1	vhcG	1
GCA_001799195_1	acdA	8
GCA_001799195_1	acdB	1
GCA_001799195_1	ackA	3
GCA_001799195_1	acs	5
GCA_001799195_1	cooF	3
GCA_001799195_1	eno	3
GCA_001799195_1	fbaA	3
GCA_001799195_1	fbp	1
GCA_001799195_1	fchA	1
GCA_001799195_1	fdhA	1
GCA_001799195_1	fdoH	1
GCA_001799195_1	fdwB	1
GCA_001799195_1	fghA	1
GCA_001799195_1	folA	3
GCA_001799195_1	fpoA	1
GCA_001799195_1	fpoB	5
GCA_001799195_1	fpoC	1
GCA_001799195_1	fpoH	1
GCA_001799195_1	fpoK	1
GCA_001799195_1	fpoL	1
GCA_001799195_1	fpoM	2
GCA_001799195_1	fpoN	1
GCA_001799195_1	frmA	1
GCA_001799195_1	glyA	8
GCA_001799195_1	gpmB	1
GCA_001799195_1	gpmI	3
GCA_001799195_1	hdrA1	1
GCA_001799195_1	hdrA2	2
GCA_001799195_1	hdrB2	1
GCA_001799195_1	hdrC2	1
GCA_001799195_1	hdrD	3
GCA_001799195_1	mauC	1
GCA_001799195_1	mauE	1
GCA_001799195_1	mbhJ	1
GCA_001799195_1	mcl	2
GCA_001799195_1	mdh	1
GCA_001799195_1	mdh-K00024	2
GCA_001799195_1	metF	1
GCA_001799195_1	mtkA	1
GCA_001799195_1	mtkB	1
GCA_001799195_1	mxaC	1
GCA_001799195_1	napH	1
GCA_001799195_1	nrfA	1
GCA_001799195_1	nrfH	1
GCA_001799195_1	pfp	3
GCA_001799195_1	porA	2
GCA_001799195_1	porB	1
GCA_001799195_1	porD	1
GCA_001799195_1	porG	1
GCA_001799195_1	pps	5
GCA_001799195_1	pqqA	1
GCA_001799195_1	pqqE	40
GCA_001799195_1	pqqF	2
GCA_001799195_1	pta	5
GCA_001799195_1	rnfA	1
GCA_001799195_1	rnfB	3
GCA_001799195_1	rnfC	3
GCA_001799195_1	rnfD	1
GCA_001799195_1	rnfE	1
GCA_001799195_1	rnfG	1
GCA_001799195_1	serA	4
GCA_001799195_1	serB	1
GCA_001799195_1	serC	1
GCA_001803565_1	acdA	24
GCA_001803565_1	ackA	1
GCA_001803565_1	acs	5
GCA_001803565_1	acsD	1
GCA_001803565_1	apgM	2
GCA_001803565_1	cdhA	1
GCA_001803565_1	cdhC	2
GCA_001803565_1	cooF	2
GCA_001803565_1	cooS	1
GCA_001803565_1	ehbH	2
GCA_001803565_1	eno	1
GCA_001803565_1	fbaA	2
GCA_001803565_1	fdhA	3
GCA_001803565_1	fdhA-K00148	1
GCA_001803565_1	fdhB	6
GCA_001803565_1	fdhF	4
GCA_001803565_1	fdm	1
GCA_001803565_1	fdoG	6
GCA_001803565_1	fdoH	2
GCA_001803565_1	fdwB	1
GCA_001803565_1	folA	4
GCA_001803565_1	fpoA	1
GCA_001803565_1	fpoD	1
GCA_001803565_1	fpoH	1
GCA_001803565_1	fpoI	1
GCA_001803565_1	fpoJ	1
GCA_001803565_1	fpoK	2
GCA_001803565_1	fpoL	4
GCA_001803565_1	fpoM	2
GCA_001803565_1	frmA	2
GCA_001803565_1	fwdB	1
GCA_001803565_1	fwdG	1
GCA_001803565_1	gck	1
GCA_001803565_1	glpX	1
GCA_001803565_1	glyA	3
GCA_001803565_1	gpmB	1
GCA_001803565_1	gpmI	2
GCA_001803565_1	hdrA1	2
GCA_001803565_1	hdrA2	4
GCA_001803565_1	hdrB2	1
GCA_001803565_1	hdrD	4
GCA_001803565_1	hprA	1
GCA_001803565_1	mcl	7
GCA_001803565_1	mdh-K00024	2
GCA_001803565_1	mgsC	2
GCA_001803565_1	mtbC	1
GCA_001803565_1	mtkA	1
GCA_001803565_1	mtkB	3
GCA_001803565_1	mttC	2
GCA_001803565_1	mvhD	1
GCA_001803565_1	narB	1
GCA_001803565_1	narG	4
GCA_001803565_1	narH	2
GCA_001803565_1	nxrA	3
GCA_001803565_1	pfp	3
GCA_001803565_1	porA	13
GCA_001803565_1	porB	5
GCA_001803565_1	porD	3
GCA_001803565_1	porG	10
GCA_001803565_1	pps	1
GCA_001803565_1	pqqA	1
GCA_001803565_1	pqqE	14
GCA_001803565_1	pta	8
GCA_001803565_1	rnfB	5
GCA_001803565_1	rnfC	1
GCA_001803565_1	rnfG	1
GCA_001803565_1	serA	5
GCA_001803565_1	serB	3
GCA_001803565_1	serC	1
GCA_001803565_1	torD	1
GCA_001871015_1	acdA	2
GCA_001871015_1	ackA	1
GCA_001871015_1	acs	2
GCA_001871015_1	acsC	2
GCA_001871015_1	acsD	2
GCA_001871015_1	apgM	1
GCA_001871015_1	cdhC	1
GCA_001871015_1	cooF	2
GCA_001871015_1	cooS	2
GCA_001871015_1	echC	1
GCA_001871015_1	echE	1
GCA_001871015_1	ehbI	1
GCA_001871015_1	eno	3
GCA_001871015_1	fae-hps	1
GCA_001871015_1	fbaA	5
GCA_001871015_1	fchA	1
GCA_001871015_1	fdhA	3
GCA_001871015_1	fdhA-K00148	3
GCA_001871015_1	fdoH	1
GCA_001871015_1	folA	6
GCA_001871015_1	fpoH	1
GCA_001871015_1	fpoI	1
GCA_001871015_1	fpoL	1
GCA_001871015_1	fpoM	1
GCA_001871015_1	fpoN	1
GCA_001871015_1	frhD	1
GCA_001871015_1	frmA	3
GCA_001871015_1	glyA	4
GCA_001871015_1	hprA	2
GCA_001871015_1	mbhL	1
GCA_001871015_1	mch	1
GCA_001871015_1	mdh-K00024	1
GCA_001871015_1	mgsC	1
GCA_001871015_1	mtaA	1
GCA_001871015_1	mtbC	2
GCA_001871015_1	pfkA	1
GCA_001871015_1	pfkB	1
GCA_001871015_1	pfp	4
GCA_001871015_1	porA	1
GCA_001871015_1	porB	1
GCA_001871015_1	porD	1
GCA_001871015_1	porG	1
GCA_001871015_1	pps	2
GCA_001871015_1	pqqD	1
GCA_001871015_1	pqqE	1
GCA_001871015_1	pqqF	2
GCA_001871015_1	pta	1
GCA_001871015_1	rnfA	1
GCA_001871015_1	rnfB	4
GCA_001871015_1	rnfC	2
GCA_001871015_1	rnfD	1
GCA_001871015_1	rnfE	2
GCA_001871015_1	rnfG	1
GCA_001871015_1	serA	3
GCA_001871015_1	serB	2
GCA_001871075_1	acdA	2
GCA_001871075_1	acs	2
GCA_001871075_1	acsC	2
GCA_001871075_1	acsD	2
GCA_001871075_1	amoB	1
GCA_001871075_1	apgM	1
GCA_001871075_1	cdhC	1
GCA_001871075_1	cdhE	1
GCA_001871075_1	cooF	3
GCA_001871075_1	cooS	1
GCA_001871075_1	echC	1
GCA_001871075_1	echE	1
GCA_001871075_1	ehbI	1
GCA_001871075_1	eno	2
GCA_001871075_1	fbaA	5
GCA_001871075_1	fchA	1
GCA_001871075_1	fdhA-K00148	5
GCA_001871075_1	fdm	3
GCA_001871075_1	fghA	1
GCA_001871075_1	folA	3
GCA_001871075_1	fpoH	1
GCA_001871075_1	fpoI	1
GCA_001871075_1	fpoL	2
GCA_001871075_1	frmA	3
GCA_001871075_1	glyA	2
GCA_001871075_1	gpmI	1
GCA_001871075_1	hmd	1
GCA_001871075_1	hxlA	1
GCA_001871075_1	mbhL	1
GCA_001871075_1	mgsC	2
GCA_001871075_1	mtaA	3
GCA_001871075_1	mtbA	1
GCA_001871075_1	mtbC	3
GCA_001871075_1	narB	2
GCA_001871075_1	pfkB	2
GCA_001871075_1	pfp	2
GCA_001871075_1	porA	1
GCA_001871075_1	porB	1
GCA_001871075_1	porD	1
GCA_001871075_1	porG	1
GCA_001871075_1	pps	1
GCA_001871075_1	pqqE	1
GCA_001871075_1	pqqF	2
GCA_001871075_1	pta	2
GCA_001871075_1	rnfA	1
GCA_001871075_1	rnfB	6
GCA_001871075_1	rnfC	3
GCA_001871075_1	rnfD	1
GCA_001871075_1	rnfE	1
GCA_001871075_1	rnfG	1
GCA_001871075_1	serA	2
GCA_001871075_1	serB	1
GCA_001872885_1	porD	1
GCA_001872885_1	pta	1
GCA_001901525_1	acdA	2
GCA_001901525_1	acs	2
GCA_001901525_1	cooF	1
GCA_001901525_1	eno	2
GCA_001901525_1	fae	1
GCA_001901525_1	fbaA	5
GCA_001901525_1	fbp	1
GCA_001901525_1	fchA	1
GCA_001901525_1	fdhB	2
GCA_001901525_1	fdoG	1
GCA_001901525_1	fdoI	1
GCA_001901525_1	fdwB	1
GCA_001901525_1	folA	8
GCA_001901525_1	fpoB	3
GCA_001901525_1	fpoJ	2
GCA_001901525_1	fpoK	2
GCA_001901525_1	frmA	2
GCA_001901525_1	ftr	2
GCA_001901525_1	fwdB	2
GCA_001901525_1	fwdC	2
GCA_001901525_1	gck	1
GCA_001901525_1	glpX	2
GCA_001901525_1	glyA	12
GCA_001901525_1	gpmI	1
GCA_001901525_1	hxlA	1
GCA_001901525_1	hxlB	1
GCA_001901525_1	mch	4
GCA_001901525_1	mdh-K00024	2
GCA_001901525_1	metF	1
GCA_001901525_1	mgsC	1
GCA_001901525_1	mmoC	1
GCA_001901525_1	mtaA	1
GCA_001901525_1	mtdA	1
GCA_001901525_1	mtdB	2
GCA_001901525_1	mtkA	2
GCA_001901525_1	mtkB	3
GCA_001901525_1	mxaC	1
GCA_001901525_1	mxaD	1
GCA_001901525_1	mxaF	1
GCA_001901525_1	narB	4
GCA_001901525_1	narG	2
GCA_001901525_1	narH	3
GCA_001901525_1	narZ	1
GCA_001901525_1	nirK	2
GCA_001901525_1	nirS	2
GCA_001901525_1	pfp	4
GCA_001901525_1	pmoA	1
GCA_001901525_1	pmoB	1
GCA_001901525_1	pmoC	1
GCA_001901525_1	porA	1
GCA_001901525_1	porD	1
GCA_001901525_1	pqqB	2
GCA_001901525_1	pqqC	1
GCA_001901525_1	pqqF	1
GCA_001901525_1	pta	5
GCA_001901525_1	rnfA	1
GCA_001901525_1	rnfB	1
GCA_001901525_1	rnfC	2
GCA_001901525_1	rnfD	1
GCA_001901525_1	rnfE	3
GCA_001901525_1	rnfG	1
GCA_001901525_1	serA	2
GCA_001901525_1	serB	4
GCA_001901525_1	serC	2
GCA_001901525_1	torA	1
GCA_001901525_1	xoxF5	1
GCA_002010385_1	acdA	2
GCA_002010385_1	acs	4
GCA_002010385_1	acsC	1
GCA_002010385_1	acsD	2
GCA_002010385_1	apgM	1
GCA_002010385_1	cdhC	1
GCA_002010385_1	cooF	1
GCA_002010385_1	cooS	1
GCA_002010385_1	ehbH	1
GCA_002010385_1	ehbI	1
GCA_002010385_1	eno	1
GCA_002010385_1	fae-hps	1
GCA_002010385_1	fbaA	1
GCA_002010385_1	fbp	1
GCA_002010385_1	fchA	1
GCA_002010385_1	fdhA	3
GCA_002010385_1	fdhA-K00148	1
GCA_002010385_1	fdm	1
GCA_002010385_1	folA	2
GCA_002010385_1	fpoH	1
GCA_002010385_1	fpoL	2
GCA_002010385_1	frhD	1
GCA_002010385_1	frmA	2
GCA_002010385_1	gck	1
GCA_002010385_1	glpX	1
GCA_002010385_1	glyA	4
GCA_002010385_1	hdrA2	1
GCA_002010385_1	hdrB2	1
GCA_002010385_1	mbhJ	1
GCA_002010385_1	mbhK	1
GCA_002010385_1	mbhL	1
GCA_002010385_1	mcl	1
GCA_002010385_1	mtkA	1
GCA_002010385_1	mtkB	1
GCA_002010385_1	mvhA	2
GCA_002010385_1	mvhD	1
GCA_002010385_1	mvhG	2
GCA_002010385_1	narB	1
GCA_002010385_1	pfkA	3
GCA_002010385_1	pfkB	3
GCA_002010385_1	pfp	5
GCA_002010385_1	porA	4
GCA_002010385_1	porB	2
GCA_002010385_1	porD	1
GCA_002010385_1	porG	3
GCA_002010385_1	pps	1
GCA_002010385_1	pqqB	1
GCA_002010385_1	pqqF	1
GCA_002010385_1	pta	2
GCA_002010385_1	rnfB	3
GCA_002010385_1	rnfC	1
GCA_002010385_1	rnfE	1
GCA_002010385_1	serA	4
GCA_002010385_1	serB	3
GCA_002010385_1	serC	1
GCA_002067565_1	acdA	1
GCA_002067565_1	acs	4
GCA_002067565_1	apgM	2
GCA_002067565_1	cdhE	1
GCA_002067565_1	cooF	1
GCA_002067565_1	ehbA	1
GCA_002067565_1	ehbB	1
GCA_002067565_1	ehbC	1
GCA_002067565_1	ehbL	1
GCA_002067565_1	ehbN	1
GCA_002067565_1	ehbO	1
GCA_002067565_1	ehbP	1
GCA_002067565_1	ehbQ	1
GCA_002067565_1	eno	1
GCA_002067565_1	fae	2
GCA_002067565_1	fae-hps	1
GCA_002067565_1	fbp	2
GCA_002067565_1	fdhA	5
GCA_002067565_1	fdhA-K00148	1
GCA_002067565_1	fdhB	4
GCA_002067565_1	fdoG	1
GCA_002067565_1	fdwE	1
GCA_002067565_1	folA	3
GCA_002067565_1	fpoC	2
GCA_002067565_1	frhA	1
GCA_002067565_1	frhB	1
GCA_002067565_1	frhD	2
GCA_002067565_1	frhG	1
GCA_002067565_1	frmA	2
GCA_002067565_1	fwdF	2
GCA_002067565_1	fwdG	2
GCA_002067565_1	fwdH	1
GCA_002067565_1	glyA	2
GCA_002067565_1	gpmI	1
GCA_002067565_1	hdrA2	4
GCA_002067565_1	hdrB1	1
GCA_002067565_1	hdrC1	1
GCA_002067565_1	hdrD	1
GCA_002067565_1	hmd	2
GCA_002067565_1	hprA	1
GCA_002067565_1	hxlA	2
GCA_002067565_1	hxlB	1
GCA_002067565_1	mbhJ	2
GCA_002067565_1	mch	2
GCA_002067565_1	mcrB	1
GCA_002067565_1	mcrD	3
GCA_002067565_1	mdh-K00024	1
GCA_002067565_1	mer	1
GCA_002067565_1	metF	1
GCA_002067565_1	mgsA	1
GCA_002067565_1	mtd	1
GCA_002067565_1	mtkB	2
GCA_002067565_1	mtrA	1
GCA_002067565_1	mtrC	1
GCA_002067565_1	mtrH	1
GCA_002067565_1	mvhA	1
GCA_002067565_1	mvhD	1
GCA_002067565_1	mvhG	1
GCA_002067565_1	narB	1
GCA_002067565_1	narH	1
GCA_002067565_1	pfkB	2
GCA_002067565_1	porA	3
GCA_002067565_1	porB	2
GCA_002067565_1	porD	1
GCA_002067565_1	porG	2
GCA_002067565_1	pps	3
GCA_002067565_1	pqqE	1
GCA_002067565_1	rnfB	1
GCA_002067565_1	serA	1
GCA_002067565_1	serB	1
GCA_002067565_1	serC	1
GCA_002067565_1	torA	2
GCA_002067565_1	vhcD	3
GCA_002083355_1	acdA	1
GCA_002083355_1	ackA	1
GCA_002083355_1	acs	9
GCA_002083355_1	acsD	1
GCA_002083355_1	amoA	1
GCA_002083355_1	amoB	1
GCA_002083355_1	apgM	1
GCA_002083355_1	eno	2
GCA_002083355_1	fbaA	1
GCA_002083355_1	fbaB	2
GCA_002083355_1	fbp	3
GCA_002083355_1	fdhA	3
GCA_002083355_1	fdhA-K00148	1
GCA_002083355_1	fdwB	5
GCA_002083355_1	folA	4
GCA_002083355_1	fpoA	2
GCA_002083355_1	fpoB	3
GCA_002083355_1	fpoC	1
GCA_002083355_1	fpoH	1
GCA_002083355_1	fpoJ	2
GCA_002083355_1	fpoK	1
GCA_002083355_1	fpoL	1
GCA_002083355_1	fpoM	2
GCA_002083355_1	frmA	3
GCA_002083355_1	gck	1
GCA_002083355_1	glpX	1
GCA_002083355_1	glyA	6
GCA_002083355_1	gpmI	1
GCA_002083355_1	hxlB	1
GCA_002083355_1	mauC	2
GCA_002083355_1	mdh-K00024	2
GCA_002083355_1	mgsC	1
GCA_002083355_1	mmoC	1
GCA_002083355_1	mtkA	2
GCA_002083355_1	narB	4
GCA_002083355_1	narH	3
GCA_002083355_1	nirK	1
GCA_002083355_1	nirS	1
GCA_002083355_1	nxrA	6
GCA_002083355_1	pfp	5
GCA_002083355_1	porA	2
GCA_002083355_1	porB	3
GCA_002083355_1	porG	2
GCA_002083355_1	pps	2
GCA_002083355_1	pqqE	3
GCA_002083355_1	pqqF	2
GCA_002083355_1	pta	1
GCA_002083355_1	rnfD	2
GCA_002083355_1	rnfE	1
GCA_002083355_1	rnfG	1
GCA_002083355_1	serA	3
GCA_002083355_1	serB	3
GCA_002083355_1	thrH	1
GCA_002083355_1	torY	1
GCA_002084765_1	acdA	4
GCA_002084765_1	ackA	3
GCA_002084765_1	acs	5
GCA_002084765_1	apgM	1
GCA_002084765_1	cooS	1
GCA_002084765_1	eno	3
GCA_002084765_1	fbaB	1
GCA_002084765_1	fchA	1
GCA_002084765_1	fdhB	1
GCA_002084765_1	fdhF	1
GCA_002084765_1	fdoH	2
GCA_002084765_1	fdwB	2
GCA_002084765_1	folA	2
GCA_002084765_1	fpoA	1
GCA_002084765_1	fpoB	1
GCA_002084765_1	fpoC	1
GCA_002084765_1	fpoH	1
GCA_002084765_1	fpoJ	1
GCA_002084765_1	fpoL	1
GCA_002084765_1	fpoM	1
GCA_002084765_1	fpoN	1
GCA_002084765_1	frmA	1
GCA_002084765_1	glyA	9
GCA_002084765_1	gpmB	1
GCA_002084765_1	gpmI	1
GCA_002084765_1	hxlB	1
GCA_002084765_1	mauC	1
GCA_002084765_1	mcl	1
GCA_002084765_1	mdh-K00024	2
GCA_002084765_1	mtkA	3
GCA_002084765_1	mtkB	2
GCA_002084765_1	mxaC	1
GCA_002084765_1	mxaF	1
GCA_002084765_1	napH	3
GCA_002084765_1	narB	2
GCA_002084765_1	nirK	1
GCA_002084765_1	pfkA	6
GCA_002084765_1	pfp	1
GCA_002084765_1	porA	3
GCA_002084765_1	porB	1
GCA_002084765_1	porD	1
GCA_002084765_1	porG	2
GCA_002084765_1	pps	2
GCA_002084765_1	pqqE	3
GCA_002084765_1	pta	5
GCA_002084765_1	rnfA	1
GCA_002084765_1	rnfB	4
GCA_002084765_1	rnfC	1
GCA_002084765_1	rnfD	1
GCA_002084765_1	rnfE	2
GCA_002084765_1	rnfG	1
GCA_002084765_1	serA	5
GCA_002084765_1	serB	2
GCA_002084765_1	serC	1
GCA_002084765_1	xoxF5	1
GCA_002254825_2	ackA	1
GCA_002254825_2	acs	1
GCA_002254825_2	acsD	1
GCA_002254825_2	cdhA	1
GCA_002254825_2	cdhB	1
GCA_002254825_2	cdhC	1
GCA_002254825_2	cdhD	2
GCA_002254825_2	cdhE	1
GCA_002254825_2	cooF	1
GCA_002254825_2	cooS	1
GCA_002254825_2	ehbA	1
GCA_002254825_2	ehbE	1
GCA_002254825_2	ehbH	1
GCA_002254825_2	ehbI	1
GCA_002254825_2	eno	2
GCA_002254825_2	fae-hps	1
GCA_002254825_2	fbaA	1
GCA_002254825_2	fdhB	1
GCA_002254825_2	fpoB	1
GCA_002254825_2	fpoC	3
GCA_002254825_2	fpoD	1
GCA_002254825_2	fpoF	1
GCA_002254825_2	fpoH	1
GCA_002254825_2	fpoJ	2
GCA_002254825_2	fpoK	1
GCA_002254825_2	fpoL	2
GCA_002254825_2	fpoM	2
GCA_002254825_2	fpoN	1
GCA_002254825_2	fpoO	1
GCA_002254825_2	frhB	6
GCA_002254825_2	frmA	1
GCA_002254825_2	fwdB	1
GCA_002254825_2	fwdC	1
GCA_002254825_2	glyA	1
GCA_002254825_2	gpmI	3
GCA_002254825_2	hdrA2	5
GCA_002254825_2	hdrB1	2
GCA_002254825_2	hdrC1	2
GCA_002254825_2	hdrC2	1
GCA_002254825_2	hdrD	2
GCA_002254825_2	mch	1
GCA_002254825_2	mcrA	1
GCA_002254825_2	mcrB	1
GCA_002254825_2	mcrC	1
GCA_002254825_2	mcrG	1
GCA_002254825_2	mer	3
GCA_002254825_2	mgsC	1
GCA_002254825_2	mtd	1
GCA_002254825_2	mtrA	1
GCA_002254825_2	mtrB	1
GCA_002254825_2	mtrC	1
GCA_002254825_2	mtrD	1
GCA_002254825_2	mtrE	1
GCA_002254825_2	mtrF	1
GCA_002254825_2	mtrG	1
GCA_002254825_2	mtrH	1
GCA_002254825_2	pfp	4
GCA_002254825_2	porG	1
GCA_002254825_2	pps	1
GCA_002254825_2	pqqE	5
GCA_002254825_2	rnfB	3
GCA_002254825_2	serA	2
GCA_002256465_1	acdA	1
GCA_002256465_1	acs	1
GCA_002256465_1	amoB	1
GCA_002256465_1	eno	1
GCA_002256465_1	fae	1
GCA_002256465_1	fbaA	5
GCA_002256465_1	fbp	1
GCA_002256465_1	fchA	1
GCA_002256465_1	fdhA	4
GCA_002256465_1	fdsD	1
GCA_002256465_1	folA	5
GCA_002256465_1	fpoB	2
GCA_002256465_1	fpoH	1
GCA_002256465_1	fpoK	1
GCA_002256465_1	fpoM	2
GCA_002256465_1	fpoN	1
GCA_002256465_1	frmA	2
GCA_002256465_1	fwdB	2
GCA_002256465_1	gck	1
GCA_002256465_1	glpX	1
GCA_002256465_1	glyA	6
GCA_002256465_1	gpmB	1
GCA_002256465_1	hdrA2	1
GCA_002256465_1	hxlB	1
GCA_002256465_1	mch	1
GCA_002256465_1	mcl	3
GCA_002256465_1	mdh-K00024	3
GCA_002256465_1	metF	3
GCA_002256465_1	mgsC	1
GCA_002256465_1	mtdA	1
GCA_002256465_1	mtdB	1
GCA_002256465_1	mtkA	2
GCA_002256465_1	mtkB	2
GCA_002256465_1	narB	4
GCA_002256465_1	narG	4
GCA_002256465_1	nirK	1
GCA_002256465_1	nirS	2
GCA_002256465_1	pfp	4
GCA_002256465_1	pmoA	2
GCA_002256465_1	pmoB	1
GCA_002256465_1	pmoC	3
GCA_002256465_1	pps	2
GCA_002256465_1	pqqB	1
GCA_002256465_1	pqqC	1
GCA_002256465_1	pqqD	1
GCA_002256465_1	pqqE	4
GCA_002256465_1	pqqF	1
GCA_002256465_1	pta	2
GCA_002256465_1	rnfA	1
GCA_002256465_1	rnfB	1
GCA_002256465_1	rnfC	1
GCA_002256465_1	rnfD	1
GCA_002256465_1	rnfE	1
GCA_002256465_1	rnfG	2
GCA_002256465_1	serA	3
GCA_002256465_1	serB	1
GCA_002256465_1	xoxF5	2
GCA_002320695_1	acdA	14
GCA_002320695_1	acdB	3
GCA_002320695_1	ackA	6
GCA_002320695_1	acs	8
GCA_002320695_1	cooF	1
GCA_002320695_1	dcmA	1
GCA_002320695_1	ehbA	1
GCA_002320695_1	ehbE	1
GCA_002320695_1	ehbH	2
GCA_002320695_1	eno	2
GCA_002320695_1	fbaA	3
GCA_002320695_1	fdhA	2
GCA_002320695_1	fdhA-K00148	1
GCA_002320695_1	fdhB	1
GCA_002320695_1	fdm	1
GCA_002320695_1	fdwB	1
GCA_002320695_1	fghA	2
GCA_002320695_1	folA	9
GCA_002320695_1	fpoB	3
GCA_002320695_1	fpoL	2
GCA_002320695_1	fpoN	1
GCA_002320695_1	frhA	1
GCA_002320695_1	frmA	4
GCA_002320695_1	gck	1
GCA_002320695_1	glyA	15
GCA_002320695_1	gpmB	1
GCA_002320695_1	gpmI	1
GCA_002320695_1	hdrA1	1
GCA_002320695_1	hdrA2	1
GCA_002320695_1	hdrD	1
GCA_002320695_1	hxlA	1
GCA_002320695_1	mauC	1
GCA_002320695_1	mcl	3
GCA_002320695_1	mdh	2
GCA_002320695_1	mdh-K00024	7
GCA_002320695_1	metF	4
GCA_002320695_1	mgsA	1
GCA_002320695_1	mgsC	1
GCA_002320695_1	mmoC	1
GCA_002320695_1	mtkA	3
GCA_002320695_1	mtkB	2
GCA_002320695_1	mvhG	1
GCA_002320695_1	narB	5
GCA_002320695_1	nirK	3
GCA_002320695_1	pfp	8
GCA_002320695_1	porA	1
GCA_002320695_1	porD	1
GCA_002320695_1	ppc	1
GCA_002320695_1	pps	1
GCA_002320695_1	pqqA	1
GCA_002320695_1	pqqD	1
GCA_002320695_1	pqqE	2
GCA_002320695_1	pqqF	2
GCA_002320695_1	pta	10
GCA_002320695_1	rnfD	1
GCA_002320695_1	rnfE	2
GCA_002320695_1	serA	8
GCA_002320695_1	serB	4
GCA_002320695_1	serC	1
GCA_002331625_1	acdA	5
GCA_002331625_1	ackA	2
GCA_002331625_1	acs	10
GCA_002331625_1	acsD	2
GCA_002331625_1	amoA	1
GCA_002331625_1	amoB	1
GCA_002331625_1	amoC	1
GCA_002331625_1	apgM	1
GCA_002331625_1	cooF	1
GCA_002331625_1	echB	1
GCA_002331625_1	eno	1
GCA_002331625_1	fbaA	1
GCA_002331625_1	fbaB	1
GCA_002331625_1	fbp	3
GCA_002331625_1	fdhA	3
GCA_002331625_1	fdhA-K00148	1
GCA_002331625_1	fdwB	3
GCA_002331625_1	folA	6
GCA_002331625_1	fpoA	1
GCA_002331625_1	fpoB	3
GCA_002331625_1	fpoC	1
GCA_002331625_1	fpoH	1
GCA_002331625_1	fpoJ	3
GCA_002331625_1	fpoK	1
GCA_002331625_1	fpoL	1
GCA_002331625_1	fpoM	3
GCA_002331625_1	frmA	4
GCA_002331625_1	gck	1
GCA_002331625_1	glpX	1
GCA_002331625_1	glyA	7
GCA_002331625_1	gpmB	2
GCA_002331625_1	gpmI	1
GCA_002331625_1	hdrD	1
GCA_002331625_1	mauC	2
GCA_002331625_1	mbhJ	1
GCA_002331625_1	mcl	1
GCA_002331625_1	mdh-K00024	2
GCA_002331625_1	metF	1
GCA_002331625_1	mgsC	1
GCA_002331625_1	mmoC	2
GCA_002331625_1	mtkB	2
GCA_002331625_1	narB	7
GCA_002331625_1	narH	1
GCA_002331625_1	nirK	2
GCA_002331625_1	nirS	1
GCA_002331625_1	nxrA	3
GCA_002331625_1	pfkA	1
GCA_002331625_1	pfp	6
GCA_002331625_1	porA	3
GCA_002331625_1	porB	4
GCA_002331625_1	porD	1
GCA_002331625_1	porG	4
GCA_002331625_1	pps	3
GCA_002331625_1	pqqA	1
GCA_002331625_1	pqqE	7
GCA_002331625_1	pqqF	2
GCA_002331625_1	pta	3
GCA_002331625_1	rnfD	3
GCA_002331625_1	rnfE	2
GCA_002331625_1	rnfG	1
GCA_002331625_1	serA	4
GCA_002331625_1	serB	2
GCA_002331625_1	thrH	1
GCA_002331625_1	torY	1
GCA_002331625_1	vhcA	1
GCA_002331625_1	vhcG	1
GCA_002331625_1	vhuA	1
GCA_002347965_1	acdA	11
GCA_002347965_1	acdB	1
GCA_002347965_1	acs	11
GCA_002347965_1	apgM	1
GCA_002347965_1	eno	2
GCA_002347965_1	fbaA	2
GCA_002347965_1	fdhF	2
GCA_002347965_1	fdoG	1
GCA_002347965_1	fdoI	1
GCA_002347965_1	fdwB	2
GCA_002347965_1	folA	3
GCA_002347965_1	fpoA	1
GCA_002347965_1	fpoB	1
GCA_002347965_1	fpoC	2
GCA_002347965_1	fpoD	2
GCA_002347965_1	fpoH	2
GCA_002347965_1	fpoI	2
GCA_002347965_1	fpoK	2
GCA_002347965_1	fpoL	1
GCA_002347965_1	fpoM	2
GCA_002347965_1	fpoN	1
GCA_002347965_1	frhA	1
GCA_002347965_1	frhD	1
GCA_002347965_1	frmA	4
GCA_002347965_1	gck	1
GCA_002347965_1	gfa	1
GCA_002347965_1	glpX	1
GCA_002347965_1	glyA	6
GCA_002347965_1	gpmB	1
GCA_002347965_1	hdrD	3
GCA_002347965_1	hprA	1
GCA_002347965_1	hxlB	1
GCA_002347965_1	mauC	1
GCA_002347965_1	mcl	3
GCA_002347965_1	mdh	2
GCA_002347965_1	mdh-K00024	1
GCA_002347965_1	mer	1
GCA_002347965_1	metF	1
GCA_002347965_1	mgsC	1
GCA_002347965_1	mtkA	1
GCA_002347965_1	nirK	2
GCA_002347965_1	pfkB	1
GCA_002347965_1	pfp	2
GCA_002347965_1	porA	2
GCA_002347965_1	ppc	1
GCA_002347965_1	pps	1
GCA_002347965_1	pta	5
GCA_002347965_1	rnfB	5
GCA_002347965_1	serA	6
GCA_002347965_1	serB	1
GCA_002347965_1	torA	2
GCA_002347965_1	torD	1
GCA_002382735_1	acdA	2
GCA_002382735_1	ackA	2
GCA_002382735_1	acs	1
GCA_002382735_1	apgM	1
GCA_002382735_1	cooS	1
GCA_002382735_1	eno	2
GCA_002382735_1	fchA	1
GCA_002382735_1	fdhA	3
GCA_002382735_1	fdhF	2
GCA_002382735_1	fdwB	3
GCA_002382735_1	folA	3
GCA_002382735_1	fpoB	1
GCA_002382735_1	frmA	2
GCA_002382735_1	glpX	1
GCA_002382735_1	glyA	3
GCA_002382735_1	gpmI	1
GCA_002382735_1	hdrD	1
GCA_002382735_1	hxlB	1
GCA_002382735_1	mauC	1
GCA_002382735_1	mcl	2
GCA_002382735_1	mdh-K00024	2
GCA_002382735_1	metF	1
GCA_002382735_1	mgsA	1
GCA_002382735_1	mtbC	1
GCA_002382735_1	mtkB	1
GCA_002382735_1	narB	1
GCA_002382735_1	pfkA	2
GCA_002382735_1	pfp	3
GCA_002382735_1	porA	2
GCA_002382735_1	porB	1
GCA_002382735_1	porG	1
GCA_002382735_1	pps	1
GCA_002382735_1	pqqE	2
GCA_002382735_1	psp	1
GCA_002382735_1	pta	4
GCA_002382735_1	rnfA	1
GCA_002382735_1	rnfB	1
GCA_002382735_1	rnfC	2
GCA_002382735_1	rnfG	1
GCA_002382735_1	serA	3
GCA_002382735_1	serB	2
GCA_002382735_1	serC	1
GCA_002398225_1	acdA	3
GCA_002398225_1	ackA	1
GCA_002398225_1	apgM	1
GCA_002398225_1	echA	1
GCA_002398225_1	echB	2
GCA_002398225_1	echC	1
GCA_002398225_1	echE	1
GCA_002398225_1	eno	3
GCA_002398225_1	fbaA	3
GCA_002398225_1	fdhA-K00148	2
GCA_002398225_1	folA	1
GCA_002398225_1	frmA	2
GCA_002398225_1	glyA	3
GCA_002398225_1	gpmI	2
GCA_002398225_1	hdrA2	1
GCA_002398225_1	hdrD	1
GCA_002398225_1	hprA	2
GCA_002398225_1	hxlA	1
GCA_002398225_1	mbhJ	1
GCA_002398225_1	mmoC	1
GCA_002398225_1	mtbC	3
GCA_002398225_1	mtsA	1
GCA_002398225_1	pfkA	2
GCA_002398225_1	pfkB	6
GCA_002398225_1	pfp	3
GCA_002398225_1	porA	2
GCA_002398225_1	porB	1
GCA_002398225_1	porD	1
GCA_002398225_1	porG	2
GCA_002398225_1	pps	2
GCA_002398225_1	pqqE	3
GCA_002398225_1	pqqF	1
GCA_002398225_1	pta	3
GCA_002398225_1	rnfA	1
GCA_002398225_1	rnfB	6
GCA_002398225_1	rnfC	1
GCA_002398225_1	rnfD	1
GCA_002398225_1	rnfE	2
GCA_002398225_1	rnfG	1
GCA_002398225_1	serA	3
GCA_002398225_1	serB	2
GCA_002398225_1	serC	1
GCA_002403115_1	acdA	2
GCA_002403115_1	ackA	3
GCA_002403115_1	acs	2
GCA_002403115_1	apgM	1
GCA_002403115_1	cooF	1
GCA_002403115_1	echB	1
GCA_002403115_1	echC	1
GCA_002403115_1	echE	1
GCA_002403115_1	eno	1
GCA_002403115_1	fbaA	3
GCA_002403115_1	fchA	1
GCA_002403115_1	fdhA	1
GCA_002403115_1	folA	3
GCA_002403115_1	fpoL	2
GCA_002403115_1	frhD	1
GCA_002403115_1	frmA	1
GCA_002403115_1	glyA	3
GCA_002403115_1	gpmB	2
GCA_002403115_1	hdrA2	4
GCA_002403115_1	hdrB2	1
GCA_002403115_1	hdrC1	1
GCA_002403115_1	hprA	1
GCA_002403115_1	hxlB	1
GCA_002403115_1	mbhK	1
GCA_002403115_1	mbhL	2
GCA_002403115_1	mcl	1
GCA_002403115_1	metF	2
GCA_002403115_1	mtkA	1
GCA_002403115_1	mtkB	1
GCA_002403115_1	mvhA	1
GCA_002403115_1	mvhG	1
GCA_002403115_1	mxaL	1
GCA_002403115_1	nirK	1
GCA_002403115_1	pfkA	2
GCA_002403115_1	pfkB	1
GCA_002403115_1	pfp	2
GCA_002403115_1	porA	3
GCA_002403115_1	porB	1
GCA_002403115_1	porD	1
GCA_002403115_1	porG	4
GCA_002403115_1	pps	3
GCA_002403115_1	pqqE	2
GCA_002403115_1	pqqF	2
GCA_002403115_1	pta	5
GCA_002403115_1	rnfB	4
GCA_002403115_1	rnfC	1
GCA_002403115_1	rnfE	1
GCA_002403115_1	serA	2
GCA_002403115_1	serB	2
GCA_002403115_1	serC	1
GCA_002403115_1	vhcD	1
GCA_002428525_1	acdA	2
GCA_002428525_1	ackA	1
GCA_002428525_1	acs	3
GCA_002428525_1	apgM	1
GCA_002428525_1	cooF	1
GCA_002428525_1	echE	1
GCA_002428525_1	ehbC	1
GCA_002428525_1	ehbI	1
GCA_002428525_1	eno	2
GCA_002428525_1	fae-hps	1
GCA_002428525_1	fbaA	2
GCA_002428525_1	fbaB	1
GCA_002428525_1	fchA	2
GCA_002428525_1	fdoH	1
GCA_002428525_1	fpoL	1
GCA_002428525_1	frhD	1
GCA_002428525_1	frmA	1
GCA_002428525_1	glyA	3
GCA_002428525_1	gpmB	2
GCA_002428525_1	gpmI	1
GCA_002428525_1	hxlB	1
GCA_002428525_1	mbhJ	2
GCA_002428525_1	mbhK	1
GCA_002428525_1	mcl	1
GCA_002428525_1	mdh-K00024	2
GCA_002428525_1	metF	1
GCA_002428525_1	mmoC	2
GCA_002428525_1	mtkA	1
GCA_002428525_1	mtkB	1
GCA_002428525_1	mxaC	1
GCA_002428525_1	napH	1
GCA_002428525_1	pfkB	1
GCA_002428525_1	pfp	2
GCA_002428525_1	porA	2
GCA_002428525_1	porD	1
GCA_002428525_1	porG	3
GCA_002428525_1	pps	2
GCA_002428525_1	pta	4
GCA_002428525_1	rnfA	1
GCA_002428525_1	rnfB	6
GCA_002428525_1	rnfC	1
GCA_002428525_1	rnfD	1
GCA_002428525_1	rnfE	2
GCA_002428525_1	rnfG	1
GCA_002428525_1	serA	3
GCA_002428525_1	serB	2
GCA_002441095_1	acdA	2
GCA_002441095_1	ackA	1
GCA_002441095_1	acs	3
GCA_002441095_1	acsD	1
GCA_002441095_1	apgM	2
GCA_002441095_1	eno	2
GCA_002441095_1	fbaA	1
GCA_002441095_1	folA	1
GCA_002441095_1	frmA	2
GCA_002441095_1	glyA	7
GCA_002441095_1	hxlB	2
GCA_002441095_1	mauC	1
GCA_002441095_1	mdh-K00024	1
GCA_002441095_1	mgsC	1
GCA_002441095_1	mmoC	1
GCA_002441095_1	mxaF	1
GCA_002441095_1	narB	2
GCA_002441095_1	pfkA	3
GCA_002441095_1	pfkB	1
GCA_002441095_1	pfp	2
GCA_002441095_1	porA	2
GCA_002441095_1	porB	1
GCA_002441095_1	porD	1
GCA_002441095_1	porG	3
GCA_002441095_1	pps	1
GCA_002441095_1	pqqE	3
GCA_002441095_1	pta	3
GCA_002441095_1	rnfA	1
GCA_002441095_1	rnfB	4
GCA_002441095_1	rnfC	2
GCA_002441095_1	rnfD	1
GCA_002441095_1	rnfE	2
GCA_002441095_1	rnfG	1
GCA_002441095_1	serA	1
GCA_002441095_1	serB	3
GCA_002441095_1	serC	2
GCA_002441095_1	vhcA	1
GCA_002441095_1	vhuG	1
GCA_002452335_1	acdA	1
GCA_002452335_1	ackA	1
GCA_002452335_1	acs	4
GCA_002452335_1	apgM	1
GCA_002452335_1	cooF	1
GCA_002452335_1	cooS	1
GCA_002452335_1	eno	3
GCA_002452335_1	fbaA	3
GCA_002452335_1	fbp	1
GCA_002452335_1	fdhA	3
GCA_002452335_1	fdhB	1
GCA_002452335_1	fdhF	1
GCA_002452335_1	fdoG	1
GCA_002452335_1	folA	6
GCA_002452335_1	fpoA	1
GCA_002452335_1	fpoB	1
GCA_002452335_1	fpoJ	1
GCA_002452335_1	fpoL	1
GCA_002452335_1	fpoM	1
GCA_002452335_1	fpoN	1
GCA_002452335_1	frhD	2
GCA_002452335_1	frmA	3
GCA_002452335_1	glyA	7
GCA_002452335_1	gpmI	2
GCA_002452335_1	hdrC2	1
GCA_002452335_1	hdrD	2
GCA_002452335_1	hprA	1
GCA_002452335_1	mauC	1
GCA_002452335_1	mcl	1
GCA_002452335_1	mdh-K00024	2
GCA_002452335_1	metF	1
GCA_002452335_1	mgsC	1
GCA_002452335_1	mmoC	1
GCA_002452335_1	mtbC	1
GCA_002452335_1	mtkA	1
GCA_002452335_1	mvhA	3
GCA_002452335_1	mvhD	1
GCA_002452335_1	mxaF	1
GCA_002452335_1	napH	1
GCA_002452335_1	narB	1
GCA_002452335_1	narH	1
GCA_002452335_1	nrfA	1
GCA_002452335_1	pfkA	3
GCA_002452335_1	pfkB	1
GCA_002452335_1	pfp	2
GCA_002452335_1	porA	1
GCA_002452335_1	porB	2
GCA_002452335_1	porD	3
GCA_002452335_1	porG	2
GCA_002452335_1	pps	1
GCA_002452335_1	pqqE	5
GCA_002452335_1	pqqF	2
GCA_002452335_1	psp	1
GCA_002452335_1	pta	6
GCA_002452335_1	rnfA	1
GCA_002452335_1	rnfB	11
GCA_002452335_1	rnfC	1
GCA_002452335_1	rnfD	2
GCA_002452335_1	rnfE	1
GCA_002452335_1	rnfG	1
GCA_002452335_1	serA	4
GCA_002452335_1	serB	3
GCA_002452335_1	serC	1
GCA_002452335_1	torD	2
GCA_002452335_1	vhcA	1
GCA_002452335_1	vhtG	3
GCA_002452335_1	vhuG	1
GCA_002632385_1	acdA	5
GCA_002632385_1	ackA	1
GCA_002632385_1	acs	6
GCA_002632385_1	apgM	1
GCA_002632385_1	cooF	1
GCA_002632385_1	echB	1
GCA_002632385_1	eno	4
GCA_002632385_1	fae	1
GCA_002632385_1	fbaA	2
GCA_002632385_1	fbaB	1
GCA_002632385_1	fbp	2
GCA_002632385_1	fdhA	1
GCA_002632385_1	fdhA-K00148	1
GCA_002632385_1	fdhB	1
GCA_002632385_1	fdhF	1
GCA_002632385_1	fdm	1
GCA_002632385_1	fdwB	1
GCA_002632385_1	folA	6
GCA_002632385_1	fpoA	2
GCA_002632385_1	fpoB	4
GCA_002632385_1	fpoC	2
GCA_002632385_1	fpoD	1
GCA_002632385_1	fpoH	2
GCA_002632385_1	fpoI	1
GCA_002632385_1	fpoJ	2
GCA_002632385_1	fpoK	2
GCA_002632385_1	fpoL	2
GCA_002632385_1	fpoM	3
GCA_002632385_1	fpoN	2
GCA_002632385_1	frmA	2
GCA_002632385_1	ftr	1
GCA_002632385_1	fwdB	3
GCA_002632385_1	fwdC	1
GCA_002632385_1	gck	1
GCA_002632385_1	glpX	4
GCA_002632385_1	glyA	7
GCA_002632385_1	gpmB	1
GCA_002632385_1	hdrD	2
GCA_002632385_1	hxlA	1
GCA_002632385_1	hxlB	1
GCA_002632385_1	mbhJ	1
GCA_002632385_1	mch	2
GCA_002632385_1	mcl	2
GCA_002632385_1	mdh-K00024	1
GCA_002632385_1	metF	2
GCA_002632385_1	mgsC	1
GCA_002632385_1	mtaA	1
GCA_002632385_1	mtdB	1
GCA_002632385_1	mtkA	1
GCA_002632385_1	mtkB	2
GCA_002632385_1	mxaF	2
GCA_002632385_1	mxaG	1
GCA_002632385_1	narB	3
GCA_002632385_1	narG	1
GCA_002632385_1	narH	2
GCA_002632385_1	narZ	1
GCA_002632385_1	nirK	2
GCA_002632385_1	nirS	2
GCA_002632385_1	nod	2
GCA_002632385_1	nxrA	1
GCA_002632385_1	pfp	5
GCA_002632385_1	pmoA	1
GCA_002632385_1	pmoB	1
GCA_002632385_1	pmoC	1
GCA_002632385_1	porA	2
GCA_002632385_1	porB	1
GCA_002632385_1	pps	2
GCA_002632385_1	pqqA	1
GCA_002632385_1	pqqE	3
GCA_002632385_1	pqqF	2
GCA_002632385_1	pta	2
GCA_002632385_1	rnfB	2
GCA_002632385_1	rnfE	2
GCA_002632385_1	rnfG	1
GCA_002632385_1	serA	3
GCA_002632385_1	serB	2
GCA_002839545_1	ackA	1
GCA_002839545_1	acs	1
GCA_002839545_1	acsD	1
GCA_002839545_1	apgM	1
GCA_002839545_1	cdhA	1
GCA_002839545_1	cdhB	1
GCA_002839545_1	cdhC	1
GCA_002839545_1	cdhD	1
GCA_002839545_1	cdhE	2
GCA_002839545_1	cooF	1
GCA_002839545_1	cooS	3
GCA_002839545_1	echB	1
GCA_002839545_1	ehbC	1
GCA_002839545_1	ehbE	1
GCA_002839545_1	ehbH	2
GCA_002839545_1	eno	3
GCA_002839545_1	fbaB	1
GCA_002839545_1	fbp	1
GCA_002839545_1	fdhA	1
GCA_002839545_1	fdhA-K00148	1
GCA_002839545_1	fdhB	2
GCA_002839545_1	fdoH	1
GCA_002839545_1	fdoI	1
GCA_002839545_1	folA	4
GCA_002839545_1	fpoB	3
GCA_002839545_1	fpoC	4
GCA_002839545_1	fpoD	1
GCA_002839545_1	fpoF	1
GCA_002839545_1	fpoH	1
GCA_002839545_1	fpoJ	2
GCA_002839545_1	fpoK	1
GCA_002839545_1	fpoL	3
GCA_002839545_1	fpoM	1
GCA_002839545_1	fpoN	2
GCA_002839545_1	fpoO	1
GCA_002839545_1	frhB	1
GCA_002839545_1	frhD	1
GCA_002839545_1	frmA	3
GCA_002839545_1	ftr	1
GCA_002839545_1	fwdB	3
GCA_002839545_1	fwdC	1
GCA_002839545_1	fwdG	2
GCA_002839545_1	glyA	2
GCA_002839545_1	gpmI	3
GCA_002839545_1	hdrA1	1
GCA_002839545_1	hdrA2	2
GCA_002839545_1	hdrB1	2
GCA_002839545_1	hdrC2	2
GCA_002839545_1	hdrD	3
GCA_002839545_1	hdrE	1
GCA_002839545_1	hxlA	2
GCA_002839545_1	hxlB	1
GCA_002839545_1	mauC	2
GCA_002839545_1	mbhJ	2
GCA_002839545_1	mch	1
GCA_002839545_1	mcrA	1
GCA_002839545_1	mcrB	1
GCA_002839545_1	mcrC	1
GCA_002839545_1	mcrD	1
GCA_002839545_1	mcrG	1
GCA_002839545_1	mdh-K00024	1
GCA_002839545_1	mer	1
GCA_002839545_1	mgsC	3
GCA_002839545_1	mtd	1
GCA_002839545_1	mtdB	1
GCA_002839545_1	mtkA	2
GCA_002839545_1	mtkB	1
GCA_002839545_1	mtrA	1
GCA_002839545_1	mtrB	1
GCA_002839545_1	mtrC	1
GCA_002839545_1	mtrD	1
GCA_002839545_1	mtrE	1
GCA_002839545_1	mtrF	1
GCA_002839545_1	mtrG	1
GCA_002839545_1	mtrH	1
GCA_002839545_1	mvhD	2
GCA_002839545_1	mxaF	1
GCA_002839545_1	nrfH	1
GCA_002839545_1	pfp	2
GCA_002839545_1	porA	3
GCA_002839545_1	porB	2
GCA_002839545_1	porD	3
GCA_002839545_1	porG	1
GCA_002839545_1	pps	2
GCA_002839545_1	pqqE	3
GCA_002839545_1	pta	2
GCA_002839545_1	rnfB	2
GCA_002839545_1	rnfC	1
GCA_002839545_1	serA	1
GCA_002839545_1	vhcA	1
GCA_002839545_1	vhtG	1
GCA_002869855_2	acdA	1
GCA_002869855_2	ackA	3
GCA_002869855_2	acs	11
GCA_002869855_2	acsD	1
GCA_002869855_2	apgM	1
GCA_002869855_2	eno	2
GCA_002869855_2	fbaA	1
GCA_002869855_2	fbaB	1
GCA_002869855_2	fbp	1
GCA_002869855_2	fdhA	3
GCA_002869855_2	fdhA-K00148	1
GCA_002869855_2	fdwB	1
GCA_002869855_2	folA	5
GCA_002869855_2	fpoA	1
GCA_002869855_2	fpoB	3
GCA_002869855_2	fpoC	1
GCA_002869855_2	fpoH	1
GCA_002869855_2	fpoJ	1
GCA_002869855_2	fpoL	2
GCA_002869855_2	fpoM	4
GCA_002869855_2	frmA	3
GCA_002869855_2	gck	1
GCA_002869855_2	glyA	7
GCA_002869855_2	gpmI	1
GCA_002869855_2	hdrB1	1
GCA_002869855_2	hdrD	1
GCA_002869855_2	hprA	1
GCA_002869855_2	hxlB	1
GCA_002869855_2	mauC	1
GCA_002869855_2	mauD	1
GCA_002869855_2	mdh-K00024	2
GCA_002869855_2	mmoC	1
GCA_002869855_2	mtkA	3
GCA_002869855_2	narB	2
GCA_002869855_2	narH	2
GCA_002869855_2	nirK	3
GCA_002869855_2	nrfH	1
GCA_002869855_2	nxrA	1
GCA_002869855_2	pfkA	1
GCA_002869855_2	pfkB	1
GCA_002869855_2	pfp	3
GCA_002869855_2	porA	3
GCA_002869855_2	porB	4
GCA_002869855_2	porG	2
GCA_002869855_2	pps	2
GCA_002869855_2	pqqA	1
GCA_002869855_2	pqqE	3
GCA_002869855_2	pqqF	2
GCA_002869855_2	pta	3
GCA_002869855_2	rnfD	1
GCA_002869855_2	rnfE	1
GCA_002869855_2	rnfG	1
GCA_002869855_2	serA	4
GCA_002869855_2	serB	2
GCA_002869855_2	serC	1
GCA_002869855_2	thrH	1
GCA_002869855_2	torD	1
GCA_002869855_2	torZ	1
GCA_002898315_1	acdA	11
GCA_002898315_1	acs	4
GCA_002898315_1	acsD	1
GCA_002898315_1	apgM	2
GCA_002898315_1	eno	2
GCA_002898315_1	fbaA	2
GCA_002898315_1	fbp	1
GCA_002898315_1	fdhA	1
GCA_002898315_1	fdhA-K00148	1
GCA_002898315_1	fdhB	2
GCA_002898315_1	fdhF	1
GCA_002898315_1	folA	6
GCA_002898315_1	fpoJ	1
GCA_002898315_1	fpoM	1
GCA_002898315_1	fpoN	1
GCA_002898315_1	frmA	2
GCA_002898315_1	glpX	1
GCA_002898315_1	glyA	4
GCA_002898315_1	hxlA	1
GCA_002898315_1	mauC	1
GCA_002898315_1	mcl	1
GCA_002898315_1	mdh	1
GCA_002898315_1	mdh-K00024	2
GCA_002898315_1	metF	1
GCA_002898315_1	mgsC	1
GCA_002898315_1	narB	1
GCA_002898315_1	nirS	1
GCA_002898315_1	pfkB	1
GCA_002898315_1	pfp	1
GCA_002898315_1	porA	2
GCA_002898315_1	porB	1
GCA_002898315_1	pps	1
GCA_002898315_1	pqqE	6
GCA_002898315_1	pqqF	1
GCA_002898315_1	pta	6
GCA_002898315_1	serA	2
GCA_002898315_1	serB	3
GCA_003104975_1	acdA	5
GCA_003104975_1	ackA	1
GCA_003104975_1	acs	12
GCA_003104975_1	apgM	1
GCA_003104975_1	cooF	1
GCA_003104975_1	echB	1
GCA_003104975_1	eno	4
GCA_003104975_1	fae	1
GCA_003104975_1	fbaA	2
GCA_003104975_1	fbaB	1
GCA_003104975_1	fbp	1
GCA_003104975_1	fdhA	2
GCA_003104975_1	fdhB	3
GCA_003104975_1	fdhF	2
GCA_003104975_1	fdoI	1
GCA_003104975_1	fdwB	2
GCA_003104975_1	fmdC	1
GCA_003104975_1	folA	5
GCA_003104975_1	fpoA	3
GCA_003104975_1	fpoB	5
GCA_003104975_1	fpoC	2
GCA_003104975_1	fpoD	1
GCA_003104975_1	fpoH	3
GCA_003104975_1	fpoI	1
GCA_003104975_1	fpoJ	2
GCA_003104975_1	fpoK	3
GCA_003104975_1	fpoL	3
GCA_003104975_1	fpoM	3
GCA_003104975_1	fpoN	3
GCA_003104975_1	frmA	3
GCA_003104975_1	ftr	1
GCA_003104975_1	fwdB	3
GCA_003104975_1	gck	1
GCA_003104975_1	glpX	3
GCA_003104975_1	glyA	5
GCA_003104975_1	gpmI	1
GCA_003104975_1	hdrD	2
GCA_003104975_1	hxlB	1
GCA_003104975_1	mauC	3
GCA_003104975_1	mbhJ	1
GCA_003104975_1	mch	2
GCA_003104975_1	mcl	2
GCA_003104975_1	mdh-K00024	1
GCA_003104975_1	metF	1
GCA_003104975_1	mgsC	1
GCA_003104975_1	mtdB	1
GCA_003104975_1	mtkA	1
GCA_003104975_1	mtkB	2
GCA_003104975_1	mxaF	2
GCA_003104975_1	mxaG	1
GCA_003104975_1	narB	3
GCA_003104975_1	narH	1
GCA_003104975_1	nirK	4
GCA_003104975_1	nirS	1
GCA_003104975_1	nod	1
GCA_003104975_1	nxrA	1
GCA_003104975_1	pfp	5
GCA_003104975_1	pmoA	1
GCA_003104975_1	pmoB	1
GCA_003104975_1	pmoC	1
GCA_003104975_1	porA	2
GCA_003104975_1	porB	1
GCA_003104975_1	pps	3
GCA_003104975_1	pqqA	1
GCA_003104975_1	pqqE	4
GCA_003104975_1	pqqF	1
GCA_003104975_1	pta	1
GCA_003104975_1	rnfB	2
GCA_003104975_1	rnfE	1
GCA_003104975_1	serA	4
GCA_003104975_1	serB	2
GCA_003104975_1	torZ	1
GCA_003153815_1	acs	3
GCA_003153815_1	apgM	1
GCA_003153815_1	cdhD	1
GCA_003153815_1	cdhE	2
GCA_003153815_1	cooF	2
GCA_003153815_1	ehaD	1
GCA_003153815_1	ehaE	1
GCA_003153815_1	ehaF	1
GCA_003153815_1	ehaG	1
GCA_003153815_1	ehaH	1
GCA_003153815_1	ehaI	1
GCA_003153815_1	ehaO	1
GCA_003153815_1	ehaP	1
GCA_003153815_1	ehaQ	1
GCA_003153815_1	ehaR	1
GCA_003153815_1	ehbA	1
GCA_003153815_1	ehbB	1
GCA_003153815_1	ehbD	1
GCA_003153815_1	ehbG	1
GCA_003153815_1	ehbH	1
GCA_003153815_1	ehbI	1
GCA_003153815_1	ehbJ	1
GCA_003153815_1	ehbK	1
GCA_003153815_1	ehbL	1
GCA_003153815_1	ehbN	2
GCA_003153815_1	ehbQ	1
GCA_003153815_1	eno	1
GCA_003153815_1	fae-hps	2
GCA_003153815_1	fbp	1
GCA_003153815_1	fdhA	2
GCA_003153815_1	folA	2
GCA_003153815_1	fpoB	1
GCA_003153815_1	fpoC	3
GCA_003153815_1	frhA	1
GCA_003153815_1	frhB	2
GCA_003153815_1	frhD	1
GCA_003153815_1	frhG	1
GCA_003153815_1	frmA	3
GCA_003153815_1	ftr	1
GCA_003153815_1	fwdF	1
GCA_003153815_1	fwdH	1
GCA_003153815_1	glyA	3
GCA_003153815_1	hdrA2	4
GCA_003153815_1	hdrB1	1
GCA_003153815_1	hdrC1	1
GCA_003153815_1	hxlB	1
GCA_003153815_1	mbhJ	1
GCA_003153815_1	mch	1
GCA_003153815_1	mcrB	1
GCA_003153815_1	mdh-K00024	2
GCA_003153815_1	metF	3
GCA_003153815_1	mgsA	1
GCA_003153815_1	mgsB	1
GCA_003153815_1	mgsC	3
GCA_003153815_1	mtaB	2
GCA_003153815_1	mtaC	1
GCA_003153815_1	mtd	1
GCA_003153815_1	mtkB	1
GCA_003153815_1	mtrA	2
GCA_003153815_1	mtrF	1
GCA_003153815_1	mtrG	1
GCA_003153815_1	mtrH	1
GCA_003153815_1	mvhA	1
GCA_003153815_1	mvhD	1
GCA_003153815_1	mvhG	1
GCA_003153815_1	narB	1
GCA_003153815_1	pfkB	1
GCA_003153815_1	porA	2
GCA_003153815_1	porB	1
GCA_003153815_1	porD	1
GCA_003153815_1	porG	1
GCA_003153815_1	pps	3
GCA_003153815_1	pqqE	2
GCA_003153815_1	pta	1
GCA_003153815_1	serA	1
GCA_003153815_1	serB	1
GCA_003153815_1	vhcG	1
GCA_003176995_1	acdA	2
GCA_003176995_1	acs	2
GCA_003176995_1	apgM	1
GCA_003176995_1	eno	1
GCA_003176995_1	fbaA	1
GCA_003176995_1	fdhA-K00148	1
GCA_003176995_1	folA	6
GCA_003176995_1	fpoA	1
GCA_003176995_1	fpoB	1
GCA_003176995_1	fpoC	7
GCA_003176995_1	fpoK	1
GCA_003176995_1	fpoL	1
GCA_003176995_1	fpoN	1
GCA_003176995_1	frmA	4
GCA_003176995_1	gck	1
GCA_003176995_1	glyA	6
GCA_003176995_1	gpmB	2
GCA_003176995_1	gpmI	1
GCA_003176995_1	hdrA2	1
GCA_003176995_1	hprA	1
GCA_003176995_1	mauC	10
GCA_003176995_1	mcl	2
GCA_003176995_1	mdh-K00024	2
GCA_003176995_1	mer	8
GCA_003176995_1	mtkA	1
GCA_003176995_1	mtkB	1
GCA_003176995_1	mtrA	1
GCA_003176995_1	mxaF	1
GCA_003176995_1	nirK	6
GCA_003176995_1	pfkB	1
GCA_003176995_1	pfp	1
GCA_003176995_1	porA	1
GCA_003176995_1	porB	1
GCA_003176995_1	pqqC	1
GCA_003176995_1	pqqE	1
GCA_003176995_1	pta	3
GCA_003176995_1	serA	5
GCA_003176995_1	xoxF5	1
GCA_003232385_1	ackA	2
GCA_003232385_1	acs	1
GCA_003232385_1	acsD	1
GCA_003232385_1	apgM	1
GCA_003232385_1	cooF	2
GCA_003232385_1	echB	1
GCA_003232385_1	eno	3
GCA_003232385_1	fbaA	2
GCA_003232385_1	fdhA	2
GCA_003232385_1	folA	4
GCA_003232385_1	fpoB	1
GCA_003232385_1	fpoK	1
GCA_003232385_1	fpoL	1
GCA_003232385_1	fpoM	2
GCA_003232385_1	frhD	1
GCA_003232385_1	frmA	2
GCA_003232385_1	glpX	1
GCA_003232385_1	glyA	4
GCA_003232385_1	gpmI	2
GCA_003232385_1	hdrA1	3
GCA_003232385_1	hdrA2	2
GCA_003232385_1	hdrB1	2
GCA_003232385_1	hdrB2	2
GCA_003232385_1	hdrC1	1
GCA_003232385_1	hdrC2	2
GCA_003232385_1	hdrD	1
GCA_003232385_1	hprA	1
GCA_003232385_1	hxlB	1
GCA_003232385_1	mauC	1
GCA_003232385_1	mbhJ	1
GCA_003232385_1	mdh-K00024	1
GCA_003232385_1	metF	1
GCA_003232385_1	mgsC	1
GCA_003232385_1	mtkA	1
GCA_003232385_1	mtkB	2
GCA_003232385_1	mvhA	1
GCA_003232385_1	mvhD	1
GCA_003232385_1	narB	1
GCA_003232385_1	pfkA	2
GCA_003232385_1	pfkB	1
GCA_003232385_1	pfp	2
GCA_003232385_1	porA	2
GCA_003232385_1	porB	2
GCA_003232385_1	porD	2
GCA_003232385_1	porG	2
GCA_003232385_1	pps	1
GCA_003232385_1	pqqB	1
GCA_003232385_1	pqqE	3
GCA_003232385_1	pqqF	1
GCA_003232385_1	pta	3
GCA_003232385_1	rnfB	3
GCA_003232385_1	rnfC	2
GCA_003232385_1	rnfE	1
GCA_003232385_1	serA	4
GCA_003232385_1	serB	2
GCA_003232385_1	torA	1
GCA_003232385_1	vhcD	1
GCA_003251955_1	acs	2
GCA_003251955_1	acsC	2
GCA_003251955_1	apgM	1
GCA_003251955_1	cdhA	1
GCA_003251955_1	cdhB	1
GCA_003251955_1	cdhC	3
GCA_003251955_1	cdhD	3
GCA_003251955_1	cdhE	2
GCA_003251955_1	cooF	1
GCA_003251955_1	cooS	1
GCA_003251955_1	echA	1
GCA_003251955_1	echB	1
GCA_003251955_1	echD	1
GCA_003251955_1	echE	1
GCA_003251955_1	ehbQ	2
GCA_003251955_1	eno	4
GCA_003251955_1	fae-hps	2
GCA_003251955_1	fbp	1
GCA_003251955_1	fdhA	3
GCA_003251955_1	fdhB	3
GCA_003251955_1	fdoH	1
GCA_003251955_1	folA	2
GCA_003251955_1	fpoC	2
GCA_003251955_1	fpoH	1
GCA_003251955_1	fpoM	1
GCA_003251955_1	frhA	2
GCA_003251955_1	frhB	1
GCA_003251955_1	frhD	3
GCA_003251955_1	frhG	2
GCA_003251955_1	fwdB	2
GCA_003251955_1	fwdC	2
GCA_003251955_1	fwdG	1
GCA_003251955_1	glyA	2
GCA_003251955_1	hdrA1	1
GCA_003251955_1	hdrA2	1
GCA_003251955_1	hdrB1	1
GCA_003251955_1	hdrB2	1
GCA_003251955_1	hdrC2	2
GCA_003251955_1	hdrD	2
GCA_003251955_1	hxlA	2
GCA_003251955_1	hxlB	2
GCA_003251955_1	mbhJ	2
GCA_003251955_1	mch	1
GCA_003251955_1	mcrA	2
GCA_003251955_1	mcrB	1
GCA_003251955_1	mcrC	1
GCA_003251955_1	mcrD	1
GCA_003251955_1	mcrG	2
GCA_003251955_1	mdh-K00024	4
GCA_003251955_1	mer	1
GCA_003251955_1	mtd	1
GCA_003251955_1	mtdB	1
GCA_003251955_1	mtkA	1
GCA_003251955_1	mtkB	1
GCA_003251955_1	mtrA	3
GCA_003251955_1	mtrB	1
GCA_003251955_1	mtrC	1
GCA_003251955_1	mtrD	1
GCA_003251955_1	mtrE	1
GCA_003251955_1	mtrF	1
GCA_003251955_1	mtrH	1
GCA_003251955_1	narH	1
GCA_003251955_1	pfkA	1
GCA_003251955_1	porA	4
GCA_003251955_1	porB	2
GCA_003251955_1	porD	1
GCA_003251955_1	porG	3
GCA_003251955_1	pps	3
GCA_003251955_1	pqqE	2
GCA_003251955_1	rnfB	7
GCA_003251955_1	rnfE	1
GCA_003251955_1	serA	3
GCA_003252515_1	acdA	3
GCA_003252515_1	acs	1
GCA_003252515_1	apgM	1
GCA_003252515_1	cooS	1
GCA_003252515_1	echB	1
GCA_003252515_1	ehbA	1
GCA_003252515_1	ehbC	1
GCA_003252515_1	ehbD	1
GCA_003252515_1	ehbE	1
GCA_003252515_1	eno	2
GCA_003252515_1	fbaA	1
GCA_003252515_1	fchA	1
GCA_003252515_1	fdhA	2
GCA_003252515_1	fdhB	2
GCA_003252515_1	fdhF	1
GCA_003252515_1	fpoB	2
GCA_003252515_1	fpoD	1
GCA_003252515_1	frmA	2
GCA_003252515_1	glpX	1
GCA_003252515_1	glyA	4
GCA_003252515_1	hdrA1	1
GCA_003252515_1	hdrA2	4
GCA_003252515_1	hdrB2	1
GCA_003252515_1	hdrC2	1
GCA_003252515_1	hprA	1
GCA_003252515_1	hxlB	1
GCA_003252515_1	mcl	2
GCA_003252515_1	mdh	1
GCA_003252515_1	mdh-K00024	2
GCA_003252515_1	metF	1
GCA_003252515_1	mmoC	1
GCA_003252515_1	mtbC	1
GCA_003252515_1	mtkB	3
GCA_003252515_1	mvhD	2
GCA_003252515_1	pfkA	2
GCA_003252515_1	pfkB	1
GCA_003252515_1	pfp	4
GCA_003252515_1	porA	2
GCA_003252515_1	porD	1
GCA_003252515_1	porG	2
GCA_003252515_1	pps	2
GCA_003252515_1	pta	5
GCA_003252515_1	rnfA	1
GCA_003252515_1	rnfB	6
GCA_003252515_1	rnfD	2
GCA_003252515_1	rnfE	1
GCA_003252515_1	rnfG	1
GCA_003252515_1	serA	3
GCA_003252515_1	serB	2
GCA_003252515_1	serC	1
GCA_003252515_1	vhcD	1
GCA_003266065_1	acdA	1
GCA_003266065_1	acs	4
GCA_003266065_1	apgM	2
GCA_003266065_1	ehaR	1
GCA_003266065_1	ehbC	1
GCA_003266065_1	ehbD	1
GCA_003266065_1	ehbE	1
GCA_003266065_1	ehbF	2
GCA_003266065_1	ehbG	1
GCA_003266065_1	ehbH	1
GCA_003266065_1	ehbN	2
GCA_003266065_1	ehbO	1
GCA_003266065_1	ehbP	1
GCA_003266065_1	ehbQ	1
GCA_003266065_1	eno	2
GCA_003266065_1	fae-hps	2
GCA_003266065_1	fbp	1
GCA_003266065_1	fdhA	1
GCA_003266065_1	fdhB	1
GCA_003266065_1	fpoC	1
GCA_003266065_1	frhA	1
GCA_003266065_1	frhB	2
GCA_003266065_1	frhD	3
GCA_003266065_1	frhG	1
GCA_003266065_1	frmA	4
GCA_003266065_1	ftr	3
GCA_003266065_1	fwdB	2
GCA_003266065_1	fwdC	1
GCA_003266065_1	fwdG	1
GCA_003266065_1	glyA	3
GCA_003266065_1	hdrA2	2
GCA_003266065_1	hdrB1	1
GCA_003266065_1	hdrB2	2
GCA_003266065_1	hdrC1	1
GCA_003266065_1	hdrD	2
GCA_003266065_1	hxlB	2
GCA_003266065_1	mch	1
GCA_003266065_1	mcrA	1
GCA_003266065_1	mcrB	1
GCA_003266065_1	mcrC	1
GCA_003266065_1	mdh-K00024	4
GCA_003266065_1	mer	2
GCA_003266065_1	mgsA	1
GCA_003266065_1	mtaA	2
GCA_003266065_1	mtaB	1
GCA_003266065_1	mtd	1
GCA_003266065_1	mtkA	1
GCA_003266065_1	mtrA	2
GCA_003266065_1	mtrB	1
GCA_003266065_1	mtrC	1
GCA_003266065_1	mtrD	1
GCA_003266065_1	mtrE	1
GCA_003266065_1	mtrF	1
GCA_003266065_1	mtrG	1
GCA_003266065_1	mtrH	1
GCA_003266065_1	mvhA	2
GCA_003266065_1	mvhG	2
GCA_003266065_1	narB	1
GCA_003266065_1	pfkB	1
GCA_003266065_1	pfp	2
GCA_003266065_1	porA	2
GCA_003266065_1	porB	1
GCA_003266065_1	porD	2
GCA_003266065_1	porG	2
GCA_003266065_1	pps	1
GCA_003266065_1	pqqE	2
GCA_003266065_1	serA	3
GCA_003266065_1	serB	1
GCA_003266065_1	vhcD	2
GCA_003327425_1	acdA	5
GCA_003327425_1	ackA	5
GCA_003327425_1	acs	5
GCA_003327425_1	cooF	3
GCA_003327425_1	echB	1
GCA_003327425_1	ehbE	1
GCA_003327425_1	eno	4
GCA_003327425_1	fbaA	2
GCA_003327425_1	fchA	1
GCA_003327425_1	fdhA	1
GCA_003327425_1	fdm	1
GCA_003327425_1	fdoH	1
GCA_003327425_1	fdwB	1
GCA_003327425_1	folA	2
GCA_003327425_1	fpoB	1
GCA_003327425_1	fpoM	3
GCA_003327425_1	frmA	2
GCA_003327425_1	gck	1
GCA_003327425_1	glyA	6
GCA_003327425_1	gpmB	1
GCA_003327425_1	gpmI	2
GCA_003327425_1	hdrA2	1
GCA_003327425_1	hxlB	2
GCA_003327425_1	mauC	1
GCA_003327425_1	mbhJ	1
GCA_003327425_1	mdh	1
GCA_003327425_1	mdh-K00024	2
GCA_003327425_1	mgsA	1
GCA_003327425_1	mmoC	2
GCA_003327425_1	mtbC	2
GCA_003327425_1	mtkA	2
GCA_003327425_1	mtkB	1
GCA_003327425_1	mxaL	1
GCA_003327425_1	napH	3
GCA_003327425_1	pfkA	3
GCA_003327425_1	pfkB	1
GCA_003327425_1	pfp	4
GCA_003327425_1	porA	3
GCA_003327425_1	porB	2
GCA_003327425_1	porD	3
GCA_003327425_1	porG	2
GCA_003327425_1	pps	5
GCA_003327425_1	pqqE	9
GCA_003327425_1	pqqF	2
GCA_003327425_1	pta	7
GCA_003327425_1	rnfA	1
GCA_003327425_1	rnfB	6
GCA_003327425_1	rnfC	2
GCA_003327425_1	rnfD	3
GCA_003327425_1	rnfE	3
GCA_003327425_1	rnfG	2
GCA_003327425_1	serA	5
GCA_003327425_1	serB	2
GCA_003327425_1	serC	1
GCA_003505155_1	acs	1
GCA_003505155_1	echB	1
GCA_003505155_1	eno	1
GCA_003505155_1	folA	3
GCA_003505155_1	fpoM	1
GCA_003505155_1	frmA	1
GCA_003505155_1	glpX	1
GCA_003505155_1	glyA	1
GCA_003505155_1	gpmI	1
GCA_003505155_1	mbhJ	1
GCA_003505155_1	mdh-K00024	1
GCA_003505155_1	pfkB	1
GCA_003505155_1	pfp	1
GCA_003505155_1	pps	3
GCA_003505155_1	pqqE	1
GCA_003505155_1	pqqF	1
GCA_003505155_1	pta	2
GCA_003505155_1	rnfE	1
GCA_003505155_1	serA	1
GCA_003505155_1	serB	1
GCA_003558335_1	acs	3
GCA_003558335_1	apgM	1
GCA_003558335_1	cooF	2
GCA_003558335_1	cooS	2
GCA_003558335_1	ehbA	1
GCA_003558335_1	ehbB	1
GCA_003558335_1	ehbC	1
GCA_003558335_1	ehbD	1
GCA_003558335_1	ehbE	1
GCA_003558335_1	ehbF	1
GCA_003558335_1	ehbI	1
GCA_003558335_1	ehbK	2
GCA_003558335_1	ehbL	1
GCA_003558335_1	ehbO	1
GCA_003558335_1	ehbP	1
GCA_003558335_1	eno	3
GCA_003558335_1	fbp	1
GCA_003558335_1	folA	2
GCA_003558335_1	fpoC	2
GCA_003558335_1	frhB	1
GCA_003558335_1	frmA	3
GCA_003558335_1	glyA	1
GCA_003558335_1	hdrA2	1
GCA_003558335_1	hdrC2	1
GCA_003558335_1	hdrD	1
GCA_003558335_1	hxlA	2
GCA_003558335_1	hxlB	1
GCA_003558335_1	mbhJ	2
GCA_003558335_1	mcl	2
GCA_003558335_1	mcrA	1
GCA_003558335_1	mcrB	1
GCA_003558335_1	mcrC	1
GCA_003558335_1	mcrD	1
GCA_003558335_1	mcrG	1
GCA_003558335_1	mdh-K00024	1
GCA_003558335_1	mmoC	1
GCA_003558335_1	mtaA	3
GCA_003558335_1	mtsA	2
GCA_003558335_1	mtsB	1
GCA_003558335_1	mttC	1
GCA_003558335_1	mvhA	1
GCA_003558335_1	mvhD	1
GCA_003558335_1	mvhG	1
GCA_003558335_1	narB	2
GCA_003558335_1	narH	1
GCA_003558335_1	porA	2
GCA_003558335_1	porB	1
GCA_003558335_1	porD	1
GCA_003558335_1	porG	3
GCA_003558335_1	pps	2
GCA_003558335_1	pqqE	3
GCA_003558335_1	pta	1
GCA_003558335_1	rnfB	2
GCA_003558335_1	serA	1
GCA_003558335_1	serB	1
GCA_003558985_1	ackA	1
GCA_003558985_1	acs	3
GCA_003558985_1	apgM	1
GCA_003558985_1	eno	2
GCA_003558985_1	fbaA	3
GCA_003558985_1	fbp	1
GCA_003558985_1	fchA	1
GCA_003558985_1	fpoM	1
GCA_003558985_1	frmA	2
GCA_003558985_1	glyA	2
GCA_003558985_1	hdrD	1
GCA_003558985_1	mauC	1
GCA_003558985_1	mcl	1
GCA_003558985_1	mdh	1
GCA_003558985_1	metF	2
GCA_003558985_1	mmoC	1
GCA_003558985_1	mtbC	1
GCA_003558985_1	mtkB	1
GCA_003558985_1	mttB	1
GCA_003558985_1	mxaK	1
GCA_003558985_1	narB	1
GCA_003558985_1	pfkB	1
GCA_003558985_1	pfp	2
GCA_003558985_1	porA	3
GCA_003558985_1	porB	1
GCA_003558985_1	porG	3
GCA_003558985_1	pps	2
GCA_003558985_1	pqqB	1
GCA_003558985_1	pqqE	6
GCA_003558985_1	pqqF	1
GCA_003558985_1	psp	1
GCA_003558985_1	pta	3
GCA_003558985_1	rnfA	1
GCA_003558985_1	rnfB	4
GCA_003558985_1	rnfC	1
GCA_003558985_1	rnfD	1
GCA_003558985_1	rnfE	1
GCA_003558985_1	rnfG	1
GCA_003558985_1	serA	4
GCA_003558985_1	serB	2
GCA_003558985_1	serC	1
GCA_003598085_1	acdA	20
GCA_003598085_1	acdB	1
GCA_003598085_1	ackA	1
GCA_003598085_1	acs	21
GCA_003598085_1	acsC	1
GCA_003598085_1	acsD	3
GCA_003598085_1	apgM	4
GCA_003598085_1	cdhC	2
GCA_003598085_1	cooF	5
GCA_003598085_1	cooS	4
GCA_003598085_1	ehbA	1
GCA_003598085_1	ehbE	1
GCA_003598085_1	eno	2
GCA_003598085_1	fbaA	4
GCA_003598085_1	fdhA	7
GCA_003598085_1	fdhA-K00148	7
GCA_003598085_1	fdhB	5
GCA_003598085_1	fdhF	1
GCA_003598085_1	fdm	2
GCA_003598085_1	fdoG	2
GCA_003598085_1	fdoH	3
GCA_003598085_1	fdoI	2
GCA_003598085_1	fdwB	1
GCA_003598085_1	folA	9
GCA_003598085_1	fpoA	2
GCA_003598085_1	fpoB	1
GCA_003598085_1	fpoC	1
GCA_003598085_1	fpoH	2
GCA_003598085_1	fpoJ	1
GCA_003598085_1	fpoK	1
GCA_003598085_1	fpoL	3
GCA_003598085_1	fpoM	2
GCA_003598085_1	frhB	1
GCA_003598085_1	frmA	3
GCA_003598085_1	fwdG	1
GCA_003598085_1	gck	1
GCA_003598085_1	glyA	7
GCA_003598085_1	gpmB	1
GCA_003598085_1	gpmI	2
GCA_003598085_1	hdrA1	4
GCA_003598085_1	hdrA2	7
GCA_003598085_1	hdrB1	1
GCA_003598085_1	hdrB2	1
GCA_003598085_1	hdrC1	1
GCA_003598085_1	hdrC2	1
GCA_003598085_1	hdrD	10
GCA_003598085_1	hprA	1
GCA_003598085_1	hxlA	1
GCA_003598085_1	hxlB	1
GCA_003598085_1	mauC	1
GCA_003598085_1	mcl	2
GCA_003598085_1	mdh	1
GCA_003598085_1	mdh-K00024	3
GCA_003598085_1	metF	2
GCA_003598085_1	mgsC	2
GCA_003598085_1	mtaA	5
GCA_003598085_1	mtbC	7
GCA_003598085_1	mtkA	1
GCA_003598085_1	mtkB	8
GCA_003598085_1	mtrH	1
GCA_003598085_1	mtsA	1
GCA_003598085_1	mttB	1
GCA_003598085_1	mvhD	1
GCA_003598085_1	mxaF	1
GCA_003598085_1	narB	3
GCA_003598085_1	narG	5
GCA_003598085_1	narH	3
GCA_003598085_1	nirK	2
GCA_003598085_1	nxrA	1
GCA_003598085_1	pfkB	1
GCA_003598085_1	pfp	4
GCA_003598085_1	porA	7
GCA_003598085_1	porB	4
GCA_003598085_1	porD	2
GCA_003598085_1	porG	6
GCA_003598085_1	pps	4
GCA_003598085_1	pqqA	1
GCA_003598085_1	pqqE	11
GCA_003598085_1	pqqF	1
GCA_003598085_1	pta	7
GCA_003598085_1	rnfA	1
GCA_003598085_1	rnfB	6
GCA_003598085_1	rnfC	4
GCA_003598085_1	rnfD	1
GCA_003598085_1	rnfE	2
GCA_003598085_1	rnfG	1
GCA_003598085_1	serA	5
GCA_003598085_1	serB	3
GCA_003598085_1	torD	1
GCA_003598085_1	vhcD	1
GCA_003598085_1	vhuD	3
GCA_003647755_1	acdA	3
GCA_003647755_1	ackA	1
GCA_003647755_1	acs	2
GCA_003647755_1	amoB	1
GCA_003647755_1	apgM	2
GCA_003647755_1	cdhE	1
GCA_003647755_1	cooS	1
GCA_003647755_1	eno	4
GCA_003647755_1	fbaA	2
GCA_003647755_1	fchA	1
GCA_003647755_1	fdhA	1
GCA_003647755_1	folA	1
GCA_003647755_1	fpoD	2
GCA_003647755_1	frmA	1
GCA_003647755_1	gck	1
GCA_003647755_1	glyA	3
GCA_003647755_1	gpmI	1
GCA_003647755_1	hdrD	1
GCA_003647755_1	hmd	1
GCA_003647755_1	hxlA	1
GCA_003647755_1	hxlB	1
GCA_003647755_1	mauE	1
GCA_003647755_1	mdh-K00024	1
GCA_003647755_1	mtbC	1
GCA_003647755_1	mtkA	1
GCA_003647755_1	mtkB	1
GCA_003647755_1	narB	2
GCA_003647755_1	pfkB	2
GCA_003647755_1	pfp	1
GCA_003647755_1	porA	1
GCA_003647755_1	porB	1
GCA_003647755_1	porD	1
GCA_003647755_1	porG	1
GCA_003647755_1	pps	2
GCA_003647755_1	pqqE	9
GCA_003647755_1	pqqF	2
GCA_003647755_1	pta	5
GCA_003647755_1	rnfB	4
GCA_003647755_1	rnfC	1
GCA_003647755_1	rnfE	2
GCA_003647755_1	serA	4
GCA_003647755_1	serB	2
GCA_003695725_1	acdA	6
GCA_003695725_1	acs	9
GCA_003695725_1	acsC	1
GCA_003695725_1	acsD	1
GCA_003695725_1	apgM	2
GCA_003695725_1	cooF	3
GCA_003695725_1	cooS	1
GCA_003695725_1	ehaQ	1
GCA_003695725_1	eno	5
GCA_003695725_1	fae-hps	1
GCA_003695725_1	fbaA	2
GCA_003695725_1	fbp	1
GCA_003695725_1	fdhA	3
GCA_003695725_1	fdhA-K00148	2
GCA_003695725_1	fdhB	1
GCA_003695725_1	fdhF	2
GCA_003695725_1	fdm	1
GCA_003695725_1	fdoI	2
GCA_003695725_1	fdwB	3
GCA_003695725_1	fdwE	1
GCA_003695725_1	folA	3
GCA_003695725_1	fpoA	1
GCA_003695725_1	fpoC	1
GCA_003695725_1	fpoH	2
GCA_003695725_1	fpoI	1
GCA_003695725_1	fpoJ	2
GCA_003695725_1	fpoK	1
GCA_003695725_1	fpoL	1
GCA_003695725_1	fpoM	1
GCA_003695725_1	fpoN	2
GCA_003695725_1	frhB	2
GCA_003695725_1	frmA	3
GCA_003695725_1	fwdG	1
GCA_003695725_1	gfa	1
GCA_003695725_1	glpX	1
GCA_003695725_1	glyA	4
GCA_003695725_1	gpmB	1
GCA_003695725_1	gpmI	3
GCA_003695725_1	hdrA1	1
GCA_003695725_1	hdrA2	5
GCA_003695725_1	hdrB2	3
GCA_003695725_1	hdrC2	2
GCA_003695725_1	hdrD	6
GCA_003695725_1	mcl	3
GCA_003695725_1	mdh-K00024	1
GCA_003695725_1	mgsC	1
GCA_003695725_1	mmoC	1
GCA_003695725_1	mtbC	2
GCA_003695725_1	mtkA	2
GCA_003695725_1	mtkB	1
GCA_003695725_1	mxaC	1
GCA_003695725_1	narB	4
GCA_003695725_1	narH	1
GCA_003695725_1	nirS	1
GCA_003695725_1	pfkA	1
GCA_003695725_1	pfp	2
GCA_003695725_1	porA	3
GCA_003695725_1	porB	4
GCA_003695725_1	porD	5
GCA_003695725_1	porG	3
GCA_003695725_1	ppc	1
GCA_003695725_1	pps	2
GCA_003695725_1	pqqE	12
GCA_003695725_1	pqqF	2
GCA_003695725_1	pta	4
GCA_003695725_1	rnfB	6
GCA_003695725_1	rnfC	1
GCA_003695725_1	rnfE	1
GCA_003695725_1	serA	4
GCA_003695725_1	serB	3
GCA_003695725_1	vhuD	2
GCA_004028775_1	acs	3
GCA_004028775_1	acsD	1
GCA_004028775_1	apgM	2
GCA_004028775_1	cooF	2
GCA_004028775_1	cooS	1
GCA_004028775_1	echC	1
GCA_004028775_1	echE	1
GCA_004028775_1	ehbA	2
GCA_004028775_1	ehbB	1
GCA_004028775_1	ehbD	2
GCA_004028775_1	ehbE	2
GCA_004028775_1	ehbF	1
GCA_004028775_1	ehbH	1
GCA_004028775_1	ehbI	1
GCA_004028775_1	ehbK	1
GCA_004028775_1	ehbL	1
GCA_004028775_1	ehbM	1
GCA_004028775_1	ehbN	1
GCA_004028775_1	ehbO	1
GCA_004028775_1	ehbP	1
GCA_004028775_1	eno	2
GCA_004028775_1	fbaA	1
GCA_004028775_1	fbp	1
GCA_004028775_1	fdhA-K00148	1
GCA_004028775_1	folA	4
GCA_004028775_1	fpoC	2
GCA_004028775_1	fpoH	2
GCA_004028775_1	fpoK	1
GCA_004028775_1	fpoL	2
GCA_004028775_1	fpoN	2
GCA_004028775_1	fqoM	1
GCA_004028775_1	frhB	1
GCA_004028775_1	frhD	1
GCA_004028775_1	frmA	1
GCA_004028775_1	glpX	1
GCA_004028775_1	glyA	3
GCA_004028775_1	hdrB2	1
GCA_004028775_1	hdrD	3
GCA_004028775_1	hprA	1
GCA_004028775_1	hxlB	1
GCA_004028775_1	mbhJ	2
GCA_004028775_1	mbhK	1
GCA_004028775_1	mbhL	1
GCA_004028775_1	mcrA	1
GCA_004028775_1	mcrB	1
GCA_004028775_1	mcrC	1
GCA_004028775_1	mcrD	1
GCA_004028775_1	mcrG	1
GCA_004028775_1	mdh-K00024	1
GCA_004028775_1	mgsA	1
GCA_004028775_1	mmoC	1
GCA_004028775_1	mtaA	2
GCA_004028775_1	mtaB	1
GCA_004028775_1	mtaC	1
GCA_004028775_1	mtbC	3
GCA_004028775_1	mtkA	1
GCA_004028775_1	mtkB	1
GCA_004028775_1	mtmB	2
GCA_004028775_1	mtrH	1
GCA_004028775_1	mvhG	1
GCA_004028775_1	napH	1
GCA_004028775_1	narB	2
GCA_004028775_1	pfkB	2
GCA_004028775_1	pfp	1
GCA_004028775_1	porA	3
GCA_004028775_1	porB	2
GCA_004028775_1	porD	2
GCA_004028775_1	porG	3
GCA_004028775_1	pps	1
GCA_004028775_1	pqqE	5
GCA_004028775_1	rnfB	3
GCA_004028775_1	rnfC	1
GCA_004028775_1	serA	1
GCA_004028775_1	serB	2
GCA_004028775_1	vhcA	1
GCA_004212095_1	ackA	1
GCA_004212095_1	acs	1
GCA_004212095_1	cdhA	1
GCA_004212095_1	cdhB	1
GCA_004212095_1	cdhC	1
GCA_004212095_1	cdhD	1
GCA_004212095_1	cdhE	1
GCA_004212095_1	ehbA	1
GCA_004212095_1	ehbH	1
GCA_004212095_1	eno	2
GCA_004212095_1	fae-hps	1
GCA_004212095_1	fbaB	1
GCA_004212095_1	fbp	1
GCA_004212095_1	fdhA	1
GCA_004212095_1	fdhB	1
GCA_004212095_1	folA	2
GCA_004212095_1	fpoB	2
GCA_004212095_1	fpoC	3
GCA_004212095_1	fpoF	1
GCA_004212095_1	fpoH	1
GCA_004212095_1	fpoI	1
GCA_004212095_1	fpoJ	2
GCA_004212095_1	fpoK	1
GCA_004212095_1	fpoL	2
GCA_004212095_1	fpoM	1
GCA_004212095_1	fpoN	1
GCA_004212095_1	fpoO	1
GCA_004212095_1	fqoF	1
GCA_004212095_1	frhB	2
GCA_004212095_1	frmA	2
GCA_004212095_1	ftr	1
GCA_004212095_1	fwdB	1
GCA_004212095_1	fwdC	1
GCA_004212095_1	glyA	2
GCA_004212095_1	gpmI	1
GCA_004212095_1	hdrA2	1
GCA_004212095_1	hdrB1	1
GCA_004212095_1	hdrC2	2
GCA_004212095_1	hdrD	2
GCA_004212095_1	hdrE	1
GCA_004212095_1	hxlB	1
GCA_004212095_1	mch	1
GCA_004212095_1	mcrA	1
GCA_004212095_1	mcrB	1
GCA_004212095_1	mcrC	1
GCA_004212095_1	mcrG	1
GCA_004212095_1	mdh-K00024	1
GCA_004212095_1	mer	1
GCA_004212095_1	mtd	1
GCA_004212095_1	mtrA	1
GCA_004212095_1	mtrB	1
GCA_004212095_1	mtrC	1
GCA_004212095_1	mtrD	1
GCA_004212095_1	mtrE	1
GCA_004212095_1	mtrF	1
GCA_004212095_1	mtrG	1
GCA_004212095_1	mtrH	1
GCA_004212095_1	mvhD	1
GCA_004212095_1	narB	1
GCA_004212095_1	narH	1
GCA_004212095_1	pfkC	1
GCA_004212095_1	pfp	1
GCA_004212095_1	porA	1
GCA_004212095_1	porB	1
GCA_004212095_1	porD	2
GCA_004212095_1	porG	1
GCA_004212095_1	pps	1
GCA_004212095_1	pqqE	6
GCA_004212095_1	pta	1
GCA_004212095_1	rnfB	3
GCA_004212095_1	serA	1
GCA_004212095_1	serB	1
GCA_008015635_1	acdA	2
GCA_008015635_1	acs	4
GCA_008015635_1	amoC	6
GCA_008015635_1	apgM	1
GCA_008015635_1	dcmR	1
GCA_008015635_1	eno	4
GCA_008015635_1	fbaA	3
GCA_008015635_1	fbaB	1
GCA_008015635_1	fdhF	1
GCA_008015635_1	fdwB	2
GCA_008015635_1	fghA	1
GCA_008015635_1	folA	5
GCA_008015635_1	fpoB	1
GCA_008015635_1	fpoD	1
GCA_008015635_1	fpoJ	2
GCA_008015635_1	fpoK	2
GCA_008015635_1	fpoL	3
GCA_008015635_1	fpoM	4
GCA_008015635_1	frhG	1
GCA_008015635_1	frmA	3
GCA_008015635_1	gck	1
GCA_008015635_1	glpX	1
GCA_008015635_1	glyA	17
GCA_008015635_1	gpmB	5
GCA_008015635_1	gpmI	1
GCA_008015635_1	hdrA2	1
GCA_008015635_1	hdrD	1
GCA_008015635_1	hprA	1
GCA_008015635_1	mauC	1
GCA_008015635_1	mcl	1
GCA_008015635_1	mdh	1
GCA_008015635_1	mdh-K00024	1
GCA_008015635_1	metF	2
GCA_008015635_1	mtaA	1
GCA_008015635_1	mtkA	2
GCA_008015635_1	mtkB	2
GCA_008015635_1	nirK	3
GCA_008015635_1	pfp	5
GCA_008015635_1	ppc	1
GCA_008015635_1	pps	1
GCA_008015635_1	pqqC	1
GCA_008015635_1	pta	1
GCA_008015635_1	rnfB	1
GCA_008015635_1	rnfE	2
GCA_008015635_1	serA	2
GCA_008015635_1	serB	5
GCA_008015635_1	serC	1
GCA_008015635_1	tmm	1
GCA_008015635_1	torC	1
GCA_008015635_1	torY	3
GCA_008933615_1	acdA	8
GCA_008933615_1	ackA	2
GCA_008933615_1	acs	5
GCA_008933615_1	apgM	1
GCA_008933615_1	cooF	4
GCA_008933615_1	eno	3
GCA_008933615_1	fbaB	1
GCA_008933615_1	fbp	1
GCA_008933615_1	fchA	1
GCA_008933615_1	fdhB	1
GCA_008933615_1	fdhF	2
GCA_008933615_1	fdoG	1
GCA_008933615_1	fdoH	2
GCA_008933615_1	fdoI	1
GCA_008933615_1	folA	2
GCA_008933615_1	fpoB	2
GCA_008933615_1	fpoC	2
GCA_008933615_1	fpoH	2
GCA_008933615_1	fpoJ	2
GCA_008933615_1	fpoK	1
GCA_008933615_1	fpoL	1
GCA_008933615_1	fpoM	1
GCA_008933615_1	frhA	1
GCA_008933615_1	frhD	1
GCA_008933615_1	frmA	3
GCA_008933615_1	gck	1
GCA_008933615_1	glpX	1
GCA_008933615_1	glyA	4
GCA_008933615_1	gpmB	1
GCA_008933615_1	gpmI	1
GCA_008933615_1	hdrA1	1
GCA_008933615_1	hdrB2	1
GCA_008933615_1	hdrC2	1
GCA_008933615_1	hxlB	1
GCA_008933615_1	mcl	2
GCA_008933615_1	mdh	1
GCA_008933615_1	mdh-K00024	3
GCA_008933615_1	metF	2
GCA_008933615_1	mtaA	1
GCA_008933615_1	mtbC	4
GCA_008933615_1	mtkB	2
GCA_008933615_1	mvhA	2
GCA_008933615_1	mvhD	2
GCA_008933615_1	mvhG	1
GCA_008933615_1	mxaG	1
GCA_008933615_1	mxaL	1
GCA_008933615_1	narB	1
GCA_008933615_1	nrfA	1
GCA_008933615_1	nrfH	1
GCA_008933615_1	pfkA	2
GCA_008933615_1	pfp	2
GCA_008933615_1	porA	3
GCA_008933615_1	porB	1
GCA_008933615_1	pps	2
GCA_008933615_1	pqqB	1
GCA_008933615_1	pqqF	1
GCA_008933615_1	pta	4
GCA_008933615_1	rnfA	1
GCA_008933615_1	rnfB	2
GCA_008933615_1	rnfC	2
GCA_008933615_1	rnfD	1
GCA_008933615_1	rnfE	2
GCA_008933615_1	rnfG	1
GCA_008933615_1	serA	4
GCA_008933615_1	serB	2
GCA_008933615_1	serC	1
GCA_008933615_1	vhcG	1
GCA_009649835_1	ackA	1
GCA_009649835_1	acs	2
GCA_009649835_1	acsD	1
GCA_009649835_1	apgM	1
GCA_009649835_1	cdhA	1
GCA_009649835_1	cdhB	1
GCA_009649835_1	cdhC	1
GCA_009649835_1	cdhD	2
GCA_009649835_1	cdhE	2
GCA_009649835_1	cooF	1
GCA_009649835_1	cooS	1
GCA_009649835_1	cytC	1
GCA_009649835_1	ehaQ	1
GCA_009649835_1	ehbE	1
GCA_009649835_1	ehbH	1
GCA_009649835_1	ehbI	1
GCA_009649835_1	eno	2
GCA_009649835_1	fae-hps	1
GCA_009649835_1	fbaA	1
GCA_009649835_1	fbp	1
GCA_009649835_1	fdhA	1
GCA_009649835_1	fdhB	1
GCA_009649835_1	fdoI	1
GCA_009649835_1	folA	3
GCA_009649835_1	fpoA	1
GCA_009649835_1	fpoB	1
GCA_009649835_1	fpoC	5
GCA_009649835_1	fpoD	1
GCA_009649835_1	fpoF	1
GCA_009649835_1	fpoH	1
GCA_009649835_1	fpoI	1
GCA_009649835_1	fpoJ	2
GCA_009649835_1	fpoK	1
GCA_009649835_1	fpoL	3
GCA_009649835_1	fpoN	1
GCA_009649835_1	frhB	2
GCA_009649835_1	frmA	2
GCA_009649835_1	ftr	2
GCA_009649835_1	fwdB	3
GCA_009649835_1	fwdG	2
GCA_009649835_1	glyA	2
GCA_009649835_1	gpmI	2
GCA_009649835_1	hdrA2	4
GCA_009649835_1	hdrB1	1
GCA_009649835_1	hdrC1	1
GCA_009649835_1	hdrC2	1
GCA_009649835_1	hdrD	4
GCA_009649835_1	hdrE	1
GCA_009649835_1	hxlB	1
GCA_009649835_1	mch	1
GCA_009649835_1	mcrA	1
GCA_009649835_1	mcrB	1
GCA_009649835_1	mcrC	1
GCA_009649835_1	mcrD	1
GCA_009649835_1	mcrG	1
GCA_009649835_1	mdh-K00024	1
GCA_009649835_1	mer	1
GCA_009649835_1	mgsC	2
GCA_009649835_1	mtd	1
GCA_009649835_1	mtkA	1
GCA_009649835_1	mtkB	3
GCA_009649835_1	mtrA	3
GCA_009649835_1	mtrB	1
GCA_009649835_1	mtrC	1
GCA_009649835_1	mtrD	1
GCA_009649835_1	mtrE	1
GCA_009649835_1	mtrF	1
GCA_009649835_1	mtrG	1
GCA_009649835_1	mtrH	2
GCA_009649835_1	mvhD	2
GCA_009649835_1	narB	1
GCA_009649835_1	pfkB	1
GCA_009649835_1	pfp	2
GCA_009649835_1	porA	4
GCA_009649835_1	porB	4
GCA_009649835_1	porD	2
GCA_009649835_1	porG	3
GCA_009649835_1	pps	1
GCA_009649835_1	pqqE	6
GCA_009649835_1	pta	3
GCA_009649835_1	rnfA	1
GCA_009649835_1	rnfB	4
GCA_009649835_1	rnfC	2
GCA_009649835_1	rnfD	1
GCA_009649835_1	rnfE	2
GCA_009649835_1	rnfG	1
GCA_009649835_1	serA	3
GCA_009780795_1	acs	2
GCA_009780795_1	acsC	1
GCA_009780795_1	acsD	1
GCA_009780795_1	apgM	2
GCA_009780795_1	cdhC	2
GCA_009780795_1	cooS	1
GCA_009780795_1	eno	1
GCA_009780795_1	folA	1
GCA_009780795_1	fpoC	3
GCA_009780795_1	fpoD	1
GCA_009780795_1	fpoK	1
GCA_009780795_1	fpoL	1
GCA_009780795_1	fpoM	1
GCA_009780795_1	fpoN	1
GCA_009780795_1	glyA	1
GCA_009780795_1	hdrA2	2
GCA_009780795_1	hdrB2	2
GCA_009780795_1	hdrC2	2
GCA_009780795_1	hdrD	3
GCA_009780795_1	hxlA	1
GCA_009780795_1	hxlB	1
GCA_009780795_1	mcrA	2
GCA_009780795_1	mcrB	1
GCA_009780795_1	mcrC	1
GCA_009780795_1	mcrD	1
GCA_009780795_1	mcrG	1
GCA_009780795_1	mdh-K00024	1
GCA_009780795_1	mtaA	1
GCA_009780795_1	mtaB	1
GCA_009780795_1	mtaC	1
GCA_009780795_1	mtbC	3
GCA_009780795_1	mtkB	1
GCA_009780795_1	mtmB	4
GCA_009780795_1	mttC	1
GCA_009780795_1	mvhA	1
GCA_009780795_1	mvhG	1
GCA_009780795_1	pfp	1
GCA_009780795_1	porA	2
GCA_009780795_1	porB	1
GCA_009780795_1	porD	1
GCA_009780795_1	porG	1
GCA_009780795_1	ppc	1
GCA_009780795_1	pps	1
GCA_009780795_1	pqqE	2
GCA_009780795_1	pqqF	1
GCA_009780795_1	pta	4
GCA_009780795_1	rnfB	2
GCA_009780795_1	serA	2
GCA_009780795_1	serB	3
GCA_011045915_1	ackA	2
GCA_011045915_1	acs	5
GCA_011045915_1	cooS	1
GCA_011045915_1	ehbA	1
GCA_011045915_1	ehbC	1
GCA_011045915_1	ehbE	1
GCA_011045915_1	ehbF	1
GCA_011045915_1	ehbI	1
GCA_011045915_1	eno	2
GCA_011045915_1	fbaA	2
GCA_011045915_1	fchA	1
GCA_011045915_1	fdhA	2
GCA_011045915_1	fdhA-K00148	2
GCA_011045915_1	fdm	3
GCA_011045915_1	folA	4
GCA_011045915_1	fpoD	1
GCA_011045915_1	fpoH	2
GCA_011045915_1	fpoL	2
GCA_011045915_1	frmA	2
GCA_011045915_1	gck	1
GCA_011045915_1	gfa	3
GCA_011045915_1	glpX	1
GCA_011045915_1	glyA	6
GCA_011045915_1	gpmB	1
GCA_011045915_1	gpmI	1
GCA_011045915_1	hxlA	1
GCA_011045915_1	hxlB	2
GCA_011045915_1	mcl	1
GCA_011045915_1	mdh	2
GCA_011045915_1	mdh-K00024	2
GCA_011045915_1	metF	1
GCA_011045915_1	mmoC	1
GCA_011045915_1	mtaA	1
GCA_011045915_1	mtbC	5
GCA_011045915_1	mttC	1
GCA_011045915_1	napH	2
GCA_011045915_1	narB	3
GCA_011045915_1	pfkA	1
GCA_011045915_1	pfkB	7
GCA_011045915_1	pfp	4
GCA_011045915_1	porA	2
GCA_011045915_1	porB	1
GCA_011045915_1	porG	2
GCA_011045915_1	pps	1
GCA_011045915_1	pqqE	2
GCA_011045915_1	pqqF	1
GCA_011045915_1	pta	6
GCA_011045915_1	rnfA	1
GCA_011045915_1	rnfB	6
GCA_011045915_1	rnfC	1
GCA_011045915_1	rnfD	4
GCA_011045915_1	rnfE	2
GCA_011045915_1	serA	6
GCA_011045915_1	serB	1
GCA_011048995_1	acdA	2
GCA_011048995_1	ackA	1
GCA_011048995_1	acs	2
GCA_011048995_1	cooF	1
GCA_011048995_1	cooS	1
GCA_011048995_1	eno	2
GCA_011048995_1	fbaA	2
GCA_011048995_1	fchA	1
GCA_011048995_1	folA	1
GCA_011048995_1	fpoB	1
GCA_011048995_1	frmA	1
GCA_011048995_1	gck	2
GCA_011048995_1	glyA	4
GCA_011048995_1	gpmI	2
GCA_011048995_1	hprA	1
GCA_011048995_1	hxlB	1
GCA_011048995_1	mcl	1
GCA_011048995_1	mdh	1
GCA_011048995_1	mdh-K00024	1
GCA_011048995_1	metF	2
GCA_011048995_1	mmoC	2
GCA_011048995_1	mtbC	1
GCA_011048995_1	mtkA	1
GCA_011048995_1	mtkB	1
GCA_011048995_1	pfkA	1
GCA_011048995_1	pfp	2
GCA_011048995_1	porA	3
GCA_011048995_1	porB	1
GCA_011048995_1	porG	2
GCA_011048995_1	pps	1
GCA_011048995_1	pqqE	3
GCA_011048995_1	pqqF	1
GCA_011048995_1	pta	8
GCA_011048995_1	rnfA	2
GCA_011048995_1	rnfB	4
GCA_011048995_1	rnfC	1
GCA_011048995_1	rnfD	2
GCA_011048995_1	rnfE	2
GCA_011048995_1	rnfG	1
GCA_011048995_1	serA	5
GCA_011048995_1	serB	2
GCA_011375275_1	acdA	9
GCA_011375275_1	ackA	2
GCA_011375275_1	acs	6
GCA_011375275_1	apgM	2
GCA_011375275_1	eno	1
GCA_011375275_1	fbaA	2
GCA_011375275_1	fbaB	1
GCA_011375275_1	fchA	1
GCA_011375275_1	fdhA	1
GCA_011375275_1	fdhB	2
GCA_011375275_1	fdhF	2
GCA_011375275_1	fdoH	1
GCA_011375275_1	folA	8
GCA_011375275_1	fpoA	1
GCA_011375275_1	fpoB	1
GCA_011375275_1	fpoH	2
GCA_011375275_1	fpoK	1
GCA_011375275_1	fpoL	1
GCA_011375275_1	frhA	1
GCA_011375275_1	frhD	1
GCA_011375275_1	frmA	2
GCA_011375275_1	frmB	1
GCA_011375275_1	gck	1
GCA_011375275_1	glpX	2
GCA_011375275_1	glyA	5
GCA_011375275_1	gpmB	1
GCA_011375275_1	gpmI	2
GCA_011375275_1	hdrA1	1
GCA_011375275_1	hdrA2	1
GCA_011375275_1	hdrC1	1
GCA_011375275_1	hdrD	5
GCA_011375275_1	hprA	1
GCA_011375275_1	hxlB	1
GCA_011375275_1	mauC	1
GCA_011375275_1	mcl	1
GCA_011375275_1	mdh-K00024	1
GCA_011375275_1	mgsC	2
GCA_011375275_1	mmoC	1
GCA_011375275_1	mtaA	1
GCA_011375275_1	mtbC	4
GCA_011375275_1	mtkA	1
GCA_011375275_1	mtkB	2
GCA_011375275_1	mvhD	1
GCA_011375275_1	mxaC	1
GCA_011375275_1	mxaL	1
GCA_011375275_1	napH	1
GCA_011375275_1	narB	2
GCA_011375275_1	nirK	3
GCA_011375275_1	pfkA	1
GCA_011375275_1	pfp	5
GCA_011375275_1	porA	2
GCA_011375275_1	pps	2
GCA_011375275_1	pqqB	1
GCA_011375275_1	pqqF	2
GCA_011375275_1	pta	3
GCA_011375275_1	rnfB	1
GCA_011375275_1	rnfC	2
GCA_011375275_1	rnfD	3
GCA_011375275_1	rnfE	2
GCA_011375275_1	rnfG	1
GCA_011375275_1	serA	5
GCA_011375275_1	serB	2
GCA_011375275_1	torA	1
GCA_011375275_1	vhcA	1
GCA_011375275_1	vhcG	1
GCA_011620345_1	acdA	13
GCA_011620345_1	acdB	1
GCA_011620345_1	acs	9
GCA_011620345_1	apgM	1
GCA_011620345_1	cooF	1
GCA_011620345_1	eno	2
GCA_011620345_1	fbaA	1
GCA_011620345_1	fdhA-K00148	2
GCA_011620345_1	fdhB	1
GCA_011620345_1	fdhF	1
GCA_011620345_1	fdm	1
GCA_011620345_1	fdoG	1
GCA_011620345_1	fdoI	2
GCA_011620345_1	fdwB	1
GCA_011620345_1	folA	2
GCA_011620345_1	fpoA	1
GCA_011620345_1	fpoB	1
GCA_011620345_1	fpoC	3
GCA_011620345_1	fpoD	1
GCA_011620345_1	fpoH	1
GCA_011620345_1	fpoI	1
GCA_011620345_1	fpoJ	2
GCA_011620345_1	fpoK	2
GCA_011620345_1	fpoL	1
GCA_011620345_1	fpoM	2
GCA_011620345_1	fpoN	2
GCA_011620345_1	frhB	1
GCA_011620345_1	frhD	1
GCA_011620345_1	frmA	4
GCA_011620345_1	gck	1
GCA_011620345_1	gfa	1
GCA_011620345_1	glpX	2
GCA_011620345_1	glyA	7
GCA_011620345_1	gpmB	1
GCA_011620345_1	gpmI	1
GCA_011620345_1	hdrD	1
GCA_011620345_1	hxlB	1
GCA_011620345_1	mauC	1
GCA_011620345_1	mbhJ	1
GCA_011620345_1	mcl	3
GCA_011620345_1	mdh	2
GCA_011620345_1	mdh-K00024	1
GCA_011620345_1	mer	1
GCA_011620345_1	metF	1
GCA_011620345_1	mgsC	1
GCA_011620345_1	mtaA	1
GCA_011620345_1	mtkA	1
GCA_011620345_1	mvhA	1
GCA_011620345_1	narB	1
GCA_011620345_1	nirK	2
GCA_011620345_1	nrfA	1
GCA_011620345_1	pfkB	1
GCA_011620345_1	pfp	2
GCA_011620345_1	porA	2
GCA_011620345_1	porG	1
GCA_011620345_1	ppc	1
GCA_011620345_1	pps	1
GCA_011620345_1	pqqF	2
GCA_011620345_1	pta	6
GCA_011620345_1	rnfB	4
GCA_011620345_1	rnfE	1
GCA_011620345_1	serA	6
GCA_011620345_1	serB	1
GCA_011620345_1	torA	1
GCA_011620345_1	torD	1
GCA_011620765_1	acdA	3
GCA_011620765_1	acs	2
GCA_011620765_1	apgM	1
GCA_011620765_1	cooF	2
GCA_011620765_1	eno	2
GCA_011620765_1	fae-hps	1
GCA_011620765_1	fbaA	2
GCA_011620765_1	fchA	1
GCA_011620765_1	fdhA	2
GCA_011620765_1	fdhA-K00148	2
GCA_011620765_1	folA	2
GCA_011620765_1	fpoC	1
GCA_011620765_1	frhD	1
GCA_011620765_1	frmA	2
GCA_011620765_1	gck	1
GCA_011620765_1	gfa	1
GCA_011620765_1	glyA	2
GCA_011620765_1	hprA	4
GCA_011620765_1	hxlB	2
GCA_011620765_1	mcl	1
GCA_011620765_1	mdh	1
GCA_011620765_1	mtkB	1
GCA_011620765_1	mvhG	1
GCA_011620765_1	narB	2
GCA_011620765_1	narH	1
GCA_011620765_1	pfkA	1
GCA_011620765_1	pfkB	1
GCA_011620765_1	pfp	1
GCA_011620765_1	porA	4
GCA_011620765_1	porB	4
GCA_011620765_1	porD	2
GCA_011620765_1	porG	4
GCA_011620765_1	pps	3
GCA_011620765_1	rnfA	1
GCA_011620765_1	rnfB	4
GCA_011620765_1	rnfC	1
GCA_011620765_1	rnfD	1
GCA_011620765_1	rnfE	1
GCA_011620765_1	rnfG	1
GCA_011620765_1	serA	3
GCA_011620765_1	serB	2
GCA_011620765_1	vhcA	1
GCA_012518265_1	ackA	1
GCA_012518265_1	acs	3
GCA_012518265_1	acsD	1
GCA_012518265_1	apgM	1
GCA_012518265_1	cdhC	1
GCA_012518265_1	cdhD	1
GCA_012518265_1	cdhE	1
GCA_012518265_1	eno	1
GCA_012518265_1	fae-hps	2
GCA_012518265_1	fbp	1
GCA_012518265_1	fdhA	1
GCA_012518265_1	fdhA-K00148	1
GCA_012518265_1	fdhB	1
GCA_012518265_1	folA	2
GCA_012518265_1	fpoC	3
GCA_012518265_1	fpoL	1
GCA_012518265_1	frhA	2
GCA_012518265_1	frhB	1
GCA_012518265_1	frhD	1
GCA_012518265_1	frhG	1
GCA_012518265_1	frmA	2
GCA_012518265_1	glpX	1
GCA_012518265_1	glyA	1
GCA_012518265_1	gpmI	1
GCA_012518265_1	hdrA2	1
GCA_012518265_1	hdrB2	1
GCA_012518265_1	hdrC1	1
GCA_012518265_1	hdrD	3
GCA_012518265_1	hdrE	1
GCA_012518265_1	hxlB	1
GCA_012518265_1	mcrA	1
GCA_012518265_1	mcrB	1
GCA_012518265_1	mcrC	1
GCA_012518265_1	mcrD	1
GCA_012518265_1	mcrG	1
GCA_012518265_1	mdh-K00024	1
GCA_012518265_1	mer	1
GCA_012518265_1	mgsC	1
GCA_012518265_1	mtaA	3
GCA_012518265_1	mtaB	1
GCA_012518265_1	mtaC	1
GCA_012518265_1	mtbA	2
GCA_012518265_1	mtbB	4
GCA_012518265_1	mtbC	5
GCA_012518265_1	mtmB	2
GCA_012518265_1	mtmC	1
GCA_012518265_1	mtrA	1
GCA_012518265_1	mtrB	1
GCA_012518265_1	mtrC	1
GCA_012518265_1	mtrD	1
GCA_012518265_1	mtrE	1
GCA_012518265_1	mtrG	1
GCA_012518265_1	mtrH	1
GCA_012518265_1	mtsA	2
GCA_012518265_1	mttB	1
GCA_012518265_1	mvhD	1
GCA_012518265_1	narH	1
GCA_012518265_1	nrfA	1
GCA_012518265_1	nrfH	1
GCA_012518265_1	pfp	3
GCA_012518265_1	porA	2
GCA_012518265_1	porB	1
GCA_012518265_1	porD	1
GCA_012518265_1	porG	2
GCA_012518265_1	pps	1
GCA_012518265_1	pqqB	1
GCA_012518265_1	pqqE	6
GCA_012518265_1	pta	1
GCA_012518265_1	rnfB	3
GCA_012518265_1	rnfC	1
GCA_012518265_1	rnfE	1
GCA_012518265_1	serA	2
GCA_012518265_1	serB	1
GCA_012518265_1	vhtG	1
GCA_012799835_1	acs	5
GCA_012799835_1	apgM	1
GCA_012799835_1	cooS	1
GCA_012799835_1	ehbA	1
GCA_012799835_1	ehbB	1
GCA_012799835_1	ehbC	1
GCA_012799835_1	ehbD	1
GCA_012799835_1	ehbE	1
GCA_012799835_1	ehbF	1
GCA_012799835_1	ehbI	1
GCA_012799835_1	ehbK	2
GCA_012799835_1	ehbL	2
GCA_012799835_1	ehbO	1
GCA_012799835_1	ehbP	1
GCA_012799835_1	eno	3
GCA_012799835_1	fbp	1
GCA_012799835_1	folA	2
GCA_012799835_1	fpoC	2
GCA_012799835_1	frhA	1
GCA_012799835_1	frhB	1
GCA_012799835_1	frhD	2
GCA_012799835_1	frmA	3
GCA_012799835_1	glyA	1
GCA_012799835_1	hdrA1	1
GCA_012799835_1	hdrA2	1
GCA_012799835_1	hdrB1	1
GCA_012799835_1	hdrC2	1
GCA_012799835_1	hdrD	1
GCA_012799835_1	hxlA	1
GCA_012799835_1	hxlB	1
GCA_012799835_1	mbhJ	2
GCA_012799835_1	mcl	2
GCA_012799835_1	mcrA	1
GCA_012799835_1	mcrB	1
GCA_012799835_1	mcrC	1
GCA_012799835_1	mcrD	1
GCA_012799835_1	mcrG	1
GCA_012799835_1	mdh	1
GCA_012799835_1	mtaA	1
GCA_012799835_1	mtbA	1
GCA_012799835_1	mtbC	1
GCA_012799835_1	mtsA	1
GCA_012799835_1	mttC	1
GCA_012799835_1	mvhA	1
GCA_012799835_1	mvhD	1
GCA_012799835_1	mvhG	1
GCA_012799835_1	narB	1
GCA_012799835_1	narH	1
GCA_012799835_1	pfkB	1
GCA_012799835_1	pfp	1
GCA_012799835_1	porA	3
GCA_012799835_1	porB	1
GCA_012799835_1	porD	1
GCA_012799835_1	porG	2
GCA_012799835_1	pps	1
GCA_012799835_1	pqqE	4
GCA_012799835_1	pta	1
GCA_012799835_1	rnfB	1
GCA_012799835_1	serA	3
GCA_012799835_1	serB	1
GCA_013036315_1	acdA	5
GCA_013036315_1	acs	1
GCA_013036315_1	fae-hps	1
GCA_013036315_1	fchA	1
GCA_013036315_1	fdhA	1
GCA_013036315_1	fdhA-K00148	1
GCA_013036315_1	fdoG	1
GCA_013036315_1	fdoH	1
GCA_013036315_1	folA	3
GCA_013036315_1	fpoM	1
GCA_013036315_1	frmA	1
GCA_013036315_1	gfa	1
GCA_013036315_1	glyA	5
GCA_013036315_1	gpmB	1
GCA_013036315_1	gpmI	2
GCA_013036315_1	hxlA	1
GCA_013036315_1	mauC	1
GCA_013036315_1	mcl	1
GCA_013036315_1	mtkA	1
GCA_013036315_1	mtkB	1
GCA_013036315_1	narB	2
GCA_013036315_1	nirK	3
GCA_013036315_1	pfp	1
GCA_013036315_1	pps	1
GCA_013036315_1	pta	2
GCA_013036315_1	rnfE	1
GCA_013139905_1	echE	1
GCA_013139905_1	ehbA	1
GCA_013139905_1	ehbF	1
GCA_013139905_1	ehbI	1
GCA_013139905_1	eno	1
GCA_013139905_1	fbaA	1
GCA_013139905_1	fbp	1
GCA_013139905_1	fpoC	1
GCA_013139905_1	fpoH	1
GCA_013139905_1	frhD	1
GCA_013139905_1	frmA	1
GCA_013139905_1	glyA	1
GCA_013139905_1	gpmB	1
GCA_013139905_1	gpmI	1
GCA_013139905_1	mbhJ	1
GCA_013139905_1	mtkA	1
GCA_013139905_1	mtkB	1
GCA_013139905_1	mvhD	1
GCA_013139905_1	pfkC	1
GCA_013139905_1	porA	1
GCA_013139905_1	porB	1
GCA_013139905_1	porD	1
GCA_013139905_1	porG	1
GCA_013139905_1	pps	3
GCA_013139905_1	pta	2
GCA_013139905_1	rnfE	1
GCA_013139905_1	serA	1
GCA_013151235_1	acdA	6
GCA_013151235_1	ackA	2
GCA_013151235_1	acs	5
GCA_013151235_1	acsC	2
GCA_013151235_1	acsD	2
GCA_013151235_1	amoB	1
GCA_013151235_1	apgM	1
GCA_013151235_1	cdhC	1
GCA_013151235_1	cdhE	1
GCA_013151235_1	cooS	1
GCA_013151235_1	echB	1
GCA_013151235_1	echE	1
GCA_013151235_1	eno	3
GCA_013151235_1	fbaA	2
GCA_013151235_1	fchA	1
GCA_013151235_1	fdhA	4
GCA_013151235_1	fdhB	2
GCA_013151235_1	fdhF	1
GCA_013151235_1	fdwB	2
GCA_013151235_1	folA	5
GCA_013151235_1	fpoA	2
GCA_013151235_1	fpoB	3
GCA_013151235_1	fpoC	2
GCA_013151235_1	fpoD	1
GCA_013151235_1	fpoH	3
GCA_013151235_1	fpoJ	2
GCA_013151235_1	fpoK	1
GCA_013151235_1	fpoL	1
GCA_013151235_1	fpoM	3
GCA_013151235_1	fpoN	2
GCA_013151235_1	frhD	1
GCA_013151235_1	frmA	3
GCA_013151235_1	glpX	1
GCA_013151235_1	glyA	6
GCA_013151235_1	gpmI	1
GCA_013151235_1	hdrA2	3
GCA_013151235_1	hdrD	2
GCA_013151235_1	hxlB	1
GCA_013151235_1	mbhJ	1
GCA_013151235_1	mcrB	1
GCA_013151235_1	mdh-K00024	1
GCA_013151235_1	metF	1
GCA_013151235_1	mgsA	1
GCA_013151235_1	mgsC	1
GCA_013151235_1	mmoC	2
GCA_013151235_1	mtaA	2
GCA_013151235_1	mtbC	1
GCA_013151235_1	mtrH	1
GCA_013151235_1	mvhG	1
GCA_013151235_1	mxaF	1
GCA_013151235_1	mxaG	1
GCA_013151235_1	napH	1
GCA_013151235_1	narB	1
GCA_013151235_1	narG	1
GCA_013151235_1	pfkA	1
GCA_013151235_1	pfp	3
GCA_013151235_1	porA	3
GCA_013151235_1	porB	1
GCA_013151235_1	porD	1
GCA_013151235_1	porG	2
GCA_013151235_1	pps	1
GCA_013151235_1	pqqE	2
GCA_013151235_1	pqqF	2
GCA_013151235_1	pta	2
GCA_013151235_1	rnfA	1
GCA_013151235_1	rnfB	9
GCA_013151235_1	rnfC	3
GCA_013151235_1	rnfD	1
GCA_013151235_1	rnfE	3
GCA_013151235_1	rnfG	1
GCA_013151235_1	serA	5
GCA_013151235_1	serB	2
GCA_013151235_1	torA	1
GCA_013151235_1	vhcA	2
GCA_013151235_1	vhtG	1
GCA_013153205_1	acdA	3
GCA_013153205_1	ackA	1
GCA_013153205_1	acs	3
GCA_013153205_1	apgM	2
GCA_013153205_1	eno	3
GCA_013153205_1	fae-hps	1
GCA_013153205_1	fbaA	2
GCA_013153205_1	fdhB	2
GCA_013153205_1	fdhF	1
GCA_013153205_1	fdoH	1
GCA_013153205_1	fdwB	2
GCA_013153205_1	folA	2
GCA_013153205_1	fpoA	1
GCA_013153205_1	fpoB	1
GCA_013153205_1	fpoH	1
GCA_013153205_1	fpoI	1
GCA_013153205_1	fpoJ	2
GCA_013153205_1	fpoM	1
GCA_013153205_1	fpoN	1
GCA_013153205_1	frhD	1
GCA_013153205_1	frmA	4
GCA_013153205_1	glyA	4
GCA_013153205_1	hdrA2	1
GCA_013153205_1	hdrB1	1
GCA_013153205_1	hdrC2	1
GCA_013153205_1	hdrD	3
GCA_013153205_1	hprA	1
GCA_013153205_1	hxlB	2
GCA_013153205_1	mcl	1
GCA_013153205_1	mdh-K00024	1
GCA_013153205_1	metF	1
GCA_013153205_1	mtkA	1
GCA_013153205_1	mvhA	1
GCA_013153205_1	mvhD	1
GCA_013153205_1	napH	1
GCA_013153205_1	pfkA	1
GCA_013153205_1	pfp	2
GCA_013153205_1	porA	3
GCA_013153205_1	porB	2
GCA_013153205_1	porD	2
GCA_013153205_1	porG	3
GCA_013153205_1	pps	2
GCA_013153205_1	pqqE	1
GCA_013153205_1	pqqF	1
GCA_013153205_1	rnfB	6
GCA_013153205_1	serA	2
GCA_013153205_1	serB	3
GCA_013153205_1	vhtG	1
GCA_013178255_1	ackA	1
GCA_013178255_1	echE	1
GCA_013178255_1	ehbA	2
GCA_013178255_1	ehbB	1
GCA_013178255_1	ehbD	1
GCA_013178255_1	ehbE	1
GCA_013178255_1	ehbH	2
GCA_013178255_1	ehbI	1
GCA_013178255_1	eno	3
GCA_013178255_1	fbaA	4
GCA_013178255_1	fchA	1
GCA_013178255_1	fdhA	1
GCA_013178255_1	fdhA-K00148	1
GCA_013178255_1	fdhB	1
GCA_013178255_1	folA	2
GCA_013178255_1	fpoB	1
GCA_013178255_1	fpoC	2
GCA_013178255_1	fpoD	1
GCA_013178255_1	fpoH	2
GCA_013178255_1	fpoN	3
GCA_013178255_1	frmA	1
GCA_013178255_1	glyA	2
GCA_013178255_1	gpmB	1
GCA_013178255_1	hdrA2	1
GCA_013178255_1	hprA	2
GCA_013178255_1	hxlB	1
GCA_013178255_1	mbhJ	1
GCA_013178255_1	mcl	1
GCA_013178255_1	mdh	2
GCA_013178255_1	mdh-K00024	1
GCA_013178255_1	mmoC	1
GCA_013178255_1	mvhG	1
GCA_013178255_1	narB	1
GCA_013178255_1	pfkA	1
GCA_013178255_1	pfkB	1
GCA_013178255_1	pfp	3
GCA_013178255_1	porA	3
GCA_013178255_1	porB	2
GCA_013178255_1	porD	1
GCA_013178255_1	porG	2
GCA_013178255_1	pps	1
GCA_013178255_1	pqqE	2
GCA_013178255_1	pqqF	1
GCA_013178255_1	pta	4
GCA_013178255_1	rnfB	1
GCA_013178255_1	rnfE	1
GCA_013178255_1	serA	2
GCA_013178255_1	serB	2
GCA_013178255_1	torA	1
GCA_013178255_1	vhcA	1
GCA_013180585_1	acdA	2
GCA_013180585_1	acs	3
GCA_013180585_1	apgM	1
GCA_013180585_1	cdhA	2
GCA_013180585_1	cdhB	1
GCA_013180585_1	cdhC	2
GCA_013180585_1	cooS	1
GCA_013180585_1	echA	1
GCA_013180585_1	ehaQ	1
GCA_013180585_1	ehaR	1
GCA_013180585_1	eno	2
GCA_013180585_1	fae-hps	1
GCA_013180585_1	fbaA	1
GCA_013180585_1	fbp	1
GCA_013180585_1	fdhB	2
GCA_013180585_1	fdoG	1
GCA_013180585_1	folA	1
GCA_013180585_1	fpoC	2
GCA_013180585_1	fpoL	1
GCA_013180585_1	fpoN	2
GCA_013180585_1	fqoD	1
GCA_013180585_1	fqoF	2
GCA_013180585_1	fqoH	1
GCA_013180585_1	frhB	5
GCA_013180585_1	frmA	2
GCA_013180585_1	ftr	2
GCA_013180585_1	fwdB	2
GCA_013180585_1	fwdG	1
GCA_013180585_1	glyA	2
GCA_013180585_1	gpmI	1
GCA_013180585_1	hdrA1	2
GCA_013180585_1	hdrA2	3
GCA_013180585_1	hdrB1	1
GCA_013180585_1	hdrB2	1
GCA_013180585_1	hdrC2	2
GCA_013180585_1	hdrD	2
GCA_013180585_1	hxlA	1
GCA_013180585_1	hxlB	1
GCA_013180585_1	mch	2
GCA_013180585_1	mcrC	1
GCA_013180585_1	mdh-K00024	2
GCA_013180585_1	mgsC	2
GCA_013180585_1	mtbC	1
GCA_013180585_1	mtd	1
GCA_013180585_1	mtrA	2
GCA_013180585_1	mtrB	1
GCA_013180585_1	mtrC	1
GCA_013180585_1	mtrG	1
GCA_013180585_1	mtrH	1
GCA_013180585_1	mvhD	2
GCA_013180585_1	mxaF	1
GCA_013180585_1	porA	2
GCA_013180585_1	porB	1
GCA_013180585_1	porD	2
GCA_013180585_1	porG	1
GCA_013180585_1	pps	1
GCA_013180585_1	pqqE	4
GCA_013180585_1	pta	1
GCA_013180585_1	rnfB	2
GCA_013180585_1	rnfC	1
GCA_013180585_1	serA	2
GCA_013180585_1	serB	1
GCA_013180585_1	torD	1
GCA_013203855_1	acdA	3
GCA_013203855_1	ackA	1
GCA_013203855_1	acs	2
GCA_013203855_1	apgM	1
GCA_013203855_1	ehbA	1
GCA_013203855_1	ehbE	1
GCA_013203855_1	ehbH	1
GCA_013203855_1	eno	2
GCA_013203855_1	fbaA	4
GCA_013203855_1	fdhA	1
GCA_013203855_1	fdhA-K00148	4
GCA_013203855_1	fdhB	2
GCA_013203855_1	fdm	1
GCA_013203855_1	fdwB	3
GCA_013203855_1	folA	2
GCA_013203855_1	fpoB	2
GCA_013203855_1	fpoH	1
GCA_013203855_1	fpoJ	1
GCA_013203855_1	fpoL	4
GCA_013203855_1	fpoM	1
GCA_013203855_1	frhG	1
GCA_013203855_1	frmA	3
GCA_013203855_1	glyA	3
GCA_013203855_1	gpmB	1
GCA_013203855_1	hdrA2	2
GCA_013203855_1	hmd	1
GCA_013203855_1	hprA	3
GCA_013203855_1	hxlA	1
GCA_013203855_1	hxlB	1
GCA_013203855_1	mauC	1
GCA_013203855_1	mbhJ	1
GCA_013203855_1	mdh	1
GCA_013203855_1	mdh-K00024	2
GCA_013203855_1	metF	1
GCA_013203855_1	mgsC	1
GCA_013203855_1	mmoC	1
GCA_013203855_1	mtbA	2
GCA_013203855_1	mtbC	3
GCA_013203855_1	mxaF	2
GCA_013203855_1	narB	1
GCA_013203855_1	pfkA	2
GCA_013203855_1	pfkB	2
GCA_013203855_1	pfp	4
GCA_013203855_1	porA	1
GCA_013203855_1	porB	1
GCA_013203855_1	porG	1
GCA_013203855_1	pps	3
GCA_013203855_1	pqqE	10
GCA_013203855_1	pqqF	1
GCA_013203855_1	pta	2
GCA_013203855_1	rnfA	1
GCA_013203855_1	rnfB	3
GCA_013203855_1	rnfE	2
GCA_013203855_1	rnfG	1
GCA_013203855_1	serA	5
GCA_013203855_1	serB	2
GCA_013203855_1	xoxF5	1
GCA_013329575_1	acdA	8
GCA_013329575_1	ackA	1
GCA_013329575_1	acs	3
GCA_013329575_1	apgM	2
GCA_013329575_1	cdhA	1
GCA_013329575_1	cdhB	1
GCA_013329575_1	cdhC	2
GCA_013329575_1	cdhD	3
GCA_013329575_1	cdhE	1
GCA_013329575_1	cooF	2
GCA_013329575_1	cooS	2
GCA_013329575_1	echA	1
GCA_013329575_1	ehaR	1
GCA_013329575_1	ehbE	1
GCA_013329575_1	ehbH	1
GCA_013329575_1	ehbQ	1
GCA_013329575_1	eno	3
GCA_013329575_1	fae-hps	3
GCA_013329575_1	fbp	1
GCA_013329575_1	fdhA	1
GCA_013329575_1	fmdB	1
GCA_013329575_1	fmdC	1
GCA_013329575_1	folA	2
GCA_013329575_1	fpoF	1
GCA_013329575_1	fpoL	1
GCA_013329575_1	fpoM	1
GCA_013329575_1	fpoN	1
GCA_013329575_1	frmA	3
GCA_013329575_1	ftr	5
GCA_013329575_1	fwdB	1
GCA_013329575_1	fwdC	1
GCA_013329575_1	fwdF	1
GCA_013329575_1	fwdG	3
GCA_013329575_1	glyA	2
GCA_013329575_1	gpmI	1
GCA_013329575_1	hdrA1	2
GCA_013329575_1	hdrA2	2
GCA_013329575_1	hdrB1	1
GCA_013329575_1	hdrC1	1
GCA_013329575_1	hdrD	4
GCA_013329575_1	hprA	1
GCA_013329575_1	hxlB	1
GCA_013329575_1	mch	1
GCA_013329575_1	mcrA	1
GCA_013329575_1	mcrG	1
GCA_013329575_1	mdh	1
GCA_013329575_1	mer	3
GCA_013329575_1	mtaA	1
GCA_013329575_1	mtaB	1
GCA_013329575_1	mtaC	1
GCA_013329575_1	mtbC	1
GCA_013329575_1	mtkA	1
GCA_013329575_1	mtkB	5
GCA_013329575_1	mtrA	2
GCA_013329575_1	mtrE	1
GCA_013329575_1	mtrG	1
GCA_013329575_1	mtrH	1
GCA_013329575_1	mvhD	1
GCA_013329575_1	narB	1
GCA_013329575_1	narH	1
GCA_013329575_1	pfkB	2
GCA_013329575_1	pfp	3
GCA_013329575_1	porA	1
GCA_013329575_1	porB	1
GCA_013329575_1	porD	1
GCA_013329575_1	porG	1
GCA_013329575_1	pps	3
GCA_013329575_1	pqqE	1
GCA_013329575_1	pta	3
GCA_013329575_1	rnfA	1
GCA_013329575_1	rnfB	4
GCA_013329575_1	rnfC	1
GCA_013329575_1	rnfD	1
GCA_013329575_1	rnfE	1
GCA_013329575_1	rnfG	1
GCA_013329575_1	serA	2
GCA_013329575_1	serB	1
GCA_013360445_1	acdA	10
GCA_013360445_1	ackA	3
GCA_013360445_1	acs	7
GCA_013360445_1	apgM	1
GCA_013360445_1	cooF	2
GCA_013360445_1	ehbA	1
GCA_013360445_1	ehbE	1
GCA_013360445_1	eno	3
GCA_013360445_1	fbaA	2
GCA_013360445_1	fbaB	1
GCA_013360445_1	fbp	1
GCA_013360445_1	fchA	1
GCA_013360445_1	fdhB	3
GCA_013360445_1	fdhF	2
GCA_013360445_1	fdoG	1
GCA_013360445_1	fdoH	2
GCA_013360445_1	fdoI	1
GCA_013360445_1	folA	3
GCA_013360445_1	fpoC	1
GCA_013360445_1	fpoH	1
GCA_013360445_1	fpoJ	1
GCA_013360445_1	fpoL	1
GCA_013360445_1	fpoM	1
GCA_013360445_1	fpoN	1
GCA_013360445_1	frmA	2
GCA_013360445_1	gck	1
GCA_013360445_1	gfa	1
GCA_013360445_1	glyA	4
GCA_013360445_1	hdrA1	2
GCA_013360445_1	hdrB2	2
GCA_013360445_1	hdrC2	2
GCA_013360445_1	hdrD	3
GCA_013360445_1	mauC	2
GCA_013360445_1	mcl	2
GCA_013360445_1	mdh-K00024	3
GCA_013360445_1	metF	2
GCA_013360445_1	mgsA	1
GCA_013360445_1	mgsC	1
GCA_013360445_1	mtbC	2
GCA_013360445_1	mtkA	2
GCA_013360445_1	mtkB	5
GCA_013360445_1	mtsA	1
GCA_013360445_1	mttC	1
GCA_013360445_1	mvhA	2
GCA_013360445_1	mvhD	1
GCA_013360445_1	mvhG	2
GCA_013360445_1	mxaC	1
GCA_013360445_1	mxaL	1
GCA_013360445_1	narB	2
GCA_013360445_1	narG	1
GCA_013360445_1	narH	3
GCA_013360445_1	nirK	2
GCA_013360445_1	nrfA	1
GCA_013360445_1	nrfH	1
GCA_013360445_1	pfkA	3
GCA_013360445_1	pfkB	1
GCA_013360445_1	pfp	1
GCA_013360445_1	porA	2
GCA_013360445_1	porB	1
GCA_013360445_1	porG	1
GCA_013360445_1	pps	3
GCA_013360445_1	pqqB	1
GCA_013360445_1	pqqC	1
GCA_013360445_1	pqqE	5
GCA_013360445_1	pqqF	5
GCA_013360445_1	pta	5
GCA_013360445_1	rnfA	1
GCA_013360445_1	rnfB	1
GCA_013360445_1	rnfC	1
GCA_013360445_1	rnfD	1
GCA_013360445_1	rnfE	2
GCA_013360445_1	rnfG	1
GCA_013360445_1	serA	7
GCA_013360445_1	serB	2
GCA_013360445_1	serC	1
GCA_013360445_1	torA	1
GCA_013360445_1	vhcA	1
GCA_013360445_1	vhcD	1
GCA_013360445_1	vhcG	1
GCA_013374505_1	acdA	1
GCA_013374505_1	acs	1
GCA_013374505_1	acsD	1
GCA_013374505_1	apgM	1
GCA_013374505_1	cdhA	2
GCA_013374505_1	cdhC	1
GCA_013374505_1	cdhD	1
GCA_013374505_1	cdhE	1
GCA_013374505_1	echA	1
GCA_013374505_1	ehaQ	1
GCA_013374505_1	ehaR	1
GCA_013374505_1	ehbA	1
GCA_013374505_1	ehbE	1
GCA_013374505_1	ehbH	1
GCA_013374505_1	ehbI	1
GCA_013374505_1	eno	2
GCA_013374505_1	fae-hps	1
GCA_013374505_1	fbaA	1
GCA_013374505_1	fdhA	2
GCA_013374505_1	fdhB	1
GCA_013374505_1	folA	3
GCA_013374505_1	fpoC	2
GCA_013374505_1	fpoL	2
GCA_013374505_1	fpoM	1
GCA_013374505_1	fpoN	1
GCA_013374505_1	fqoA	1
GCA_013374505_1	fqoD	1
GCA_013374505_1	fqoF	1
GCA_013374505_1	fqoH	2
GCA_013374505_1	fqoJ	1
GCA_013374505_1	fqoK	1
GCA_013374505_1	fqoL	1
GCA_013374505_1	fqoM	1
GCA_013374505_1	fqoN	1
GCA_013374505_1	frhB	4
GCA_013374505_1	frmA	4
GCA_013374505_1	ftr	2
GCA_013374505_1	fwdB	3
GCA_013374505_1	fwdC	1
GCA_013374505_1	fwdG	1
GCA_013374505_1	gck	1
GCA_013374505_1	gpmI	1
GCA_013374505_1	hdrA2	5
GCA_013374505_1	hdrB1	1
GCA_013374505_1	hdrB2	1
GCA_013374505_1	hdrC2	1
GCA_013374505_1	hdrD	1
GCA_013374505_1	hxlA	1
GCA_013374505_1	hxlB	1
GCA_013374505_1	mch	2
GCA_013374505_1	mcrA	1
GCA_013374505_1	mcrB	1
GCA_013374505_1	mdh-K00024	1
GCA_013374505_1	mgsC	2
GCA_013374505_1	mtbC	1
GCA_013374505_1	mtd	1
GCA_013374505_1	mtdB	1
GCA_013374505_1	mtkA	1
GCA_013374505_1	mtkB	1
GCA_013374505_1	mtrA	2
GCA_013374505_1	mtrB	1
GCA_013374505_1	mtrC	1
GCA_013374505_1	mtrD	1
GCA_013374505_1	mtrE	1
GCA_013374505_1	mtrG	1
GCA_013374505_1	mtrH	1
GCA_013374505_1	mvhD	1
GCA_013374505_1	narB	1
GCA_013374505_1	pfkA	2
GCA_013374505_1	pfkB	1
GCA_013374505_1	porA	1
GCA_013374505_1	porB	1
GCA_013374505_1	porD	3
GCA_013374505_1	porG	2
GCA_013374505_1	pps	2
GCA_013374505_1	pqqE	7
GCA_013374505_1	pta	2
GCA_013374505_1	rnfB	2
GCA_013374505_1	rnfC	1
GCA_013374505_1	serA	1
GCA_013572355_1	acs	1
GCA_013572355_1	apgM	1
GCA_013572355_1	cdhA	1
GCA_013572355_1	cdhB	1
GCA_013572355_1	cdhC	1
GCA_013572355_1	cdhD	1
GCA_013572355_1	cdhE	1
GCA_013572355_1	cooF	1
GCA_013572355_1	ehaQ	1
GCA_013572355_1	ehaR	1
GCA_013572355_1	ehbE	1
GCA_013572355_1	ehbH	3
GCA_013572355_1	eno	3
GCA_013572355_1	fae-hps	1
GCA_013572355_1	fdhA	1
GCA_013572355_1	fdhB	1
GCA_013572355_1	fmdB	1
GCA_013572355_1	fmdC	1
GCA_013572355_1	folA	2
GCA_013572355_1	fpoA	1
GCA_013572355_1	fpoB	1
GCA_013572355_1	fpoC	3
GCA_013572355_1	fpoD	1
GCA_013572355_1	fpoF	1
GCA_013572355_1	fpoH	1
GCA_013572355_1	fpoI	1
GCA_013572355_1	fpoJ	2
GCA_013572355_1	fpoK	1
GCA_013572355_1	fpoL	2
GCA_013572355_1	fpoM	1
GCA_013572355_1	fpoN	2
GCA_013572355_1	frmA	3
GCA_013572355_1	ftr	1
GCA_013572355_1	fwdB	1
GCA_013572355_1	fwdG	2
GCA_013572355_1	glpX	1
GCA_013572355_1	glyA	2
GCA_013572355_1	gpmI	2
GCA_013572355_1	hdrA1	1
GCA_013572355_1	hdrA2	3
GCA_013572355_1	hdrB1	3
GCA_013572355_1	hdrC2	2
GCA_013572355_1	hdrD	3
GCA_013572355_1	hdrE	1
GCA_013572355_1	hxlA	1
GCA_013572355_1	hxlB	1
GCA_013572355_1	mch	2
GCA_013572355_1	mcrA	1
GCA_013572355_1	mcrB	1
GCA_013572355_1	mcrC	1
GCA_013572355_1	mcrD	1
GCA_013572355_1	mcrG	1
GCA_013572355_1	mdh-K00024	1
GCA_013572355_1	mer	1
GCA_013572355_1	mgsC	1
GCA_013572355_1	mtd	1
GCA_013572355_1	mtdB	1
GCA_013572355_1	mtkB	1
GCA_013572355_1	mtrA	2
GCA_013572355_1	mtrB	1
GCA_013572355_1	mtrC	1
GCA_013572355_1	mtrD	1
GCA_013572355_1	mtrE	1
GCA_013572355_1	mtrF	1
GCA_013572355_1	mtrG	1
GCA_013572355_1	mtrH	1
GCA_013572355_1	mvhD	2
GCA_013572355_1	narH	1
GCA_013572355_1	pfkB	1
GCA_013572355_1	porA	2
GCA_013572355_1	porB	2
GCA_013572355_1	porD	3
GCA_013572355_1	porG	2
GCA_013572355_1	pps	1
GCA_013572355_1	pqqB	1
GCA_013572355_1	pqqE	7
GCA_013572355_1	pta	1
GCA_013572355_1	rnfA	1
GCA_013572355_1	rnfB	4
GCA_013572355_1	rnfC	1
GCA_013572355_1	rnfD	1
GCA_013572355_1	rnfE	1
GCA_013572355_1	rnfG	1
GCA_013572355_1	serA	1
GCA_013572355_1	serB	2
GCA_013572355_1	serC	1
GCA_013572355_1	xoxF1	1
GCA_013572355_1	xoxF5	1
GCA_014189675_1	acdA	1
GCA_014189675_1	acs	1
GCA_014189675_1	eno	2
GCA_014189675_1	folA	2
GCA_014189675_1	fpoC	1
GCA_014189675_1	glyA	1
GCA_014189675_1	gpmI	1
GCA_014189675_1	mdh-K00024	1
GCA_014189675_1	mmoC	1
GCA_014189675_1	mtkB	1
GCA_014189675_1	narB	1
GCA_014189675_1	nirK	1
GCA_014189675_1	pfkB	1
GCA_014189675_1	pps	1
GCA_014189675_1	rnfB	1
GCA_014189675_1	rnfE	1
GCA_014189675_1	serA	2
GCA_014728125_1	acdA	2
GCA_014728125_1	ackA	1
GCA_014728125_1	acs	6
GCA_014728125_1	cooS	1
GCA_014728125_1	echE	1
GCA_014728125_1	ehbC	2
GCA_014728125_1	ehbI	1
GCA_014728125_1	eno	1
GCA_014728125_1	fae-hps	1
GCA_014728125_1	fbaA	3
GCA_014728125_1	fchA	2
GCA_014728125_1	fdhA	2
GCA_014728125_1	fdhB	1
GCA_014728125_1	fdm	1
GCA_014728125_1	folA	2
GCA_014728125_1	fpoC	1
GCA_014728125_1	fpoH	1
GCA_014728125_1	fpoL	2
GCA_014728125_1	frhD	1
GCA_014728125_1	frmA	1
GCA_014728125_1	glpX	1
GCA_014728125_1	glyA	4
GCA_014728125_1	gpmB	2
GCA_014728125_1	gpmI	3
GCA_014728125_1	hdrA2	1
GCA_014728125_1	hdrB1	1
GCA_014728125_1	hdrC2	1
GCA_014728125_1	hdrD	1
GCA_014728125_1	mauC	2
GCA_014728125_1	mauE	1
GCA_014728125_1	mbhJ	1
GCA_014728125_1	metF	1
GCA_014728125_1	mmoC	1
GCA_014728125_1	mtbC	2
GCA_014728125_1	mtkA	3
GCA_014728125_1	mtkB	1
GCA_014728125_1	mttB	1
GCA_014728125_1	mvhA	1
GCA_014728125_1	mvhD	1
GCA_014728125_1	mvhG	1
GCA_014728125_1	mxaC	1
GCA_014728125_1	napH	1
GCA_014728125_1	narB	1
GCA_014728125_1	pfkA	1
GCA_014728125_1	pfp	2
GCA_014728125_1	porA	3
GCA_014728125_1	porB	3
GCA_014728125_1	porD	1
GCA_014728125_1	porG	4
GCA_014728125_1	pps	4
GCA_014728125_1	pqqE	2
GCA_014728125_1	pqqF	1
GCA_014728125_1	pta	2
GCA_014728125_1	rnfA	1
GCA_014728125_1	rnfB	5
GCA_014728125_1	rnfC	1
GCA_014728125_1	rnfD	1
GCA_014728125_1	rnfE	2
GCA_014728125_1	rnfG	1
GCA_014728125_1	serA	6
GCA_014728125_1	serB	2
GCA_014729705_1	acdA	1
GCA_014729705_1	acs	2
GCA_014729705_1	acsD	1
GCA_014729705_1	apgM	2
GCA_014729705_1	cdhE	1
GCA_014729705_1	eno	2
GCA_014729705_1	fbaA	1
GCA_014729705_1	fbp	1
GCA_014729705_1	fdwB	1
GCA_014729705_1	folA	3
GCA_014729705_1	fpoB	1
GCA_014729705_1	fpoC	1
GCA_014729705_1	frmA	4
GCA_014729705_1	glyA	3
GCA_014729705_1	hprA	1
GCA_014729705_1	hxlA	1
GCA_014729705_1	mdh	1
GCA_014729705_1	mdh-K00024	3
GCA_014729705_1	metF	1
GCA_014729705_1	mtkB	1
GCA_014729705_1	mvhA	1
GCA_014729705_1	mvhG	1
GCA_014729705_1	pfkB	1
GCA_014729705_1	pfp	4
GCA_014729705_1	porA	1
GCA_014729705_1	porB	1
GCA_014729705_1	porD	1
GCA_014729705_1	porG	1
GCA_014729705_1	pps	1
GCA_014729705_1	pqqD	1
GCA_014729705_1	pqqE	1
GCA_014729705_1	pqqF	1
GCA_014729705_1	pta	1
GCA_014729705_1	rnfA	1
GCA_014729705_1	rnfB	4
GCA_014729705_1	rnfC	2
GCA_014729705_1	rnfE	2
GCA_014729705_1	rnfG	1
GCA_014729705_1	serA	2
GCA_014729705_1	serC	1
GCA_014730175_1	acdA	9
GCA_014730175_1	ackA	1
GCA_014730175_1	acs	5
GCA_014730175_1	apgM	2
GCA_014730175_1	cdhE	1
GCA_014730175_1	eno	4
GCA_014730175_1	fbaA	2
GCA_014730175_1	fbaB	1
GCA_014730175_1	fchA	1
GCA_014730175_1	fdhA	2
GCA_014730175_1	fdhB	1
GCA_014730175_1	fdoH	1
GCA_014730175_1	fdwB	1
GCA_014730175_1	fghA	1
GCA_014730175_1	folA	2
GCA_014730175_1	fpoA	2
GCA_014730175_1	fpoB	1
GCA_014730175_1	fpoC	2
GCA_014730175_1	fpoD	1
GCA_014730175_1	fpoH	2
GCA_014730175_1	fpoI	1
GCA_014730175_1	fpoJ	1
GCA_014730175_1	fpoK	1
GCA_014730175_1	fpoL	2
GCA_014730175_1	fpoM	2
GCA_014730175_1	fpoN	1
GCA_014730175_1	frmA	1
GCA_014730175_1	glpX	1
GCA_014730175_1	glyA	4
GCA_014730175_1	gpmI	2
GCA_014730175_1	hdrA1	2
GCA_014730175_1	hdrA2	5
GCA_014730175_1	hdrB1	2
GCA_014730175_1	hdrC2	1
GCA_014730175_1	hdrD	4
GCA_014730175_1	hxlB	3
GCA_014730175_1	mauC	3
GCA_014730175_1	mauE	1
GCA_014730175_1	mcl	3
GCA_014730175_1	mdh-K00024	1
GCA_014730175_1	metF	2
GCA_014730175_1	mtbC	1
GCA_014730175_1	mtkA	1
GCA_014730175_1	mtkB	2
GCA_014730175_1	mttB	1
GCA_014730175_1	mvhD	1
GCA_014730175_1	mxaF	1
GCA_014730175_1	napH	2
GCA_014730175_1	narB	1
GCA_014730175_1	pfkA	2
GCA_014730175_1	pfp	2
GCA_014730175_1	porA	5
GCA_014730175_1	porB	3
GCA_014730175_1	porD	2
GCA_014730175_1	porG	4
GCA_014730175_1	pps	4
GCA_014730175_1	pqqE	2
GCA_014730175_1	pqqF	1
GCA_014730175_1	pta	3
GCA_014730175_1	rnfB	5
GCA_014730175_1	serA	5
GCA_014730175_1	serB	1
GCA_014730175_1	serC	1
GCA_014730175_1	vhcA	1
GCA_014730175_1	vhuG	1
GCA_014730185_1	acdA	10
GCA_014730185_1	ackA	3
GCA_014730185_1	acs	6
GCA_014730185_1	cooF	2
GCA_014730185_1	echE	1
GCA_014730185_1	ehbA	1
GCA_014730185_1	ehbI	1
GCA_014730185_1	eno	2
GCA_014730185_1	fbaA	3
GCA_014730185_1	fbaB	2
GCA_014730185_1	fbp	2
GCA_014730185_1	fchA	1
GCA_014730185_1	fdhA	2
GCA_014730185_1	fdhB	2
GCA_014730185_1	fdhF	1
GCA_014730185_1	fdoH	2
GCA_014730185_1	fdoI	1
GCA_014730185_1	fdwB	1
GCA_014730185_1	folA	3
GCA_014730185_1	fpoA	1
GCA_014730185_1	fpoB	3
GCA_014730185_1	fpoD	1
GCA_014730185_1	fpoH	2
GCA_014730185_1	fpoL	3
GCA_014730185_1	frhD	2
GCA_014730185_1	frmA	3
GCA_014730185_1	gck	2
GCA_014730185_1	glyA	4
GCA_014730185_1	gpmI	2
GCA_014730185_1	hdrD	2
GCA_014730185_1	hmd	1
GCA_014730185_1	hprA	1
GCA_014730185_1	hxlA	1
GCA_014730185_1	hxlB	1
GCA_014730185_1	mauC	2
GCA_014730185_1	mbhJ	1
GCA_014730185_1	mcl	2
GCA_014730185_1	mdh	1
GCA_014730185_1	mdh-K00024	2
GCA_014730185_1	metF	3
GCA_014730185_1	mmoC	2
GCA_014730185_1	mtaA	1
GCA_014730185_1	mtbC	3
GCA_014730185_1	mtkA	1
GCA_014730185_1	mtkB	1
GCA_014730185_1	mxaL	1
GCA_014730185_1	napH	2
GCA_014730185_1	pfkA	4
GCA_014730185_1	pfkB	2
GCA_014730185_1	pfp	2
GCA_014730185_1	porA	3
GCA_014730185_1	porB	3
GCA_014730185_1	porG	1
GCA_014730185_1	ppc	1
GCA_014730185_1	pps	1
GCA_014730185_1	pqqE	3
GCA_014730185_1	pqqF	2
GCA_014730185_1	pta	6
GCA_014730185_1	rnfA	1
GCA_014730185_1	rnfB	6
GCA_014730185_1	rnfC	2
GCA_014730185_1	rnfD	2
GCA_014730185_1	rnfE	2
GCA_014730185_1	rnfG	1
GCA_014730185_1	serA	3
GCA_014730185_1	serB	1
GCA_014730185_1	serC	1
GCA_014730185_1	vhcA	2
GCA_014730185_1	vhcG	1
GCA_014730185_1	vhtG	1
GCA_014859725_1	ackA	1
GCA_014859725_1	acs	1
GCA_014859725_1	acsD	1
GCA_014859725_1	apgM	1
GCA_014859725_1	cdhA	1
GCA_014859725_1	cdhB	1
GCA_014859725_1	cdhC	1
GCA_014859725_1	cdhD	1
GCA_014859725_1	cdhE	2
GCA_014859725_1	cooS	1
GCA_014859725_1	cytC	1
GCA_014859725_1	echB	1
GCA_014859725_1	ehaQ	1
GCA_014859725_1	ehbA	1
GCA_014859725_1	ehbE	1
GCA_014859725_1	ehbH	2
GCA_014859725_1	ehbI	1
GCA_014859725_1	eno	2
GCA_014859725_1	fae-hps	3
GCA_014859725_1	fbaA	2
GCA_014859725_1	fbp	1
GCA_014859725_1	fdhA	1
GCA_014859725_1	fdhB	1
GCA_014859725_1	fdoI	1
GCA_014859725_1	folA	3
GCA_014859725_1	fpoA	1
GCA_014859725_1	fpoB	1
GCA_014859725_1	fpoC	6
GCA_014859725_1	fpoD	1
GCA_014859725_1	fpoF	1
GCA_014859725_1	fpoH	1
GCA_014859725_1	fpoI	1
GCA_014859725_1	fpoJ	2
GCA_014859725_1	fpoK	1
GCA_014859725_1	fpoL	3
GCA_014859725_1	fpoM	2
GCA_014859725_1	fpoN	2
GCA_014859725_1	fpoO	1
GCA_014859725_1	frhB	1
GCA_014859725_1	frmA	2
GCA_014859725_1	ftr	1
GCA_014859725_1	fwdB	2
GCA_014859725_1	fwdC	1
GCA_014859725_1	fwdF	1
GCA_014859725_1	fwdG	2
GCA_014859725_1	glyA	3
GCA_014859725_1	gpmI	1
GCA_014859725_1	hdrA2	7
GCA_014859725_1	hdrB1	1
GCA_014859725_1	hdrB2	3
GCA_014859725_1	hdrC1	1
GCA_014859725_1	hdrC2	2
GCA_014859725_1	hdrD	6
GCA_014859725_1	hdrE	1
GCA_014859725_1	hxlA	1
GCA_014859725_1	hxlB	1
GCA_014859725_1	mauC	1
GCA_014859725_1	mbhJ	2
GCA_014859725_1	mch	1
GCA_014859725_1	mcrA	1
GCA_014859725_1	mcrB	1
GCA_014859725_1	mcrC	1
GCA_014859725_1	mcrD	1
GCA_014859725_1	mcrG	1
GCA_014859725_1	mdh-K00024	2
GCA_014859725_1	mer	2
GCA_014859725_1	mgsC	4
GCA_014859725_1	mmoC	1
GCA_014859725_1	mtd	1
GCA_014859725_1	mtkA	1
GCA_014859725_1	mtkB	1
GCA_014859725_1	mtrA	4
GCA_014859725_1	mtrB	2
GCA_014859725_1	mtrC	2
GCA_014859725_1	mtrD	2
GCA_014859725_1	mtrE	2
GCA_014859725_1	mtrF	1
GCA_014859725_1	mtrG	2
GCA_014859725_1	mtrH	3
GCA_014859725_1	mvhD	1
GCA_014859725_1	napH	2
GCA_014859725_1	narB	1
GCA_014859725_1	narH	1
GCA_014859725_1	pfp	2
GCA_014859725_1	porA	3
GCA_014859725_1	porB	3
GCA_014859725_1	porD	2
GCA_014859725_1	porG	4
GCA_014859725_1	pps	1
GCA_014859725_1	pqqB	1
GCA_014859725_1	pqqE	8
GCA_014859725_1	pta	1
GCA_014859725_1	rnfA	1
GCA_014859725_1	rnfB	5
GCA_014859725_1	rnfC	3
GCA_014859725_1	rnfD	1
GCA_014859725_1	rnfE	2
GCA_014859725_1	rnfG	1
GCA_014859725_1	serA	2
GCA_015062115_1	acdA	4
GCA_015062115_1	ackA	1
GCA_015062115_1	acs	1
GCA_015062115_1	eno	2
GCA_015062115_1	fbaA	2
GCA_015062115_1	fchA	2
GCA_015062115_1	folA	2
GCA_015062115_1	frmA	1
GCA_015062115_1	glyA	5
GCA_015062115_1	gpmB	1
GCA_015062115_1	gpmI	2
GCA_015062115_1	hxlB	1
GCA_015062115_1	mdh	2
GCA_015062115_1	narB	1
GCA_015062115_1	pfkA	1
GCA_015062115_1	pfp	2
GCA_015062115_1	porA	1
GCA_015062115_1	porG	1
GCA_015062115_1	pps	2
GCA_015062115_1	pta	2
GCA_015062115_1	rnfB	3
GCA_015062115_1	rnfE	1
GCA_015062115_1	serB	2
GCA_015062115_1	serC	1
GCA_015062825_1	acdA	1
GCA_015062825_1	acs	1
GCA_015062825_1	apgM	3
GCA_015062825_1	ehaR	1
GCA_015062825_1	ehbA	1
GCA_015062825_1	ehbB	1
GCA_015062825_1	ehbC	1
GCA_015062825_1	ehbD	1
GCA_015062825_1	ehbE	1
GCA_015062825_1	ehbF	1
GCA_015062825_1	ehbG	1
GCA_015062825_1	ehbH	1
GCA_015062825_1	ehbI	1
GCA_015062825_1	ehbJ	1
GCA_015062825_1	ehbK	1
GCA_015062825_1	ehbL	1
GCA_015062825_1	ehbM	1
GCA_015062825_1	ehbN	1
GCA_015062825_1	ehbO	1
GCA_015062825_1	ehbP	1
GCA_015062825_1	ehbQ	1
GCA_015062825_1	eno	2
GCA_015062825_1	fae-hps	1
GCA_015062825_1	fbp	1
GCA_015062825_1	fdhA-K00148	1
GCA_015062825_1	folA	1
GCA_015062825_1	fpoC	2
GCA_015062825_1	frhA	1
GCA_015062825_1	frhB	2
GCA_015062825_1	frhD	3
GCA_015062825_1	frhG	1
GCA_015062825_1	frmA	5
GCA_015062825_1	ftr	2
GCA_015062825_1	fwdB	1
GCA_015062825_1	fwdC	1
GCA_015062825_1	fwdG	1
GCA_015062825_1	glyA	2
GCA_015062825_1	gpmI	1
GCA_015062825_1	hdrA2	1
GCA_015062825_1	hdrB1	1
GCA_015062825_1	hdrB2	1
GCA_015062825_1	hdrC1	1
GCA_015062825_1	hdrD	1
GCA_015062825_1	hxlA	1
GCA_015062825_1	hxlB	1
GCA_015062825_1	mch	2
GCA_015062825_1	mcrA	1
GCA_015062825_1	mcrB	1
GCA_015062825_1	mcrC	1
GCA_015062825_1	mcrD	1
GCA_015062825_1	mcrG	1
GCA_015062825_1	mdh	2
GCA_015062825_1	mdh-K00024	4
GCA_015062825_1	mer	1
GCA_015062825_1	mgsA	1
GCA_015062825_1	mgsC	3
GCA_015062825_1	mtaA	5
GCA_015062825_1	mtaB	2
GCA_015062825_1	mtd	1
GCA_015062825_1	mtrA	2
GCA_015062825_1	mtrB	1
GCA_015062825_1	mtrC	1
GCA_015062825_1	mtrD	1
GCA_015062825_1	mtrE	1
GCA_015062825_1	mtrF	1
GCA_015062825_1	mtrG	1
GCA_015062825_1	mtrH	1
GCA_015062825_1	mvhA	1
GCA_015062825_1	mvhD	1
GCA_015062825_1	mvhG	1
GCA_015062825_1	pfkB	1
GCA_015062825_1	pfp	2
GCA_015062825_1	porA	2
GCA_015062825_1	porB	1
GCA_015062825_1	porD	1
GCA_015062825_1	porG	3
GCA_015062825_1	pps	1
GCA_015062825_1	pqqE	1
GCA_015062825_1	pta	1
GCA_015062825_1	rnfB	1
GCA_015062825_1	serA	2
GCA_015062825_1	serB	1
GCA_015231535_1	acdA	17
GCA_015231535_1	acdB	4
GCA_015231535_1	ackA	6
GCA_015231535_1	acs	8
GCA_015231535_1	apgM	2
GCA_015231535_1	eno	2
GCA_015231535_1	fbp	2
GCA_015231535_1	fdhA	1
GCA_015231535_1	fdhB	1
GCA_015231535_1	fdhF	1
GCA_015231535_1	fdoH	3
GCA_015231535_1	fdwB	1
GCA_015231535_1	folA	6
GCA_015231535_1	fpoA	1
GCA_015231535_1	fpoC	1
GCA_015231535_1	fpoH	1
GCA_015231535_1	fpoL	1
GCA_015231535_1	fpoM	2
GCA_015231535_1	fpoN	1
GCA_015231535_1	frhG	1
GCA_015231535_1	frmA	2
GCA_015231535_1	glyA	5
GCA_015231535_1	gpmB	1
GCA_015231535_1	gpmI	2
GCA_015231535_1	hdrD	1
GCA_015231535_1	hxlB	1
GCA_015231535_1	mbhJ	1
GCA_015231535_1	mcl	3
GCA_015231535_1	mdh	1
GCA_015231535_1	mdh-K00024	3
GCA_015231535_1	metF	1
GCA_015231535_1	mgsC	1
GCA_015231535_1	mmoC	2
GCA_015231535_1	mtbC	2
GCA_015231535_1	mtkA	1
GCA_015231535_1	mtkB	1
GCA_015231535_1	mvhA	1
GCA_015231535_1	napH	1
GCA_015231535_1	narB	5
GCA_015231535_1	nirK	1
GCA_015231535_1	nirS	5
GCA_015231535_1	pfkA	3
GCA_015231535_1	pfkB	1
GCA_015231535_1	pfp	5
GCA_015231535_1	porA	3
GCA_015231535_1	porB	1
GCA_015231535_1	porD	1
GCA_015231535_1	ppc	1
GCA_015231535_1	pps	1
GCA_015231535_1	pqqE	2
GCA_015231535_1	pqqF	1
GCA_015231535_1	pta	7
GCA_015231535_1	rnfA	1
GCA_015231535_1	rnfB	1
GCA_015231535_1	rnfC	1
GCA_015231535_1	rnfD	2
GCA_015231535_1	rnfE	3
GCA_015231535_1	rnfG	1
GCA_015231535_1	serA	3
GCA_015231535_1	serB	2
GCA_015231535_1	serC	3
GCA_015231535_1	thrH	1
GCA_015231535_1	vhtG	1
GCA_015231535_1	xoxF5	1
GCA_015660995_1	acs	3
GCA_015660995_1	acsD	1
GCA_015660995_1	apgM	1
GCA_015660995_1	echC	1
GCA_015660995_1	echE	1
GCA_015660995_1	ehbA	1
GCA_015660995_1	ehbB	1
GCA_015660995_1	ehbD	1
GCA_015660995_1	ehbE	1
GCA_015660995_1	ehbF	1
GCA_015660995_1	ehbI	1
GCA_015660995_1	ehbK	1
GCA_015660995_1	ehbL	1
GCA_015660995_1	ehbM	1
GCA_015660995_1	ehbN	1
GCA_015660995_1	ehbO	1
GCA_015660995_1	ehbP	1
GCA_015660995_1	eno	1
GCA_015660995_1	fbaA	1
GCA_015660995_1	fbp	2
GCA_015660995_1	fdhA	1
GCA_015660995_1	fdhB	1
GCA_015660995_1	fdoH	1
GCA_015660995_1	folA	2
GCA_015660995_1	fpoB	1
GCA_015660995_1	fpoC	2
GCA_015660995_1	fpoH	1
GCA_015660995_1	fpoJ	1
GCA_015660995_1	fpoL	1
GCA_015660995_1	fpoN	1
GCA_015660995_1	frhG	1
GCA_015660995_1	frmA	1
GCA_015660995_1	gck	1
GCA_015660995_1	glpX	1
GCA_015660995_1	glyA	3
GCA_015660995_1	hdrB2	1
GCA_015660995_1	hdrD	3
GCA_015660995_1	hprA	2
GCA_015660995_1	hxlB	1
GCA_015660995_1	mbhJ	1
GCA_015660995_1	mbhK	1
GCA_015660995_1	mcrA	1
GCA_015660995_1	mcrB	1
GCA_015660995_1	mcrC	1
GCA_015660995_1	mcrD	1
GCA_015660995_1	mcrG	1
GCA_015660995_1	mdh	1
GCA_015660995_1	mmoC	1
GCA_015660995_1	mtaA	2
GCA_015660995_1	mtaB	1
GCA_015660995_1	mtaC	1
GCA_015660995_1	mtbA	1
GCA_015660995_1	mtbC	4
GCA_015660995_1	mtkA	2
GCA_015660995_1	mtkB	1
GCA_015660995_1	mtmB	2
GCA_015660995_1	mtrH	1
GCA_015660995_1	mtsA	1
GCA_015660995_1	mttC	2
GCA_015660995_1	mxaF	1
GCA_015660995_1	pfkB	1
GCA_015660995_1	pfp	1
GCA_015660995_1	porA	2
GCA_015660995_1	porB	2
GCA_015660995_1	porD	3
GCA_015660995_1	porG	3
GCA_015660995_1	pps	2
GCA_015660995_1	pqqE	6
GCA_015660995_1	rnfB	1
GCA_015660995_1	rnfC	1
GCA_015660995_1	serA	2
GCA_015660995_1	serB	2
GCA_015660995_1	vhcA	2
GCA_015660995_1	vhuG	1
GCA_015662225_1	apgM	2
GCA_015662225_1	cdhA	1
GCA_015662225_1	cdhB	1
GCA_015662225_1	cdhC	2
GCA_015662225_1	cdhD	1
GCA_015662225_1	cdhE	1
GCA_015662225_1	cooF	2
GCA_015662225_1	ehaA	1
GCA_015662225_1	ehaB	1
GCA_015662225_1	ehaC	1
GCA_015662225_1	ehaE	1
GCA_015662225_1	ehaF	1
GCA_015662225_1	ehaG	1
GCA_015662225_1	ehaH	1
GCA_015662225_1	ehaJ	1
GCA_015662225_1	ehaL	1
GCA_015662225_1	ehaN	1
GCA_015662225_1	ehaO	1
GCA_015662225_1	ehaP	1
GCA_015662225_1	ehbA	1
GCA_015662225_1	ehbC	1
GCA_015662225_1	ehbD	1
GCA_015662225_1	ehbE	1
GCA_015662225_1	ehbF	1
GCA_015662225_1	ehbI	1
GCA_015662225_1	ehbK	1
GCA_015662225_1	ehbL	1
GCA_015662225_1	ehbM	1
GCA_015662225_1	ehbN	1
GCA_015662225_1	ehbO	1
GCA_015662225_1	ehbP	1
GCA_015662225_1	ehbQ	1
GCA_015662225_1	eno	3
GCA_015662225_1	fae-hps	1
GCA_015662225_1	fbp	1
GCA_015662225_1	folA	2
GCA_015662225_1	fpoC	1
GCA_015662225_1	frhA	1
GCA_015662225_1	frhB	1
GCA_015662225_1	frhD	2
GCA_015662225_1	frhG	1
GCA_015662225_1	frmA	2
GCA_015662225_1	ftr	1
GCA_015662225_1	fwdB	2
GCA_015662225_1	fwdC	1
GCA_015662225_1	fwdE	1
GCA_015662225_1	fwdF	1
GCA_015662225_1	fwdG	1
GCA_015662225_1	glyA	1
GCA_015662225_1	gpmI	1
GCA_015662225_1	hdrA2	2
GCA_015662225_1	hdrB1	1
GCA_015662225_1	hdrC1	2
GCA_015662225_1	hdrD	1
GCA_015662225_1	hmd	1
GCA_015662225_1	hxlB	1
GCA_015662225_1	mch	2
GCA_015662225_1	mcrA	2
GCA_015662225_1	mcrB	1
GCA_015662225_1	mcrC	1
GCA_015662225_1	mcrD	1
GCA_015662225_1	mcrG	1
GCA_015662225_1	mdh-K00024	2
GCA_015662225_1	mer	1
GCA_015662225_1	mtkB	1
GCA_015662225_1	mtrA	3
GCA_015662225_1	mtrB	1
GCA_015662225_1	mtrC	1
GCA_015662225_1	mtrD	1
GCA_015662225_1	mtrE	1
GCA_015662225_1	mtrG	1
GCA_015662225_1	mtrH	1
GCA_015662225_1	narH	1
GCA_015662225_1	pfkB	1
GCA_015662225_1	pfp	1
GCA_015662225_1	porA	2
GCA_015662225_1	porB	2
GCA_015662225_1	porD	1
GCA_015662225_1	porG	2
GCA_015662225_1	pps	1
GCA_015662225_1	pqqE	2
GCA_015662225_1	rnfB	1
GCA_015662225_1	serA	2
GCA_015662225_1	serB	1
GCA_015662225_1	vhuA	1
GCA_015662225_1	vhuG	1
GCA_016176845_1	acdA	10
GCA_016176845_1	acs	6
GCA_016176845_1	apgM	1
GCA_016176845_1	cdhA	2
GCA_016176845_1	cdhC	2
GCA_016176845_1	cooF	3
GCA_016176845_1	ehbQ	1
GCA_016176845_1	eno	3
GCA_016176845_1	fbaA	1
GCA_016176845_1	fbaB	1
GCA_016176845_1	fdhA	1
GCA_016176845_1	fdhA-K00148	1
GCA_016176845_1	fdhB	1
GCA_016176845_1	folA	3
GCA_016176845_1	fpoA	1
GCA_016176845_1	fpoB	2
GCA_016176845_1	fpoK	1
GCA_016176845_1	fpoL	1
GCA_016176845_1	fpoN	1
GCA_016176845_1	frhA	1
GCA_016176845_1	frhD	1
GCA_016176845_1	frmA	2
GCA_016176845_1	fwdG	1
GCA_016176845_1	glpX	1
GCA_016176845_1	glyA	1
GCA_016176845_1	hdrA2	2
GCA_016176845_1	hdrD	1
GCA_016176845_1	hxlB	1
GCA_016176845_1	mcl	1
GCA_016176845_1	mgsC	1
GCA_016176845_1	mtaA	1
GCA_016176845_1	mtbC	2
GCA_016176845_1	mtkA	2
GCA_016176845_1	mtkB	1
GCA_016176845_1	mtsA	1
GCA_016176845_1	narG	2
GCA_016176845_1	nirK	2
GCA_016176845_1	pfp	1
GCA_016176845_1	porA	4
GCA_016176845_1	porB	2
GCA_016176845_1	porD	2
GCA_016176845_1	porG	3
GCA_016176845_1	pqqE	10
GCA_016176845_1	pqqF	3
GCA_016176845_1	pta	6
GCA_016176845_1	qhpA	1
GCA_016176845_1	rnfB	2
GCA_016176845_1	rnfC	1
GCA_016176845_1	rnfE	1
GCA_016176845_1	serA	3
GCA_016176845_1	serB	3
GCA_016180645_1	acdA	28
GCA_016180645_1	acdB	1
GCA_016180645_1	ackA	3
GCA_016180645_1	acs	10
GCA_016180645_1	acsD	1
GCA_016180645_1	apgM	2
GCA_016180645_1	cooF	2
GCA_016180645_1	echB	1
GCA_016180645_1	eno	3
GCA_016180645_1	fbaA	1
GCA_016180645_1	fbaB	1
GCA_016180645_1	fbp	1
GCA_016180645_1	fdhA-K00148	2
GCA_016180645_1	fdhB	3
GCA_016180645_1	fdhF	3
GCA_016180645_1	fdoG	1
GCA_016180645_1	fdoI	1
GCA_016180645_1	folA	4
GCA_016180645_1	fpoA	1
GCA_016180645_1	fpoB	3
GCA_016180645_1	fpoC	2
GCA_016180645_1	fpoD	1
GCA_016180645_1	fpoH	1
GCA_016180645_1	fpoI	1
GCA_016180645_1	fpoJ	2
GCA_016180645_1	fpoK	2
GCA_016180645_1	fpoL	2
GCA_016180645_1	fpoM	3
GCA_016180645_1	fpoN	1
GCA_016180645_1	frmA	3
GCA_016180645_1	glpX	1
GCA_016180645_1	glyA	6
GCA_016180645_1	gpmB	2
GCA_016180645_1	gpmI	1
GCA_016180645_1	hprA	1
GCA_016180645_1	mauC	2
GCA_016180645_1	mbhJ	1
GCA_016180645_1	mcl	3
GCA_016180645_1	mdh-K00024	2
GCA_016180645_1	metF	2
GCA_016180645_1	mgsC	1
GCA_016180645_1	mmoC	1
GCA_016180645_1	mtaA	1
GCA_016180645_1	mxaF	1
GCA_016180645_1	mxaL	1
GCA_016180645_1	narB	1
GCA_016180645_1	narG	4
GCA_016180645_1	narH	4
GCA_016180645_1	nirK	4
GCA_016180645_1	nirS	1
GCA_016180645_1	nxrA	1
GCA_016180645_1	pfkA	2
GCA_016180645_1	pfp	2
GCA_016180645_1	porA	2
GCA_016180645_1	porB	2
GCA_016180645_1	pps	1
GCA_016180645_1	pqqE	9
GCA_016180645_1	pqqF	1
GCA_016180645_1	pta	3
GCA_016180645_1	rnfB	1
GCA_016180645_1	rnfE	1
GCA_016180645_1	serA	4
GCA_016180645_1	serB	4
GCA_016190245_1	acdA	35
GCA_016190245_1	acdB	1
GCA_016190245_1	ackA	1
GCA_016190245_1	acs	6
GCA_016190245_1	apgM	2
GCA_016190245_1	cooF	2
GCA_016190245_1	echB	1
GCA_016190245_1	eno	1
GCA_016190245_1	fbaA	1
GCA_016190245_1	fbaB	1
GCA_016190245_1	fbp	1
GCA_016190245_1	fdhA	2
GCA_016190245_1	fdhA-K00148	1
GCA_016190245_1	fdhB	1
GCA_016190245_1	fdhF	1
GCA_016190245_1	folA	4
GCA_016190245_1	fpoA	1
GCA_016190245_1	fpoB	1
GCA_016190245_1	fpoH	1
GCA_016190245_1	fpoJ	2
GCA_016190245_1	fpoK	1
GCA_016190245_1	fpoM	1
GCA_016190245_1	fpoN	1
GCA_016190245_1	frmA	4
GCA_016190245_1	glpX	1
GCA_016190245_1	glyA	4
GCA_016190245_1	hdrA2	1
GCA_016190245_1	hdrD	1
GCA_016190245_1	hmd	1
GCA_016190245_1	mauC	1
GCA_016190245_1	mbhJ	1
GCA_016190245_1	mcl	3
GCA_016190245_1	mdh-K00024	1
GCA_016190245_1	metF	1
GCA_016190245_1	mgsC	1
GCA_016190245_1	mmoC	1
GCA_016190245_1	mtaA	1
GCA_016190245_1	mtkA	1
GCA_016190245_1	mtkB	1
GCA_016190245_1	mxaF	1
GCA_016190245_1	narB	2
GCA_016190245_1	narG	3
GCA_016190245_1	narH	3
GCA_016190245_1	nirK	3
GCA_016190245_1	nxrA	1
GCA_016190245_1	pfp	2
GCA_016190245_1	porA	3
GCA_016190245_1	porB	1
GCA_016190245_1	pps	1
GCA_016190245_1	pqqE	10
GCA_016190245_1	pqqF	1
GCA_016190245_1	pta	6
GCA_016190245_1	rnfE	1
GCA_016190245_1	serA	3
GCA_016190245_1	serB	3
GCA_016190245_1	torY	1
GCA_016192455_1	acdA	13
GCA_016192455_1	ackA	1
GCA_016192455_1	acs	16
GCA_016192455_1	acsD	1
GCA_016192455_1	apgM	2
GCA_016192455_1	cooF	3
GCA_016192455_1	eno	4
GCA_016192455_1	fbaA	4
GCA_016192455_1	fbp	1
GCA_016192455_1	fdhA	1
GCA_016192455_1	fdhA-K00148	3
GCA_016192455_1	fdhB	2
GCA_016192455_1	fdhF	4
GCA_016192455_1	fdm	1
GCA_016192455_1	fdoG	4
GCA_016192455_1	fdoH	1
GCA_016192455_1	fdwB	1
GCA_016192455_1	folA	4
GCA_016192455_1	fpoA	1
GCA_016192455_1	fpoB	1
GCA_016192455_1	fpoC	1
GCA_016192455_1	fpoH	1
GCA_016192455_1	fpoK	1
GCA_016192455_1	fpoL	2
GCA_016192455_1	fpoM	1
GCA_016192455_1	fpoN	1
GCA_016192455_1	frhB	1
GCA_016192455_1	frmA	2
GCA_016192455_1	gck	1
GCA_016192455_1	gfa	2
GCA_016192455_1	glpX	1
GCA_016192455_1	glyA	4
GCA_016192455_1	gpmB	2
GCA_016192455_1	hdrA2	1
GCA_016192455_1	hdrB1	1
GCA_016192455_1	hdrB2	1
GCA_016192455_1	hdrD	4
GCA_016192455_1	hprA	2
GCA_016192455_1	hxlB	1
GCA_016192455_1	mcl	3
GCA_016192455_1	mdh	2
GCA_016192455_1	mdh-K00024	4
GCA_016192455_1	mer	16
GCA_016192455_1	metF	1
GCA_016192455_1	mmoC	1
GCA_016192455_1	mtaA	2
GCA_016192455_1	mtbC	2
GCA_016192455_1	mtkA	2
GCA_016192455_1	mtkB	4
GCA_016192455_1	narB	5
GCA_016192455_1	narH	2
GCA_016192455_1	nirK	1
GCA_016192455_1	nrfH	1
GCA_016192455_1	nxrA	1
GCA_016192455_1	pfkA	1
GCA_016192455_1	pfp	4
GCA_016192455_1	porA	6
GCA_016192455_1	porB	4
GCA_016192455_1	porD	3
GCA_016192455_1	porG	3
GCA_016192455_1	pps	2
GCA_016192455_1	pqqA	1
GCA_016192455_1	pqqC	1
GCA_016192455_1	pqqE	4
GCA_016192455_1	pqqF	3
GCA_016192455_1	pta	3
GCA_016192455_1	rnfB	4
GCA_016192455_1	rnfE	1
GCA_016192455_1	rnfG	1
GCA_016192455_1	serA	5
GCA_016192455_1	serB	2
GCA_016192455_1	serC	1
GCA_016192455_1	torA	3
GCA_016192455_1	torZ	1
GCA_016193065_1	acdA	5
GCA_016193065_1	acs	10
GCA_016193065_1	cooF	3
GCA_016193065_1	dcmA	1
GCA_016193065_1	eno	2
GCA_016193065_1	fae-hps	1
GCA_016193065_1	fbaA	1
GCA_016193065_1	fbp	2
GCA_016193065_1	fdhA	3
GCA_016193065_1	fdhA-K00148	1
GCA_016193065_1	fdhB	3
GCA_016193065_1	fdhF	4
GCA_016193065_1	fdoG	6
GCA_016193065_1	fdoH	5
GCA_016193065_1	fdwB	1
GCA_016193065_1	folA	4
GCA_016193065_1	fpoA	2
GCA_016193065_1	fpoB	2
GCA_016193065_1	fpoC	1
GCA_016193065_1	fpoD	1
GCA_016193065_1	fpoH	1
GCA_016193065_1	fpoK	2
GCA_016193065_1	fpoL	1
GCA_016193065_1	fpoM	1
GCA_016193065_1	fpoN	2
GCA_016193065_1	frhB	1
GCA_016193065_1	frmA	4
GCA_016193065_1	gck	1
GCA_016193065_1	glpX	2
GCA_016193065_1	glyA	4
GCA_016193065_1	gpmB	1
GCA_016193065_1	gpmI	1
GCA_016193065_1	hdrA2	2
GCA_016193065_1	hdrD	4
GCA_016193065_1	hprA	1
GCA_016193065_1	hxlB	1
GCA_016193065_1	mauC	1
GCA_016193065_1	mcl	1
GCA_016193065_1	mdh	1
GCA_016193065_1	mdh-K00024	1
GCA_016193065_1	mer	15
GCA_016193065_1	metF	4
GCA_016193065_1	mgsA	1
GCA_016193065_1	mgsC	2
GCA_016193065_1	mtkA	1
GCA_016193065_1	mtkB	1
GCA_016193065_1	mxaL	1
GCA_016193065_1	narB	2
GCA_016193065_1	narZ	1
GCA_016193065_1	nirK	7
GCA_016193065_1	nrfH	1
GCA_016193065_1	pfkA	3
GCA_016193065_1	pfp	2
GCA_016193065_1	porA	3
GCA_016193065_1	porB	4
GCA_016193065_1	porD	3
GCA_016193065_1	porG	3
GCA_016193065_1	pps	1
GCA_016193065_1	pqqE	5
GCA_016193065_1	pqqF	4
GCA_016193065_1	pta	3
GCA_016193065_1	rnfB	5
GCA_016193065_1	rnfE	2
GCA_016193065_1	serA	3
GCA_016193065_1	serB	3
GCA_016193065_1	torA	1
GCA_016193065_1	torD	1
GCA_016200385_1	acdA	6
GCA_016200385_1	ackA	2
GCA_016200385_1	acs	4
GCA_016200385_1	apgM	1
GCA_016200385_1	cooF	1
GCA_016200385_1	eno	3
GCA_016200385_1	fae	1
GCA_016200385_1	fbaA	1
GCA_016200385_1	fbaB	1
GCA_016200385_1	fbp	2
GCA_016200385_1	fdhA	3
GCA_016200385_1	fdhA-K00148	2
GCA_016200385_1	fdhB	1
GCA_016200385_1	fdhF	3
GCA_016200385_1	fdm	1
GCA_016200385_1	fdoH	1
GCA_016200385_1	fdwB	2
GCA_016200385_1	folA	4
GCA_016200385_1	fpoA	1
GCA_016200385_1	fpoB	1
GCA_016200385_1	fpoC	2
GCA_016200385_1	fpoH	2
GCA_016200385_1	fpoJ	2
GCA_016200385_1	fpoK	3
GCA_016200385_1	fpoL	2
GCA_016200385_1	fpoM	2
GCA_016200385_1	fpoN	1
GCA_016200385_1	frmA	3
GCA_016200385_1	ftr	1
GCA_016200385_1	fwdB	1
GCA_016200385_1	fwdC	1
GCA_016200385_1	gck	1
GCA_016200385_1	glpX	4
GCA_016200385_1	glyA	3
GCA_016200385_1	gpmB	2
GCA_016200385_1	gpmI	1
GCA_016200385_1	hdrD	2
GCA_016200385_1	mch	1
GCA_016200385_1	mdh-K00024	2
GCA_016200385_1	mer	2
GCA_016200385_1	metF	2
GCA_016200385_1	mgsC	1
GCA_016200385_1	mmoC	1
GCA_016200385_1	mtdB	1
GCA_016200385_1	mtkA	1
GCA_016200385_1	mtkB	1
GCA_016200385_1	mtsA	1
GCA_016200385_1	mxaG	1
GCA_016200385_1	narB	2
GCA_016200385_1	narH	1
GCA_016200385_1	nirK	2
GCA_016200385_1	nxrA	2
GCA_016200385_1	pfp	5
GCA_016200385_1	porA	1
GCA_016200385_1	pps	3
GCA_016200385_1	pqqA	1
GCA_016200385_1	pqqB	1
GCA_016200385_1	pqqC	1
GCA_016200385_1	pqqD	1
GCA_016200385_1	pqqE	9
GCA_016200385_1	pqqF	2
GCA_016200385_1	pta	4
GCA_016200385_1	rnfE	3
GCA_016200385_1	serA	4
GCA_016200385_1	serB	2
GCA_016200385_1	serC	2
GCA_016200385_1	torD	1
GCA_016202395_1	acdA	8
GCA_016202395_1	acs	5
GCA_016202395_1	acsD	1
GCA_016202395_1	cooF	1
GCA_016202395_1	eno	2
GCA_016202395_1	fbaA	1
GCA_016202395_1	fbp	1
GCA_016202395_1	fdhA	1
GCA_016202395_1	fdhB	1
GCA_016202395_1	fdoH	1
GCA_016202395_1	fdwB	2
GCA_016202395_1	folA	5
GCA_016202395_1	fpoC	1
GCA_016202395_1	fpoH	1
GCA_016202395_1	fpoK	1
GCA_016202395_1	fpoL	1
GCA_016202395_1	frmA	3
GCA_016202395_1	glpX	2
GCA_016202395_1	glyA	3
GCA_016202395_1	gpmB	1
GCA_016202395_1	gpmI	2
GCA_016202395_1	hdrD	1
GCA_016202395_1	hprA	1
GCA_016202395_1	hxlB	1
GCA_016202395_1	mbhJ	1
GCA_016202395_1	mcl	2
GCA_016202395_1	mdh-K00024	1
GCA_016202395_1	metF	1
GCA_016202395_1	mgsC	1
GCA_016202395_1	mmoC	1
GCA_016202395_1	mtkB	1
GCA_016202395_1	mxaF	1
GCA_016202395_1	narB	1
GCA_016202395_1	narG	1
GCA_016202395_1	narH	1
GCA_016202395_1	nirK	4
GCA_016202395_1	pfkA	1
GCA_016202395_1	pfp	2
GCA_016202395_1	porA	2
GCA_016202395_1	porB	1
GCA_016202395_1	porG	1
GCA_016202395_1	pps	1
GCA_016202395_1	pqqE	3
GCA_016202395_1	pqqF	1
GCA_016202395_1	pta	4
GCA_016202395_1	serA	3
GCA_016202395_1	serB	2
GCA_016234365_1	acdA	6
GCA_016234365_1	ackA	4
GCA_016234365_1	acs	2
GCA_016234365_1	cooS	2
GCA_016234365_1	echC	1
GCA_016234365_1	echE	1
GCA_016234365_1	eno	1
GCA_016234365_1	fbaA	2
GCA_016234365_1	fchA	1
GCA_016234365_1	fdhA	1
GCA_016234365_1	fdhA-K00148	1
GCA_016234365_1	fdhF	1
GCA_016234365_1	fdwB	1
GCA_016234365_1	folA	1
GCA_016234365_1	fpoC	2
GCA_016234365_1	fpoD	1
GCA_016234365_1	fpoH	3
GCA_016234365_1	fpoJ	1
GCA_016234365_1	fpoK	1
GCA_016234365_1	fpoL	3
GCA_016234365_1	fpoM	1
GCA_016234365_1	fpoN	1
GCA_016234365_1	frhD	1
GCA_016234365_1	glpX	1
GCA_016234365_1	glyA	4
GCA_016234365_1	gpmI	2
GCA_016234365_1	hdrA1	2
GCA_016234365_1	hdrC2	1
GCA_016234365_1	hxlB	2
GCA_016234365_1	mauC	1
GCA_016234365_1	mdh	1
GCA_016234365_1	metF	1
GCA_016234365_1	mtbC	1
GCA_016234365_1	mtkA	3
GCA_016234365_1	mtkB	1
GCA_016234365_1	mvhD	1
GCA_016234365_1	narB	1
GCA_016234365_1	nrfA	1
GCA_016234365_1	nrfH	1
GCA_016234365_1	pfkA	1
GCA_016234365_1	pfkB	2
GCA_016234365_1	pfp	4
GCA_016234365_1	porA	1
GCA_016234365_1	porB	1
GCA_016234365_1	porG	1
GCA_016234365_1	pps	1
GCA_016234365_1	pqqE	17
GCA_016234365_1	pqqF	1
GCA_016234365_1	pta	4
GCA_016234365_1	rnfB	5
GCA_016234365_1	rnfC	1
GCA_016234365_1	rnfE	1
GCA_016234365_1	serA	2
GCA_016234365_1	serB	3
GCA_016234365_1	serC	1
GCA_016234365_1	vhcA	1
GCA_016234365_1	vhcG	1
GCA_016283195_1	ackA	2
GCA_016283195_1	acs	2
GCA_016283195_1	eno	2
GCA_016283195_1	fbaA	2
GCA_016283195_1	folA	1
GCA_016283195_1	fpoL	1
GCA_016283195_1	fpoN	1
GCA_016283195_1	frmA	1
GCA_016283195_1	glyA	8
GCA_016283195_1	gpmI	1
GCA_016283195_1	hprA	2
GCA_016283195_1	mdh	1
GCA_016283195_1	mdh-K00024	4
GCA_016283195_1	mxaL	1
GCA_016283195_1	narB	1
GCA_016283195_1	nirK	1
GCA_016283195_1	pfkA	1
GCA_016283195_1	pfp	3
GCA_016283195_1	porB	1
GCA_016283195_1	porG	1
GCA_016283195_1	pps	1
GCA_016283195_1	pqqE	2
GCA_016283195_1	pqqF	1
GCA_016283195_1	pta	2
GCA_016283195_1	rnfB	5
GCA_016283195_1	rnfE	1
GCA_016283195_1	serA	4
GCA_016283195_1	serB	1
GCA_016283195_1	serC	1
GCA_016703535_1	acdA	17
GCA_016703535_1	acdB	2
GCA_016703535_1	ackA	2
GCA_016703535_1	acs	7
GCA_016703535_1	cooF	11
GCA_016703535_1	cytC	1
GCA_016703535_1	eno	5
GCA_016703535_1	fbaA	1
GCA_016703535_1	fbaB	1
GCA_016703535_1	fbp	3
GCA_016703535_1	fdhA	3
GCA_016703535_1	fdhB	1
GCA_016703535_1	fdhF	1
GCA_016703535_1	fdm	1
GCA_016703535_1	fdoG	1
GCA_016703535_1	fdsD	1
GCA_016703535_1	fdwB	3
GCA_016703535_1	fghA	2
GCA_016703535_1	folA	8
GCA_016703535_1	fpoA	2
GCA_016703535_1	fpoB	4
GCA_016703535_1	fpoC	2
GCA_016703535_1	fpoD	2
GCA_016703535_1	fpoH	2
GCA_016703535_1	fpoJ	2
GCA_016703535_1	fpoK	1
GCA_016703535_1	fpoL	1
GCA_016703535_1	fpoM	1
GCA_016703535_1	fpoN	1
GCA_016703535_1	frhA	1
GCA_016703535_1	frhG	1
GCA_016703535_1	frmA	5
GCA_016703535_1	frmB	1
GCA_016703535_1	gck	1
GCA_016703535_1	glyA	20
GCA_016703535_1	gpmB	1
GCA_016703535_1	gpmI	3
GCA_016703535_1	hdrD	1
GCA_016703535_1	hprA	1
GCA_016703535_1	mauC	5
GCA_016703535_1	mcl	2
GCA_016703535_1	mdh-K00024	11
GCA_016703535_1	mer	1
GCA_016703535_1	metF	3
GCA_016703535_1	mgsA	1
GCA_016703535_1	mgsC	1
GCA_016703535_1	mtkA	1
GCA_016703535_1	napH	1
GCA_016703535_1	narB	2
GCA_016703535_1	narH	1
GCA_016703535_1	nirK	9
GCA_016703535_1	pfkA	2
GCA_016703535_1	pfkB	1
GCA_016703535_1	pfp	5
GCA_016703535_1	porA	1
GCA_016703535_1	porD	1
GCA_016703535_1	ppc	1
GCA_016703535_1	pps	2
GCA_016703535_1	pqqE	3
GCA_016703535_1	pqqF	5
GCA_016703535_1	pta	5
GCA_016703535_1	rnfB	3
GCA_016703535_1	rnfD	1
GCA_016703535_1	rnfE	2
GCA_016703535_1	serA	6
GCA_016703535_1	serB	4
GCA_016703535_1	serC	1
GCA_016783505_1	acdA	4
GCA_016783505_1	ackA	2
GCA_016783505_1	acs	3
GCA_016783505_1	acsC	1
GCA_016783505_1	eno	2
GCA_016783505_1	fbaA	1
GCA_016783505_1	fbaB	1
GCA_016783505_1	fdhA-K00148	1
GCA_016783505_1	folA	2
GCA_016783505_1	fpoL	1
GCA_016783505_1	fpoN	1
GCA_016783505_1	frmA	1
GCA_016783505_1	glyA	3
GCA_016783505_1	hdrA1	4
GCA_016783505_1	hdrA2	4
GCA_016783505_1	hdrB1	1
GCA_016783505_1	hdrB2	2
GCA_016783505_1	hdrC2	2
GCA_016783505_1	hdrD	4
GCA_016783505_1	mcl	1
GCA_016783505_1	mdh	1
GCA_016783505_1	mdh-K00024	2
GCA_016783505_1	mmoC	2
GCA_016783505_1	mtbC	1
GCA_016783505_1	mtkA	1
GCA_016783505_1	mtkB	1
GCA_016783505_1	mttB	1
GCA_016783505_1	mvhD	1
GCA_016783505_1	napH	1
GCA_016783505_1	nrfA	1
GCA_016783505_1	nrfH	1
GCA_016783505_1	pfkA	3
GCA_016783505_1	pfkB	1
GCA_016783505_1	pfp	3
GCA_016783505_1	porA	4
GCA_016783505_1	porB	3
GCA_016783505_1	porG	2
GCA_016783505_1	pps	1
GCA_016783505_1	pqqE	4
GCA_016783505_1	pqqF	2
GCA_016783505_1	pta	4
GCA_016783505_1	rnfA	2
GCA_016783505_1	rnfB	4
GCA_016783505_1	rnfC	3
GCA_016783505_1	rnfD	2
GCA_016783505_1	rnfE	2
GCA_016783505_1	rnfG	2
GCA_016783505_1	serA	4
GCA_016783505_1	serB	1
GCA_016783505_1	serC	1
GCA_016783505_1	vhcD	1
GCA_016783505_1	vhcG	1
GCA_016783505_1	vhuA	1
GCA_016866785_1	acdA	1
GCA_016866785_1	ackA	5
GCA_016866785_1	acs	5
GCA_016866785_1	apgM	2
GCA_016866785_1	eno	4
GCA_016866785_1	fbaA	3
GCA_016866785_1	fdhA	3
GCA_016866785_1	fdhA-K00148	6
GCA_016866785_1	fdhF	1
GCA_016866785_1	fdm	1
GCA_016866785_1	fdwB	4
GCA_016866785_1	folA	5
GCA_016866785_1	fpoA	2
GCA_016866785_1	fpoB	2
GCA_016866785_1	fpoC	2
GCA_016866785_1	fpoD	1
GCA_016866785_1	fpoH	3
GCA_016866785_1	fpoJ	1
GCA_016866785_1	fpoK	2
GCA_016866785_1	fpoL	1
GCA_016866785_1	fpoM	2
GCA_016866785_1	fpoN	2
GCA_016866785_1	frmA	6
GCA_016866785_1	glyA	4
GCA_016866785_1	gpmB	1
GCA_016866785_1	hdrB1	1
GCA_016866785_1	hdrD	1
GCA_016866785_1	hmd	2
GCA_016866785_1	hprA	4
GCA_016866785_1	hxlA	1
GCA_016866785_1	hxlB	2
GCA_016866785_1	mdh	2
GCA_016866785_1	mdh-K00024	3
GCA_016866785_1	mgsC	1
GCA_016866785_1	mtaA	5
GCA_016866785_1	mtkA	1
GCA_016866785_1	mttC	1
GCA_016866785_1	mvhA	1
GCA_016866785_1	mvhG	1
GCA_016866785_1	mxaD	1
GCA_016866785_1	mxaL	1
GCA_016866785_1	narH	1
GCA_016866785_1	nirK	1
GCA_016866785_1	nxrA	1
GCA_016866785_1	pfkA	1
GCA_016866785_1	pfkB	2
GCA_016866785_1	pfp	3
GCA_016866785_1	porA	3
GCA_016866785_1	porB	2
GCA_016866785_1	porD	1
GCA_016866785_1	porG	1
GCA_016866785_1	pps	1
GCA_016866785_1	pqqB	1
GCA_016866785_1	pqqE	3
GCA_016866785_1	pqqF	2
GCA_016866785_1	pta	3
GCA_016866785_1	rnfC	1
GCA_016866785_1	rnfD	1
GCA_016866785_1	serA	8
GCA_016866785_1	serB	4
GCA_016927185_1	acdA	3
GCA_016927185_1	ackA	2
GCA_016927185_1	acs	1
GCA_016927185_1	amoB	1
GCA_016927185_1	apgM	1
GCA_016927185_1	cooF	3
GCA_016927185_1	eno	3
GCA_016927185_1	fbaA	1
GCA_016927185_1	fchA	1
GCA_016927185_1	fdhA	4
GCA_016927185_1	fdhA-K00148	1
GCA_016927185_1	fdhB	1
GCA_016927185_1	folA	1
GCA_016927185_1	frmA	1
GCA_016927185_1	glpX	1
GCA_016927185_1	glyA	3
GCA_016927185_1	hdrA2	7
GCA_016927185_1	hdrB1	1
GCA_016927185_1	hdrC2	1
GCA_016927185_1	hdrD	2
GCA_016927185_1	hmd	1
GCA_016927185_1	mdh	1
GCA_016927185_1	mdh-K00024	1
GCA_016927185_1	mgsA	1
GCA_016927185_1	mtkA	1
GCA_016927185_1	mtkB	2
GCA_016927185_1	mvhD	2
GCA_016927185_1	nirK	1
GCA_016927185_1	pfkA	3
GCA_016927185_1	pfp	1
GCA_016927185_1	porA	3
GCA_016927185_1	porB	2
GCA_016927185_1	porD	1
GCA_016927185_1	porG	3
GCA_016927185_1	pps	1
GCA_016927185_1	pqqE	11
GCA_016927185_1	pqqF	1
GCA_016927185_1	pta	4
GCA_016927185_1	rnfA	1
GCA_016927185_1	rnfB	8
GCA_016927185_1	rnfC	2
GCA_016927185_1	rnfD	1
GCA_016927185_1	rnfE	1
GCA_016927185_1	rnfG	1
GCA_016927185_1	serA	2
GCA_016927185_1	serB	1
GCA_016927185_1	vhcD	1
GCA_016929715_1	acdA	2
GCA_016929715_1	ackA	3
GCA_016929715_1	cooF	2
GCA_016929715_1	cooS	1
GCA_016929715_1	eno	2
GCA_016929715_1	fae-hps	1
GCA_016929715_1	fbaA	2
GCA_016929715_1	fbaB	1
GCA_016929715_1	fchA	1
GCA_016929715_1	fdhA	3
GCA_016929715_1	fdhB	1
GCA_016929715_1	fghA	1
GCA_016929715_1	folA	2
GCA_016929715_1	fpoB	1
GCA_016929715_1	frmA	2
GCA_016929715_1	glyA	2
GCA_016929715_1	mcl	1
GCA_016929715_1	mdh	1
GCA_016929715_1	mdh-K00024	2
GCA_016929715_1	metF	1
GCA_016929715_1	mmoC	1
GCA_016929715_1	mxaC	1
GCA_016929715_1	narB	1
GCA_016929715_1	pfkA	2
GCA_016929715_1	pfp	2
GCA_016929715_1	porA	3
GCA_016929715_1	porB	2
GCA_016929715_1	porG	2
GCA_016929715_1	pps	2
GCA_016929715_1	pqqE	2
GCA_016929715_1	pta	4
GCA_016929715_1	rnfA	1
GCA_016929715_1	rnfB	4
GCA_016929715_1	rnfC	1
GCA_016929715_1	rnfD	1
GCA_016929715_1	rnfE	1
GCA_016929715_1	rnfG	2
GCA_016929715_1	serA	5
GCA_016929715_1	serB	1
GCA_016934535_1	acdA	2
GCA_016934535_1	ackA	3
GCA_016934535_1	acs	2
GCA_016934535_1	cooF	2
GCA_016934535_1	eno	2
GCA_016934535_1	fae-hps	1
GCA_016934535_1	fbaA	3
GCA_016934535_1	fbaB	1
GCA_016934535_1	fchA	1
GCA_016934535_1	fdhA	4
GCA_016934535_1	fdhF	1
GCA_016934535_1	folA	4
GCA_016934535_1	fpoB	1
GCA_016934535_1	frmA	2
GCA_016934535_1	frmB	1
GCA_016934535_1	glyA	3
GCA_016934535_1	mauC	1
GCA_016934535_1	mdh	1
GCA_016934535_1	metF	1
GCA_016934535_1	mmoC	1
GCA_016934535_1	mxaC	1
GCA_016934535_1	narB	1
GCA_016934535_1	pfkA	1
GCA_016934535_1	pfp	2
GCA_016934535_1	porA	2
GCA_016934535_1	porB	2
GCA_016934535_1	porG	2
GCA_016934535_1	pps	2
GCA_016934535_1	pqqE	2
GCA_016934535_1	pqqF	1
GCA_016934535_1	pta	4
GCA_016934535_1	rnfB	6
GCA_016934535_1	rnfG	1
GCA_016934535_1	serA	4
GCA_016934535_1	serB	2
GCA_016934595_1	acdA	2
GCA_016934595_1	ackA	2
GCA_016934595_1	acs	11
GCA_016934595_1	acsD	2
GCA_016934595_1	apgM	2
GCA_016934595_1	cooF	1
GCA_016934595_1	ehbA	1
GCA_016934595_1	ehbH	3
GCA_016934595_1	eno	4
GCA_016934595_1	fbaA	2
GCA_016934595_1	fchA	1
GCA_016934595_1	fdhA	4
GCA_016934595_1	fdhF	2
GCA_016934595_1	fdm	1
GCA_016934595_1	fdoH	3
GCA_016934595_1	fdoI	1
GCA_016934595_1	folA	3
GCA_016934595_1	fpoL	1
GCA_016934595_1	fpoM	1
GCA_016934595_1	fpoN	2
GCA_016934595_1	frmA	2
GCA_016934595_1	glyA	6
GCA_016934595_1	gpmI	1
GCA_016934595_1	hdrA2	2
GCA_016934595_1	hdrB2	1
GCA_016934595_1	hdrC2	1
GCA_016934595_1	hxlB	1
GCA_016934595_1	mauC	1
GCA_016934595_1	mdh-K00024	1
GCA_016934595_1	mgsC	2
GCA_016934595_1	mtkB	1
GCA_016934595_1	mvhD	2
GCA_016934595_1	mxaF	1
GCA_016934595_1	narB	2
GCA_016934595_1	pfkA	2
GCA_016934595_1	pfp	5
GCA_016934595_1	porA	2
GCA_016934595_1	porB	1
GCA_016934595_1	porD	1
GCA_016934595_1	porG	2
GCA_016934595_1	pps	1
GCA_016934595_1	pqqE	6
GCA_016934595_1	pqqF	2
GCA_016934595_1	pta	5
GCA_016934595_1	rnfA	1
GCA_016934595_1	rnfB	3
GCA_016934595_1	rnfC	5
GCA_016934595_1	rnfD	3
GCA_016934595_1	rnfE	2
GCA_016934595_1	rnfG	1
GCA_016934595_1	serA	4
GCA_016934595_1	serB	1
GCA_016934595_1	serC	1
GCA_016934595_1	torD	2
GCA_016934675_1	acdA	10
GCA_016934675_1	ackA	3
GCA_016934675_1	acs	11
GCA_016934675_1	cooF	5
GCA_016934675_1	ehbH	1
GCA_016934675_1	eno	4
GCA_016934675_1	fbaA	2
GCA_016934675_1	fbaB	1
GCA_016934675_1	fchA	1
GCA_016934675_1	fdhA	2
GCA_016934675_1	fdhF	1
GCA_016934675_1	fdoH	1
GCA_016934675_1	folA	3
GCA_016934675_1	fpoA	1
GCA_016934675_1	fpoB	2
GCA_016934675_1	fpoD	1
GCA_016934675_1	fpoH	2
GCA_016934675_1	fpoJ	2
GCA_016934675_1	fpoK	2
GCA_016934675_1	fpoL	3
GCA_016934675_1	fpoM	2
GCA_016934675_1	fpoN	2
GCA_016934675_1	frmA	3
GCA_016934675_1	gck	1
GCA_016934675_1	glyA	5
GCA_016934675_1	gpmB	1
GCA_016934675_1	gpmI	3
GCA_016934675_1	hdrA1	2
GCA_016934675_1	hdrA2	2
GCA_016934675_1	hdrB2	1
GCA_016934675_1	hdrC2	1
GCA_016934675_1	hdrD	2
GCA_016934675_1	hprA	1
GCA_016934675_1	hxlA	2
GCA_016934675_1	hxlB	1
GCA_016934675_1	mcl	1
GCA_016934675_1	mdh	1
GCA_016934675_1	mdh-K00024	1
GCA_016934675_1	metF	1
GCA_016934675_1	mtbC	2
GCA_016934675_1	mtkA	2
GCA_016934675_1	mtkB	3
GCA_016934675_1	mttB	1
GCA_016934675_1	mvhA	1
GCA_016934675_1	mvhD	3
GCA_016934675_1	mvhG	1
GCA_016934675_1	mxaC	1
GCA_016934675_1	narB	3
GCA_016934675_1	nirK	1
GCA_016934675_1	pfkA	4
GCA_016934675_1	pfp	1
GCA_016934675_1	porA	2
GCA_016934675_1	porB	1
GCA_016934675_1	porG	2
GCA_016934675_1	pps	2
GCA_016934675_1	pqqE	10
GCA_016934675_1	pqqF	1
GCA_016934675_1	pta	6
GCA_016934675_1	rnfB	4
GCA_016934675_1	rnfC	2
GCA_016934675_1	rnfE	1
GCA_016934675_1	serA	9
GCA_016934675_1	serB	2
GCA_016934675_1	serC	3
GCA_016934675_1	vhcD	1
GCA_016936235_1	acdA	2
GCA_016936235_1	ackA	2
GCA_016936235_1	acs	6
GCA_016936235_1	apgM	1
GCA_016936235_1	cooF	1
GCA_016936235_1	echE	1
GCA_016936235_1	ehbA	1
GCA_016936235_1	ehbI	1
GCA_016936235_1	eno	2
GCA_016936235_1	fbaA	2
GCA_016936235_1	fchA	1
GCA_016936235_1	fdhA	1
GCA_016936235_1	fdhB	4
GCA_016936235_1	fghA	2
GCA_016936235_1	folA	1
GCA_016936235_1	fpoH	1
GCA_016936235_1	fpoN	1
GCA_016936235_1	frhB	1
GCA_016936235_1	frhD	2
GCA_016936235_1	frmA	1
GCA_016936235_1	glyA	3
GCA_016936235_1	hdrA1	1
GCA_016936235_1	hdrA2	5
GCA_016936235_1	hdrB1	1
GCA_016936235_1	hdrC2	2
GCA_016936235_1	hxlB	1
GCA_016936235_1	mauC	1
GCA_016936235_1	mbhJ	1
GCA_016936235_1	mbhL	1
GCA_016936235_1	mcl	1
GCA_016936235_1	mdh-K00024	1
GCA_016936235_1	mgdA	1
GCA_016936235_1	mmoC	1
GCA_016936235_1	mtkA	2
GCA_016936235_1	mtkB	2
GCA_016936235_1	mvhD	4
GCA_016936235_1	mxaC	1
GCA_016936235_1	narH	1
GCA_016936235_1	pfkA	1
GCA_016936235_1	pfkB	1
GCA_016936235_1	pfp	2
GCA_016936235_1	porA	2
GCA_016936235_1	porB	2
GCA_016936235_1	porD	1
GCA_016936235_1	porG	1
GCA_016936235_1	pps	3
GCA_016936235_1	pqqE	8
GCA_016936235_1	pqqF	1
GCA_016936235_1	pta	5
GCA_016936235_1	rnfA	1
GCA_016936235_1	rnfB	8
GCA_016936235_1	rnfC	1
GCA_016936235_1	rnfD	1
GCA_016936235_1	rnfE	2
GCA_016936235_1	rnfG	1
GCA_016936235_1	serA	3
GCA_016936235_1	serB	3
GCA_016936235_1	vhcG	1
GCA_016936235_1	vhuA	1
GCA_017879645_1	acdA	3
GCA_017879645_1	acs	1
GCA_017879645_1	amoA	2
GCA_017879645_1	amoB	2
GCA_017879645_1	amoC	5
GCA_017879645_1	apgM	1
GCA_017879645_1	eno	3
GCA_017879645_1	fbaA	2
GCA_017879645_1	fbaB	1
GCA_017879645_1	fdhF	1
GCA_017879645_1	fdwB	2
GCA_017879645_1	fghA	1
GCA_017879645_1	folA	6
GCA_017879645_1	fpoB	2
GCA_017879645_1	fpoC	1
GCA_017879645_1	fpoD	1
GCA_017879645_1	fpoJ	1
GCA_017879645_1	fpoL	1
GCA_017879645_1	fpoM	1
GCA_017879645_1	fpoN	1
GCA_017879645_1	frhG	1
GCA_017879645_1	frmA	3
GCA_017879645_1	gck	1
GCA_017879645_1	glpX	1
GCA_017879645_1	glyA	17
GCA_017879645_1	gpmB	3
GCA_017879645_1	gpmI	1
GCA_017879645_1	hdrA2	1
GCA_017879645_1	hprA	1
GCA_017879645_1	mauC	3
GCA_017879645_1	mcl	1
GCA_017879645_1	mdh	1
GCA_017879645_1	mdh-K00024	1
GCA_017879645_1	metF	2
GCA_017879645_1	mmoC	1
GCA_017879645_1	mtaA	1
GCA_017879645_1	mtkA	2
GCA_017879645_1	mtkB	2
GCA_017879645_1	narB	1
GCA_017879645_1	nirK	7
GCA_017879645_1	pfp	4
GCA_017879645_1	ppc	1
GCA_017879645_1	pps	1
GCA_017879645_1	pqqC	1
GCA_017879645_1	pqqE	2
GCA_017879645_1	pqqF	1
GCA_017879645_1	pta	2
GCA_017879645_1	rnfB	1
GCA_017879645_1	rnfE	3
GCA_017879645_1	serA	2
GCA_017879645_1	serB	4
GCA_017879645_1	serC	1
GCA_017879645_1	tmm	1
GCA_017879645_1	torY	2
GCA_017995405_1	acdA	2
GCA_017995405_1	ackA	1
GCA_017995405_1	acs	4
GCA_017995405_1	cooF	1
GCA_017995405_1	cooS	1
GCA_017995405_1	echB	2
GCA_017995405_1	ehbA	1
GCA_017995405_1	ehbC	1
GCA_017995405_1	ehbE	1
GCA_017995405_1	eno	1
GCA_017995405_1	fchA	1
GCA_017995405_1	fdhA	1
GCA_017995405_1	folA	3
GCA_017995405_1	fpoD	2
GCA_017995405_1	fpoM	1
GCA_017995405_1	frmA	2
GCA_017995405_1	gck	1
GCA_017995405_1	glyA	3
GCA_017995405_1	mcl	1
GCA_017995405_1	mdh	2
GCA_017995405_1	mdh-K00024	1
GCA_017995405_1	mgsA	1
GCA_017995405_1	mmoC	1
GCA_017995405_1	mtbC	1
GCA_017995405_1	mtkB	2
GCA_017995405_1	mxaC	1
GCA_017995405_1	napH	1
GCA_017995405_1	pfkA	2
GCA_017995405_1	pfkB	1
GCA_017995405_1	pfp	2
GCA_017995405_1	porA	2
GCA_017995405_1	porB	1
GCA_017995405_1	porD	2
GCA_017995405_1	porG	2
GCA_017995405_1	pps	3
GCA_017995405_1	pqqE	1
GCA_017995405_1	pqqF	1
GCA_017995405_1	pta	6
GCA_017995405_1	rnfA	1
GCA_017995405_1	rnfB	4
GCA_017995405_1	rnfD	1
GCA_017995405_1	serA	4
GCA_017995405_1	serB	1
GCA_017995405_1	serC	1
GCA_017997825_1	acdA	3
GCA_017997825_1	ackA	4
GCA_017997825_1	acs	4
GCA_017997825_1	apgM	1
GCA_017997825_1	cooF	1
GCA_017997825_1	echB	1
GCA_017997825_1	eno	2
GCA_017997825_1	fbaA	3
GCA_017997825_1	fchA	2
GCA_017997825_1	fghA	1
GCA_017997825_1	folA	3
GCA_017997825_1	fpoB	1
GCA_017997825_1	fpoM	1
GCA_017997825_1	frmA	3
GCA_017997825_1	glyA	4
GCA_017997825_1	gpmI	1
GCA_017997825_1	mcl	1
GCA_017997825_1	mdh	2
GCA_017997825_1	mdh-K00024	2
GCA_017997825_1	metF	3
GCA_017997825_1	mmoC	1
GCA_017997825_1	mtbC	3
GCA_017997825_1	mtkA	1
GCA_017997825_1	mtkB	2
GCA_017997825_1	mttC	1
GCA_017997825_1	narH	1
GCA_017997825_1	pfkB	1
GCA_017997825_1	pfp	5
GCA_017997825_1	porA	3
GCA_017997825_1	porB	3
GCA_017997825_1	porD	1
GCA_017997825_1	porG	2
GCA_017997825_1	ppc	1
GCA_017997825_1	pps	1
GCA_017997825_1	pqqE	4
GCA_017997825_1	pta	5
GCA_017997825_1	rnfA	1
GCA_017997825_1	rnfB	8
GCA_017997825_1	rnfC	2
GCA_017997825_1	rnfD	2
GCA_017997825_1	rnfE	2
GCA_017997825_1	rnfG	2
GCA_017997825_1	serA	4
GCA_017997825_1	serB	3
GCA_017997825_1	serC	1
GCA_017999075_1	acdA	2
GCA_017999075_1	ackA	4
GCA_017999075_1	acs	4
GCA_017999075_1	acsD	1
GCA_017999075_1	apgM	1
GCA_017999075_1	cooF	3
GCA_017999075_1	echB	1
GCA_017999075_1	eno	4
GCA_017999075_1	fbaA	2
GCA_017999075_1	fdm	1
GCA_017999075_1	folA	4
GCA_017999075_1	fpoB	1
GCA_017999075_1	fpoM	1
GCA_017999075_1	frmA	3
GCA_017999075_1	gck	1
GCA_017999075_1	glyA	5
GCA_017999075_1	gpmI	1
GCA_017999075_1	hdrA1	1
GCA_017999075_1	hdrA2	1
GCA_017999075_1	hprA	1
GCA_017999075_1	mbhJ	1
GCA_017999075_1	mdh	1
GCA_017999075_1	mdh-K00024	1
GCA_017999075_1	mgsC	1
GCA_017999075_1	mtkB	1
GCA_017999075_1	mvhA	1
GCA_017999075_1	mvhD	1
GCA_017999075_1	mvhG	1
GCA_017999075_1	mxaF	1
GCA_017999075_1	narB	2
GCA_017999075_1	pfkA	2
GCA_017999075_1	pfp	2
GCA_017999075_1	porA	1
GCA_017999075_1	porB	1
GCA_017999075_1	porD	1
GCA_017999075_1	porG	1
GCA_017999075_1	pps	1
GCA_017999075_1	pqqE	12
GCA_017999075_1	pta	4
GCA_017999075_1	rnfA	1
GCA_017999075_1	rnfB	5
GCA_017999075_1	rnfC	3
GCA_017999075_1	rnfD	3
GCA_017999075_1	rnfE	2
GCA_017999075_1	rnfG	2
GCA_017999075_1	serA	4
GCA_017999075_1	serB	2
GCA_017999075_1	serC	1
GCA_018263585_1	acdA	7
GCA_018263585_1	acs	3
GCA_018263585_1	eno	3
GCA_018263585_1	fbaA	2
GCA_018263585_1	fbaB	1
GCA_018263585_1	fchA	1
GCA_018263585_1	fdhB	4
GCA_018263585_1	fdhF	2
GCA_018263585_1	fdoH	3
GCA_018263585_1	fdoI	1
GCA_018263585_1	fdwB	1
GCA_018263585_1	fghA	1
GCA_018263585_1	folA	3
GCA_018263585_1	fpoB	1
GCA_018263585_1	fpoC	1
GCA_018263585_1	fpoD	1
GCA_018263585_1	fpoJ	1
GCA_018263585_1	fpoK	1
GCA_018263585_1	fpoL	1
GCA_018263585_1	fpoM	1
GCA_018263585_1	glyA	6
GCA_018263585_1	gpmI	1
GCA_018263585_1	hdrA2	1
GCA_018263585_1	hdrD	1
GCA_018263585_1	hxlB	1
GCA_018263585_1	mcl	2
GCA_018263585_1	mdh-K00024	1
GCA_018263585_1	metF	1
GCA_018263585_1	mtkA	1
GCA_018263585_1	mtkB	1
GCA_018263585_1	mxaL	1
GCA_018263585_1	narB	1
GCA_018263585_1	narG	1
GCA_018263585_1	narH	1
GCA_018263585_1	pfkA	1
GCA_018263585_1	pfp	1
GCA_018263585_1	porA	3
GCA_018263585_1	porB	2
GCA_018263585_1	porD	1
GCA_018263585_1	porG	3
GCA_018263585_1	pps	4
GCA_018263585_1	pqqF	2
GCA_018263585_1	pta	5
GCA_018263585_1	rnfA	1
GCA_018263585_1	rnfB	4
GCA_018263585_1	rnfC	1
GCA_018263585_1	rnfD	1
GCA_018263585_1	rnfE	1
GCA_018263585_1	rnfG	2
GCA_018263585_1	serA	3
GCA_018263585_1	serB	1
GCA_018263585_1	serC	1
GCA_018812925_1	acdA	2
GCA_018812925_1	acs	1
GCA_018812925_1	acsD	1
GCA_018812925_1	amoB	1
GCA_018812925_1	apgM	2
GCA_018812925_1	echE	1
GCA_018812925_1	ehbH	1
GCA_018812925_1	eno	2
GCA_018812925_1	fae-hps	1
GCA_018812925_1	fbaA	2
GCA_018812925_1	fchA	1
GCA_018812925_1	fdhA-K00148	1
GCA_018812925_1	folA	2
GCA_018812925_1	fpoC	1
GCA_018812925_1	fpoH	1
GCA_018812925_1	frhD	1
GCA_018812925_1	frmA	2
GCA_018812925_1	glyA	3
GCA_018812925_1	gpmI	1
GCA_018812925_1	hxlB	3
GCA_018812925_1	mbhJ	1
GCA_018812925_1	mdh	1
GCA_018812925_1	mmoC	1
GCA_018812925_1	mtbC	2
GCA_018812925_1	nirK	2
GCA_018812925_1	pfkA	1
GCA_018812925_1	pfkB	1
GCA_018812925_1	pfp	3
GCA_018812925_1	porA	2
GCA_018812925_1	porB	1
GCA_018812925_1	porD	1
GCA_018812925_1	porG	2
GCA_018812925_1	pps	1
GCA_018812925_1	pta	2
GCA_018812925_1	rnfA	1
GCA_018812925_1	rnfB	6
GCA_018812925_1	rnfC	3
GCA_018812925_1	rnfD	1
GCA_018812925_1	rnfE	2
GCA_018812925_1	rnfG	1
GCA_018812925_1	serA	2
GCA_018812925_1	serB	2
GCA_018896935_1	acdA	3
GCA_018896935_1	ackA	2
GCA_018896935_1	acs	1
GCA_018896935_1	acsD	1
GCA_018896935_1	cooF	2
GCA_018896935_1	eno	2
GCA_018896935_1	fbaA	2
GCA_018896935_1	fdhA	1
GCA_018896935_1	fdwB	2
GCA_018896935_1	folA	2
GCA_018896935_1	fpoH	1
GCA_018896935_1	frmA	2
GCA_018896935_1	glpX	1
GCA_018896935_1	glyA	2
GCA_018896935_1	gpmB	2
GCA_018896935_1	gpmI	1
GCA_018896935_1	hxlB	1
GCA_018896935_1	mdh-K00024	2
GCA_018896935_1	narB	1
GCA_018896935_1	pfp	2
GCA_018896935_1	porA	4
GCA_018896935_1	porB	3
GCA_018896935_1	porG	2
GCA_018896935_1	pps	2
GCA_018896935_1	pqqE	1
GCA_018896935_1	pta	1
GCA_018896935_1	rnfA	1
GCA_018896935_1	rnfB	5
GCA_018896935_1	rnfC	2
GCA_018896935_1	rnfD	1
GCA_018896935_1	rnfE	3
GCA_018896935_1	rnfG	1
GCA_018896935_1	serA	4
GCA_018896935_1	serB	2
GCA_018896935_1	serC	1
GCA_019429165_1	ackA	1
GCA_019429165_1	acs	4
GCA_019429165_1	acsC	1
GCA_019429165_1	acsD	1
GCA_019429165_1	amoB	1
GCA_019429165_1	apgM	1
GCA_019429165_1	cdhA	1
GCA_019429165_1	cdhB	1
GCA_019429165_1	cdhC	1
GCA_019429165_1	cdhD	1
GCA_019429165_1	cdhE	1
GCA_019429165_1	cooS	1
GCA_019429165_1	cytC	1
GCA_019429165_1	ehaQ	1
GCA_019429165_1	ehbA	1
GCA_019429165_1	eno	1
GCA_019429165_1	fae-hps	1
GCA_019429165_1	fbaA	1
GCA_019429165_1	fdhA	1
GCA_019429165_1	fdhB	1
GCA_019429165_1	fdhF	1
GCA_019429165_1	fdoH	2
GCA_019429165_1	fdoI	1
GCA_019429165_1	folA	3
GCA_019429165_1	fpoA	1
GCA_019429165_1	fpoB	3
GCA_019429165_1	fpoC	4
GCA_019429165_1	fpoD	1
GCA_019429165_1	fpoF	1
GCA_019429165_1	fpoH	2
GCA_019429165_1	fpoI	1
GCA_019429165_1	fpoJ	2
GCA_019429165_1	fpoK	1
GCA_019429165_1	fpoL	3
GCA_019429165_1	fpoM	2
GCA_019429165_1	fpoN	2
GCA_019429165_1	frhB	1
GCA_019429165_1	frmA	2
GCA_019429165_1	ftr	1
GCA_019429165_1	fwdB	2
GCA_019429165_1	fwdC	1
GCA_019429165_1	fwdG	2
GCA_019429165_1	glpX	1
GCA_019429165_1	glyA	2
GCA_019429165_1	gpmB	1
GCA_019429165_1	gpmI	3
GCA_019429165_1	hdrA1	1
GCA_019429165_1	hdrA2	2
GCA_019429165_1	hdrB1	1
GCA_019429165_1	hdrC2	2
GCA_019429165_1	hdrD	6
GCA_019429165_1	hdrE	1
GCA_019429165_1	hxlA	1
GCA_019429165_1	hxlB	1
GCA_019429165_1	mauC	1
GCA_019429165_1	mbhJ	1
GCA_019429165_1	mch	1
GCA_019429165_1	mcrA	1
GCA_019429165_1	mcrB	1
GCA_019429165_1	mcrC	1
GCA_019429165_1	mcrD	1
GCA_019429165_1	mcrG	1
GCA_019429165_1	mdh-K00024	2
GCA_019429165_1	mer	1
GCA_019429165_1	mgsC	1
GCA_019429165_1	mtd	1
GCA_019429165_1	mtkB	1
GCA_019429165_1	mtrA	1
GCA_019429165_1	mtrB	1
GCA_019429165_1	mtrC	1
GCA_019429165_1	mtrD	1
GCA_019429165_1	mtrE	1
GCA_019429165_1	mtrF	1
GCA_019429165_1	mtrG	1
GCA_019429165_1	mtrH	1
GCA_019429165_1	mvhD	2
GCA_019429165_1	narB	1
GCA_019429165_1	narH	1
GCA_019429165_1	pfkA	1
GCA_019429165_1	pfkC	2
GCA_019429165_1	pfp	2
GCA_019429165_1	porG	1
GCA_019429165_1	pps	1
GCA_019429165_1	pqqE	8
GCA_019429165_1	pta	3
GCA_019429165_1	rnfA	1
GCA_019429165_1	rnfB	6
GCA_019429165_1	rnfC	2
GCA_019429165_1	rnfD	1
GCA_019429165_1	rnfE	1
GCA_019429165_1	rnfG	1
GCA_019429165_1	serA	3
GCA_019429165_1	serB	1
GCA_019561615_1	apgM	2
GCA_019561615_1	cdhA	1
GCA_019561615_1	cdhB	1
GCA_019561615_1	cdhC	2
GCA_019561615_1	cdhD	1
GCA_019561615_1	cdhE	1
GCA_019561615_1	cooF	2
GCA_019561615_1	ehaA	1
GCA_019561615_1	ehaB	1
GCA_019561615_1	ehaC	1
GCA_019561615_1	ehaD	1
GCA_019561615_1	ehaE	1
GCA_019561615_1	ehaF	1
GCA_019561615_1	ehaG	1
GCA_019561615_1	ehaH	1
GCA_019561615_1	ehaJ	1
GCA_019561615_1	ehaL	1
GCA_019561615_1	ehaM	1
GCA_019561615_1	ehaN	1
GCA_019561615_1	ehaO	1
GCA_019561615_1	ehaP	1
GCA_019561615_1	ehbA	1
GCA_019561615_1	ehbB	1
GCA_019561615_1	ehbC	1
GCA_019561615_1	ehbD	1
GCA_019561615_1	ehbM	1
GCA_019561615_1	ehbN	1
GCA_019561615_1	ehbO	2
GCA_019561615_1	ehbP	1
GCA_019561615_1	ehbQ	1
GCA_019561615_1	eno	3
GCA_019561615_1	fae-hps	1
GCA_019561615_1	fbp	2
GCA_019561615_1	folA	2
GCA_019561615_1	frhA	1
GCA_019561615_1	frhB	1
GCA_019561615_1	frhD	2
GCA_019561615_1	frhG	1
GCA_019561615_1	frmA	2
GCA_019561615_1	ftr	1
GCA_019561615_1	fwdC	1
GCA_019561615_1	fwdE	1
GCA_019561615_1	fwdF	2
GCA_019561615_1	fwdG	1
GCA_019561615_1	glyA	1
GCA_019561615_1	gpmI	1
GCA_019561615_1	hdrA2	2
GCA_019561615_1	hdrB1	1
GCA_019561615_1	hdrC1	1
GCA_019561615_1	hdrD	1
GCA_019561615_1	hmd	1
GCA_019561615_1	hxlA	2
GCA_019561615_1	hxlB	2
GCA_019561615_1	mch	2
GCA_019561615_1	mcrA	1
GCA_019561615_1	mcrB	2
GCA_019561615_1	mcrC	1
GCA_019561615_1	mcrD	1
GCA_019561615_1	mcrG	1
GCA_019561615_1	mdh-K00024	2
GCA_019561615_1	mer	1
GCA_019561615_1	mgsC	1
GCA_019561615_1	mtkB	1
GCA_019561615_1	mtrA	3
GCA_019561615_1	mtrB	1
GCA_019561615_1	mtrC	1
GCA_019561615_1	mtrD	1
GCA_019561615_1	mtrE	1
GCA_019561615_1	mtrG	1
GCA_019561615_1	mtrH	1
GCA_019561615_1	narB	1
GCA_019561615_1	narH	1
GCA_019561615_1	pfkB	1
GCA_019561615_1	pfp	1
GCA_019561615_1	porA	2
GCA_019561615_1	porB	2
GCA_019561615_1	porD	1
GCA_019561615_1	porG	2
GCA_019561615_1	pps	1
GCA_019561615_1	pqqE	3
GCA_019561615_1	rnfB	1
GCA_019561615_1	serA	2
GCA_019561615_1	serB	2
GCA_019561615_1	vhuA	1
GCA_019561615_1	vhuD	1
GCA_019561615_1	vhuG	1
GCA_019635175_1	acdA	3
GCA_019635175_1	ackA	2
GCA_019635175_1	acs	2
GCA_019635175_1	amoA	1
GCA_019635175_1	amoC	1
GCA_019635175_1	ehbE	2
GCA_019635175_1	ehbF	1
GCA_019635175_1	eno	3
GCA_019635175_1	fbaA	2
GCA_019635175_1	fbaB	1
GCA_019635175_1	fdhA	1
GCA_019635175_1	fdwB	3
GCA_019635175_1	folA	8
GCA_019635175_1	fpoA	1
GCA_019635175_1	fpoB	1
GCA_019635175_1	fpoC	1
GCA_019635175_1	fpoD	1
GCA_019635175_1	fpoH	1
GCA_019635175_1	fpoJ	1
GCA_019635175_1	fpoK	1
GCA_019635175_1	fpoL	4
GCA_019635175_1	fpoM	5
GCA_019635175_1	frhG	1
GCA_019635175_1	frmA	3
GCA_019635175_1	gck	1
GCA_019635175_1	glpX	1
GCA_019635175_1	glyA	10
GCA_019635175_1	gpmB	1
GCA_019635175_1	hdrA2	1
GCA_019635175_1	hdrD	1
GCA_019635175_1	hprA	2
GCA_019635175_1	mcl	1
GCA_019635175_1	mdh	1
GCA_019635175_1	mdh-K00024	1
GCA_019635175_1	metF	2
GCA_019635175_1	mgsC	1
GCA_019635175_1	mmoC	1
GCA_019635175_1	mtaA	1
GCA_019635175_1	mtkA	2
GCA_019635175_1	mtkB	3
GCA_019635175_1	nirK	4
GCA_019635175_1	pfp	4
GCA_019635175_1	ppc	1
GCA_019635175_1	pps	1
GCA_019635175_1	pqqC	1
GCA_019635175_1	pqqE	1
GCA_019635175_1	pqqF	1
GCA_019635175_1	pta	1
GCA_019635175_1	rnfB	1
GCA_019635175_1	rnfD	1
GCA_019635175_1	rnfE	2
GCA_019635175_1	serA	1
GCA_019635175_1	serB	4
GCA_019635175_1	serC	1
GCA_019635175_1	tmm	1
GCA_019912885_1	acdA	12
GCA_019912885_1	acdB	2
GCA_019912885_1	ackA	1
GCA_019912885_1	acs	6
GCA_019912885_1	apgM	1
GCA_019912885_1	eno	4
GCA_019912885_1	fbaA	2
GCA_019912885_1	fbaB	1
GCA_019912885_1	fdhA	1
GCA_019912885_1	fdhA-K00148	1
GCA_019912885_1	fdhB	3
GCA_019912885_1	fdoG	1
GCA_019912885_1	fdwB	1
GCA_019912885_1	folA	6
GCA_019912885_1	fpoA	1
GCA_019912885_1	fpoB	2
GCA_019912885_1	fpoH	1
GCA_019912885_1	fpoK	1
GCA_019912885_1	fpoL	3
GCA_019912885_1	fpoM	2
GCA_019912885_1	fpoN	1
GCA_019912885_1	frmA	2
GCA_019912885_1	gck	1
GCA_019912885_1	glyA	7
GCA_019912885_1	gpmB	3
GCA_019912885_1	gpmI	3
GCA_019912885_1	hdrA1	1
GCA_019912885_1	hdrD	2
GCA_019912885_1	hxlB	1
GCA_019912885_1	mauC	3
GCA_019912885_1	mauE	1
GCA_019912885_1	mcl	3
GCA_019912885_1	mdh-K00024	1
GCA_019912885_1	mgsC	1
GCA_019912885_1	mtaA	1
GCA_019912885_1	mtkB	2
GCA_019912885_1	mxaF	1
GCA_019912885_1	narG	3
GCA_019912885_1	narH	1
GCA_019912885_1	nirK	4
GCA_019912885_1	nrfA	1
GCA_019912885_1	nrfH	1
GCA_019912885_1	pfp	3
GCA_019912885_1	porA	4
GCA_019912885_1	pps	1
GCA_019912885_1	pqqA	1
GCA_019912885_1	pqqE	18
GCA_019912885_1	pqqF	1
GCA_019912885_1	pta	5
GCA_019912885_1	rnfA	1
GCA_019912885_1	rnfB	2
GCA_019912885_1	rnfC	1
GCA_019912885_1	rnfD	1
GCA_019912885_1	rnfE	2
GCA_019912885_1	rnfG	2
GCA_019912885_1	serA	3
GCA_019912885_1	serB	3
GCA_019912885_1	serC	1
GCA_020061125_1	acdA	17
GCA_020061125_1	acdB	2
GCA_020061125_1	ackA	1
GCA_020061125_1	acs	12
GCA_020061125_1	acsC	2
GCA_020061125_1	acsD	4
GCA_020061125_1	amoB	1
GCA_020061125_1	apgM	3
GCA_020061125_1	cdhC	1
GCA_020061125_1	cooF	3
GCA_020061125_1	cooS	2
GCA_020061125_1	eno	2
GCA_020061125_1	fbaA	2
GCA_020061125_1	fdhA	4
GCA_020061125_1	fdhB	1
GCA_020061125_1	fdm	1
GCA_020061125_1	fdoH	4
GCA_020061125_1	fdwB	1
GCA_020061125_1	fghA	1
GCA_020061125_1	fpoB	3
GCA_020061125_1	fpoC	1
GCA_020061125_1	fpoD	1
GCA_020061125_1	fpoH	1
GCA_020061125_1	fpoJ	1
GCA_020061125_1	fpoK	1
GCA_020061125_1	fpoL	1
GCA_020061125_1	fpoM	1
GCA_020061125_1	fpoN	1
GCA_020061125_1	frmA	3
GCA_020061125_1	fwdG	1
GCA_020061125_1	glyA	3
GCA_020061125_1	gpmB	4
GCA_020061125_1	hdrA1	1
GCA_020061125_1	hdrA2	3
GCA_020061125_1	hdrB1	1
GCA_020061125_1	hdrC2	1
GCA_020061125_1	hdrD	4
GCA_020061125_1	hprA	1
GCA_020061125_1	hxlB	2
GCA_020061125_1	mcl	2
GCA_020061125_1	mdh	6
GCA_020061125_1	mdh-K00024	2
GCA_020061125_1	mgsC	2
GCA_020061125_1	mtaA	1
GCA_020061125_1	mtbC	2
GCA_020061125_1	mtkA	1
GCA_020061125_1	mtkB	3
GCA_020061125_1	mttB	2
GCA_020061125_1	mvhA	1
GCA_020061125_1	mvhG	1
GCA_020061125_1	mxaF	2
GCA_020061125_1	napH	2
GCA_020061125_1	pfkA	3
GCA_020061125_1	pfp	4
GCA_020061125_1	porA	5
GCA_020061125_1	porB	2
GCA_020061125_1	porD	1
GCA_020061125_1	porG	1
GCA_020061125_1	pps	1
GCA_020061125_1	pqqE	13
GCA_020061125_1	pqqF	2
GCA_020061125_1	pta	5
GCA_020061125_1	rnfA	2
GCA_020061125_1	rnfB	9
GCA_020061125_1	rnfC	4
GCA_020061125_1	rnfD	2
GCA_020061125_1	rnfE	3
GCA_020061125_1	rnfG	2
GCA_020061125_1	serA	2
GCA_020061125_1	serB	2
GCA_020061125_1	vhuD	2
GCA_020348925_1	acdA	5
GCA_020348925_1	acs	9
GCA_020348925_1	amoB	1
GCA_020348925_1	apgM	2
GCA_020348925_1	cdhE	1
GCA_020348925_1	cooF	3
GCA_020348925_1	cooS	1
GCA_020348925_1	eno	2
GCA_020348925_1	fbaA	3
GCA_020348925_1	fbp	1
GCA_020348925_1	fchA	1
GCA_020348925_1	fdhA	4
GCA_020348925_1	fdhA-K00148	1
GCA_020348925_1	fdhB	2
GCA_020348925_1	fdhF	2
GCA_020348925_1	fdoH	1
GCA_020348925_1	fdoI	1
GCA_020348925_1	fdwB	1
GCA_020348925_1	folA	4
GCA_020348925_1	fpoA	1
GCA_020348925_1	fpoB	2
GCA_020348925_1	fpoC	1
GCA_020348925_1	fpoH	1
GCA_020348925_1	fpoJ	1
GCA_020348925_1	fpoK	1
GCA_020348925_1	fpoL	1
GCA_020348925_1	fpoM	2
GCA_020348925_1	fpoN	1
GCA_020348925_1	frmA	3
GCA_020348925_1	gck	1
GCA_020348925_1	glpX	1
GCA_020348925_1	glyA	4
GCA_020348925_1	gpmI	1
GCA_020348925_1	hdrA1	3
GCA_020348925_1	hdrA2	11
GCA_020348925_1	hdrB1	1
GCA_020348925_1	hdrB2	1
GCA_020348925_1	hdrC1	1
GCA_020348925_1	hdrC2	1
GCA_020348925_1	hdrD	5
GCA_020348925_1	hxlB	2
GCA_020348925_1	mauC	3
GCA_020348925_1	mauE	1
GCA_020348925_1	mcl	2
GCA_020348925_1	mdh	1
GCA_020348925_1	mdh-K00024	2
GCA_020348925_1	metF	1
GCA_020348925_1	mmoC	1
GCA_020348925_1	mtbC	4
GCA_020348925_1	mtkA	1
GCA_020348925_1	mtkB	3
GCA_020348925_1	mttB	1
GCA_020348925_1	mttC	1
GCA_020348925_1	mvhD	1
GCA_020348925_1	narB	3
GCA_020348925_1	nirK	4
GCA_020348925_1	pfkA	3
GCA_020348925_1	pfp	1
GCA_020348925_1	porA	7
GCA_020348925_1	porB	6
GCA_020348925_1	porD	3
GCA_020348925_1	porG	5
GCA_020348925_1	pps	2
GCA_020348925_1	pqqE	7
GCA_020348925_1	pqqF	2
GCA_020348925_1	pta	1
GCA_020348925_1	rnfA	1
GCA_020348925_1	rnfB	5
GCA_020348925_1	rnfC	1
GCA_020348925_1	rnfD	1
GCA_020348925_1	rnfE	1
GCA_020348925_1	rnfG	1
GCA_020348925_1	serA	5
GCA_020348925_1	serB	2
GCA_020348925_1	serC	1
GCA_020348925_1	tmm	1
GCA_020348925_1	torY	1
GCA_020348925_1	vhcD	1
GCA_020434085_1	acdA	44
GCA_020434085_1	ackA	3
GCA_020434085_1	acs	11
GCA_020434085_1	apgM	1
GCA_020434085_1	ehbA	1
GCA_020434085_1	ehbC	2
GCA_020434085_1	eno	2
GCA_020434085_1	fbaA	1
GCA_020434085_1	fdhA	1
GCA_020434085_1	fdhA-K00148	3
GCA_020434085_1	fdhF	1
GCA_020434085_1	fdoG	1
GCA_020434085_1	folA	5
GCA_020434085_1	fpoA	1
GCA_020434085_1	fpoB	1
GCA_020434085_1	fpoC	2
GCA_020434085_1	fpoD	1
GCA_020434085_1	fpoH	2
GCA_020434085_1	fpoJ	2
GCA_020434085_1	fpoK	2
GCA_020434085_1	fpoL	4
GCA_020434085_1	fpoM	3
GCA_020434085_1	fpoN	2
GCA_020434085_1	frmA	4
GCA_020434085_1	gck	1
GCA_020434085_1	gfa	1
GCA_020434085_1	glpX	1
GCA_020434085_1	glyA	9
GCA_020434085_1	gpmB	3
GCA_020434085_1	gpmI	2
GCA_020434085_1	hdrA1	1
GCA_020434085_1	hdrA2	1
GCA_020434085_1	hdrD	3
GCA_020434085_1	hprA	1
GCA_020434085_1	mauC	1
GCA_020434085_1	mcl	5
GCA_020434085_1	mdh	2
GCA_020434085_1	mdh-K00024	5
GCA_020434085_1	mer	1
GCA_020434085_1	metF	2
GCA_020434085_1	mgsC	2
GCA_020434085_1	mvhA	1
GCA_020434085_1	mvhG	1
GCA_020434085_1	mxaC	1
GCA_020434085_1	mxaF	1
GCA_020434085_1	narB	4
GCA_020434085_1	nirK	7
GCA_020434085_1	nirS	3
GCA_020434085_1	pfkA	2
GCA_020434085_1	pfp	5
GCA_020434085_1	porA	1
GCA_020434085_1	porB	1
GCA_020434085_1	pps	7
GCA_020434085_1	pqqE	8
GCA_020434085_1	pqqF	2
GCA_020434085_1	pta	10
GCA_020434085_1	rnfB	1
GCA_020434085_1	serA	5
GCA_020434085_1	serB	5
GCA_020434085_1	serC	1
GCA_020434085_1	tmm	5
GCA_020434345_1	acdA	6
GCA_020434345_1	ackA	1
GCA_020434345_1	acs	1
GCA_020434345_1	cooF	1
GCA_020434345_1	eno	2
GCA_020434345_1	fbaA	2
GCA_020434345_1	fbaB	1
GCA_020434345_1	fdhB	1
GCA_020434345_1	fdhF	1
GCA_020434345_1	fghA	1
GCA_020434345_1	folA	6
GCA_020434345_1	fpoA	2
GCA_020434345_1	fpoB	1
GCA_020434345_1	fpoC	2
GCA_020434345_1	fpoD	1
GCA_020434345_1	fpoH	2
GCA_020434345_1	fpoI	1
GCA_020434345_1	fpoJ	1
GCA_020434345_1	fpoK	2
GCA_020434345_1	fpoL	1
GCA_020434345_1	fpoM	1
GCA_020434345_1	fpoN	2
GCA_020434345_1	frmA	1
GCA_020434345_1	glyA	3
GCA_020434345_1	gpmB	2
GCA_020434345_1	gpmI	1
GCA_020434345_1	mauC	1
GCA_020434345_1	mcl	2
GCA_020434345_1	mdh-K00024	2
GCA_020434345_1	metF	2
GCA_020434345_1	mgsC	1
GCA_020434345_1	mmoC	2
GCA_020434345_1	mtbC	1
GCA_020434345_1	mtkA	1
GCA_020434345_1	nirK	2
GCA_020434345_1	pfp	3
GCA_020434345_1	porB	1
GCA_020434345_1	porD	1
GCA_020434345_1	pqqC	1
GCA_020434345_1	pqqF	2
GCA_020434345_1	pta	3
GCA_020434345_1	rnfA	1
GCA_020434345_1	rnfD	1
GCA_020434345_1	serA	4
GCA_020434345_1	serB	1
GCA_020434365_1	acdA	6
GCA_020434365_1	ackA	2
GCA_020434365_1	acs	2
GCA_020434365_1	cooF	1
GCA_020434365_1	ehbE	1
GCA_020434365_1	ehbH	2
GCA_020434365_1	eno	2
GCA_020434365_1	fbaA	1
GCA_020434365_1	fbaB	1
GCA_020434365_1	fdhA-K00148	1
GCA_020434365_1	fdhB	1
GCA_020434365_1	fdhF	1
GCA_020434365_1	fdwB	1
GCA_020434365_1	folA	4
GCA_020434365_1	fpoA	1
GCA_020434365_1	fpoB	3
GCA_020434365_1	fpoC	1
GCA_020434365_1	fpoD	1
GCA_020434365_1	fpoH	2
GCA_020434365_1	fpoI	1
GCA_020434365_1	fpoJ	3
GCA_020434365_1	fpoK	2
GCA_020434365_1	fpoL	2
GCA_020434365_1	fpoM	2
GCA_020434365_1	fpoN	2
GCA_020434365_1	frmA	1
GCA_020434365_1	gfa	1
GCA_020434365_1	glyA	4
GCA_020434365_1	gpmB	1
GCA_020434365_1	gpmI	1
GCA_020434365_1	hdrA2	1
GCA_020434365_1	mcl	2
GCA_020434365_1	mdh-K00024	2
GCA_020434365_1	metF	2
GCA_020434365_1	mgsC	1
GCA_020434365_1	mtkA	1
GCA_020434365_1	mtkB	1
GCA_020434365_1	mxaG	1
GCA_020434365_1	pfp	4
GCA_020434365_1	porA	1
GCA_020434365_1	pqqC	1
GCA_020434365_1	pqqE	2
GCA_020434365_1	pta	2
GCA_020434365_1	rnfB	1
GCA_020434365_1	rnfD	1
GCA_020434365_1	rnfE	1
GCA_020434365_1	serA	4
GCA_020434365_1	serB	1
GCA_020628165_1	acdA	5
GCA_020628165_1	ackA	1
GCA_020628165_1	acs	3
GCA_020628165_1	eno	2
GCA_020628165_1	fae-hps	1
GCA_020628165_1	fbaA	2
GCA_020628165_1	fbaB	1
GCA_020628165_1	fdhA	1
GCA_020628165_1	fdhB	1
GCA_020628165_1	fdwB	2
GCA_020628165_1	folA	4
GCA_020628165_1	fpoA	1
GCA_020628165_1	fpoB	1
GCA_020628165_1	fpoJ	1
GCA_020628165_1	fpoL	1
GCA_020628165_1	fpoM	1
GCA_020628165_1	fpoN	1
GCA_020628165_1	frmA	2
GCA_020628165_1	gfa	1
GCA_020628165_1	glpX	1
GCA_020628165_1	glyA	2
GCA_020628165_1	hdrD	1
GCA_020628165_1	hxlB	2
GCA_020628165_1	mcl	1
GCA_020628165_1	mdh	1
GCA_020628165_1	mdh-K00024	1
GCA_020628165_1	metF	2
GCA_020628165_1	mgsC	2
GCA_020628165_1	mtkB	1
GCA_020628165_1	narB	1
GCA_020628165_1	nirK	1
GCA_020628165_1	pfkA	2
GCA_020628165_1	pfkB	1
GCA_020628165_1	pfp	1
GCA_020628165_1	porA	1
GCA_020628165_1	porD	1
GCA_020628165_1	pps	2
GCA_020628165_1	pqqF	2
GCA_020628165_1	rnfE	1
GCA_020628165_1	serA	3
GCA_020632975_1	acdA	10
GCA_020632975_1	acdB	4
GCA_020632975_1	ackA	3
GCA_020632975_1	acs	5
GCA_020632975_1	eno	1
GCA_020632975_1	fbaA	1
GCA_020632975_1	fbaB	1
GCA_020632975_1	fdhA	1
GCA_020632975_1	fdhA-K00148	1
GCA_020632975_1	fdhB	1
GCA_020632975_1	fdm	1
GCA_020632975_1	folA	4
GCA_020632975_1	fpoB	2
GCA_020632975_1	frmA	3
GCA_020632975_1	glyA	6
GCA_020632975_1	gpmB	2
GCA_020632975_1	gpmI	1
GCA_020632975_1	hprA	1
GCA_020632975_1	mcl	5
GCA_020632975_1	mdh	1
GCA_020632975_1	mdh-K00024	1
GCA_020632975_1	metF	2
GCA_020632975_1	mgsC	1
GCA_020632975_1	mmoC	1
GCA_020632975_1	mvhA	1
GCA_020632975_1	narB	1
GCA_020632975_1	narH	1
GCA_020632975_1	pfp	4
GCA_020632975_1	porA	1
GCA_020632975_1	porD	1
GCA_020632975_1	pqqA	1
GCA_020632975_1	pqqC	1
GCA_020632975_1	pqqE	4
GCA_020632975_1	pqqF	1
GCA_020632975_1	pta	5
GCA_020632975_1	serA	3
GCA_020632975_1	serB	3
GCA_020632975_1	serC	1
GCA_020632975_1	tmm	1
GCA_020632975_1	vhcG	1
GCA_020722945_1	acdA	9
GCA_020722945_1	ackA	2
GCA_020722945_1	acs	7
GCA_020722945_1	acsC	2
GCA_020722945_1	acsD	1
GCA_020722945_1	apgM	2
GCA_020722945_1	cdhC	1
GCA_020722945_1	cdhE	1
GCA_020722945_1	cooF	2
GCA_020722945_1	cooS	1
GCA_020722945_1	echB	1
GCA_020722945_1	ehaQ	1
GCA_020722945_1	eno	4
GCA_020722945_1	fbaA	2
GCA_020722945_1	fbp	1
GCA_020722945_1	fchA	1
GCA_020722945_1	fdhA	4
GCA_020722945_1	fdhB	3
GCA_020722945_1	fdhF	1
GCA_020722945_1	fdoH	1
GCA_020722945_1	folA	3
GCA_020722945_1	fpoA	1
GCA_020722945_1	fpoB	1
GCA_020722945_1	fpoC	2
GCA_020722945_1	fpoH	1
GCA_020722945_1	fpoJ	1
GCA_020722945_1	fpoK	1
GCA_020722945_1	fpoL	1
GCA_020722945_1	fpoM	2
GCA_020722945_1	fpoN	1
GCA_020722945_1	frmA	4
GCA_020722945_1	fwdG	1
GCA_020722945_1	glyA	3
GCA_020722945_1	gpmI	3
GCA_020722945_1	hdrA1	1
GCA_020722945_1	hdrA2	5
GCA_020722945_1	hdrB1	2
GCA_020722945_1	hdrC2	2
GCA_020722945_1	hdrD	2
GCA_020722945_1	hxlB	1
GCA_020722945_1	mbhJ	1
GCA_020722945_1	mcl	2
GCA_020722945_1	mdh	1
GCA_020722945_1	mdh-K00024	2
GCA_020722945_1	metF	1
GCA_020722945_1	mtkA	1
GCA_020722945_1	mtkB	2
GCA_020722945_1	mvhD	2
GCA_020722945_1	mxaC	1
GCA_020722945_1	napH	1
GCA_020722945_1	pfkA	2
GCA_020722945_1	pfp	2
GCA_020722945_1	porA	4
GCA_020722945_1	porB	3
GCA_020722945_1	porD	3
GCA_020722945_1	porG	4
GCA_020722945_1	pps	1
GCA_020722945_1	pqqE	5
GCA_020722945_1	pqqF	1
GCA_020722945_1	pta	3
GCA_020722945_1	rnfA	1
GCA_020722945_1	rnfB	6
GCA_020722945_1	rnfC	2
GCA_020722945_1	rnfD	1
GCA_020722945_1	rnfE	2
GCA_020722945_1	rnfG	2
GCA_020722945_1	serA	6
GCA_020722945_1	serB	2
GCA_020793565_1	acs	3
GCA_020793565_1	acsD	1
GCA_020793565_1	apgM	1
GCA_020793565_1	cdhA	1
GCA_020793565_1	cdhB	1
GCA_020793565_1	cdhC	1
GCA_020793565_1	cdhD	1
GCA_020793565_1	cdhE	1
GCA_020793565_1	cooF	1
GCA_020793565_1	cooS	2
GCA_020793565_1	cytC	1
GCA_020793565_1	ehaQ	1
GCA_020793565_1	ehbA	1
GCA_020793565_1	eno	1
GCA_020793565_1	fae-hps	1
GCA_020793565_1	fbaA	2
GCA_020793565_1	fbp	1
GCA_020793565_1	fdhA	1
GCA_020793565_1	fdhB	1
GCA_020793565_1	fdoI	1
GCA_020793565_1	folA	1
GCA_020793565_1	fpoA	2
GCA_020793565_1	fpoB	3
GCA_020793565_1	fpoC	5
GCA_020793565_1	fpoD	2
GCA_020793565_1	fpoF	1
GCA_020793565_1	fpoH	2
GCA_020793565_1	fpoI	1
GCA_020793565_1	fpoJ	2
GCA_020793565_1	fpoK	1
GCA_020793565_1	fpoL	1
GCA_020793565_1	fpoM	2
GCA_020793565_1	fpoN	1
GCA_020793565_1	fpoO	1
GCA_020793565_1	frhB	1
GCA_020793565_1	frmA	2
GCA_020793565_1	ftr	1
GCA_020793565_1	fwdB	2
GCA_020793565_1	fwdC	1
GCA_020793565_1	fwdG	2
GCA_020793565_1	glpX	1
GCA_020793565_1	glyA	2
GCA_020793565_1	gpmI	3
GCA_020793565_1	hdrA1	2
GCA_020793565_1	hdrA2	2
GCA_020793565_1	hdrB1	3
GCA_020793565_1	hdrC1	2
GCA_020793565_1	hdrC2	1
GCA_020793565_1	hdrD	6
GCA_020793565_1	hdrE	3
GCA_020793565_1	hxlB	2
GCA_020793565_1	mch	1
GCA_020793565_1	mcrA	1
GCA_020793565_1	mcrB	1
GCA_020793565_1	mcrC	1
GCA_020793565_1	mcrD	1
GCA_020793565_1	mcrG	1
GCA_020793565_1	mdh-K00024	2
GCA_020793565_1	mer	2
GCA_020793565_1	mgsC	2
GCA_020793565_1	mtd	1
GCA_020793565_1	mtrA	2
GCA_020793565_1	mtrB	1
GCA_020793565_1	mtrC	1
GCA_020793565_1	mtrD	1
GCA_020793565_1	mtrE	1
GCA_020793565_1	mtrF	1
GCA_020793565_1	mtrG	1
GCA_020793565_1	mtrH	2
GCA_020793565_1	mvhD	3
GCA_020793565_1	mxaF	1
GCA_020793565_1	narH	1
GCA_020793565_1	pfkC	2
GCA_020793565_1	pfp	2
GCA_020793565_1	porA	1
GCA_020793565_1	porB	1
GCA_020793565_1	porD	1
GCA_020793565_1	porG	2
GCA_020793565_1	pps	1
GCA_020793565_1	pqqE	5
GCA_020793565_1	pta	3
GCA_020793565_1	rnfA	1
GCA_020793565_1	rnfB	2
GCA_020793565_1	rnfC	3
GCA_020793565_1	rnfD	1
GCA_020793565_1	rnfE	2
GCA_020793565_1	rnfG	1
GCA_020793565_1	serA	2
GCA_020793565_1	serB	2
GCA_020849855_1	acdA	6
GCA_020849855_1	acs	4
GCA_020849855_1	cdhC	1
GCA_020849855_1	eno	2
GCA_020849855_1	fbaA	1
GCA_020849855_1	fchA	1
GCA_020849855_1	fdhA	1
GCA_020849855_1	fdhB	1
GCA_020849855_1	fdwB	1
GCA_020849855_1	folA	3
GCA_020849855_1	fpoA	2
GCA_020849855_1	fpoB	2
GCA_020849855_1	fpoC	1
GCA_020849855_1	fpoD	1
GCA_020849855_1	fpoJ	1
GCA_020849855_1	fpoK	2
GCA_020849855_1	fpoL	1
GCA_020849855_1	fpoM	2
GCA_020849855_1	fpoN	1
GCA_020849855_1	frmA	2
GCA_020849855_1	glpX	1
GCA_020849855_1	glyA	4
GCA_020849855_1	gpmB	2
GCA_020849855_1	gpmI	2
GCA_020849855_1	hdrA2	1
GCA_020849855_1	hdrD	1
GCA_020849855_1	hxlB	1
GCA_020849855_1	mauC	1
GCA_020849855_1	mcl	2
GCA_020849855_1	mdh-K00024	2
GCA_020849855_1	metF	1
GCA_020849855_1	mtkA	1
GCA_020849855_1	nirK	1
GCA_020849855_1	nrfA	1
GCA_020849855_1	nrfH	2
GCA_020849855_1	pfkA	1
GCA_020849855_1	pfp	2
GCA_020849855_1	porA	2
GCA_020849855_1	porB	1
GCA_020849855_1	porD	1
GCA_020849855_1	porG	1
GCA_020849855_1	pps	1
GCA_020849855_1	pqqE	1
GCA_020849855_1	pta	1
GCA_020849855_1	serA	3
GCA_020849855_1	serB	1
GCA_020850775_1	acdA	8
GCA_020850775_1	acs	4
GCA_020850775_1	cooF	1
GCA_020850775_1	eno	2
GCA_020850775_1	fchA	1
GCA_020850775_1	fdhA	1
GCA_020850775_1	fdhB	2
GCA_020850775_1	fdhF	1
GCA_020850775_1	fdwB	1
GCA_020850775_1	folA	5
GCA_020850775_1	fpoA	1
GCA_020850775_1	fpoB	2
GCA_020850775_1	fpoC	2
GCA_020850775_1	fpoD	1
GCA_020850775_1	fpoH	2
GCA_020850775_1	fpoJ	1
GCA_020850775_1	fpoK	2
GCA_020850775_1	fpoL	2
GCA_020850775_1	fpoM	2
GCA_020850775_1	fpoN	2
GCA_020850775_1	frhD	1
GCA_020850775_1	frmA	2
GCA_020850775_1	gfa	1
GCA_020850775_1	glpX	1
GCA_020850775_1	glyA	3
GCA_020850775_1	gpmI	2
GCA_020850775_1	hdrD	1
GCA_020850775_1	hxlA	1
GCA_020850775_1	hxlB	1
GCA_020850775_1	mcl	1
GCA_020850775_1	mdh	1
GCA_020850775_1	mdh-K00024	2
GCA_020850775_1	metF	1
GCA_020850775_1	mtbA	1
GCA_020850775_1	mtkA	1
GCA_020850775_1	mvhA	1
GCA_020850775_1	mxaC	1
GCA_020850775_1	napH	1
GCA_020850775_1	narB	1
GCA_020850775_1	narG	2
GCA_020850775_1	narH	3
GCA_020850775_1	pfkA	1
GCA_020850775_1	pfp	4
GCA_020850775_1	porA	3
GCA_020850775_1	porB	1
GCA_020850775_1	pps	1
GCA_020850775_1	pqqB	1
GCA_020850775_1	pqqE	3
GCA_020850775_1	pqqF	1
GCA_020850775_1	pta	3
GCA_020850775_1	rnfA	1
GCA_020850775_1	rnfB	2
GCA_020850775_1	rnfC	1
GCA_020850775_1	rnfD	2
GCA_020850775_1	rnfE	1
GCA_020850775_1	rnfG	1
GCA_020850775_1	serA	2
GCA_020850775_1	serB	5
GCA_020850775_1	serC	1
GCA_020850775_1	torA	1
GCA_020850775_1	vhuG	1
GCA_021158465_1	acdA	2
GCA_021158465_1	ackA	1
GCA_021158465_1	acs	1
GCA_021158465_1	apgM	1
GCA_021158465_1	echE	1
GCA_021158465_1	ehbC	1
GCA_021158465_1	ehbI	1
GCA_021158465_1	eno	2
GCA_021158465_1	fbaA	2
GCA_021158465_1	fchA	1
GCA_021158465_1	fdhA	1
GCA_021158465_1	fdhB	1
GCA_021158465_1	fdoH	1
GCA_021158465_1	folA	3
GCA_021158465_1	fpoH	1
GCA_021158465_1	fpoL	2
GCA_021158465_1	frmA	2
GCA_021158465_1	glyA	2
GCA_021158465_1	gpmB	1
GCA_021158465_1	hdrA2	2
GCA_021158465_1	hdrB1	1
GCA_021158465_1	hdrC1	1
GCA_021158465_1	hdrD	1
GCA_021158465_1	hxlB	1
GCA_021158465_1	mauC	1
GCA_021158465_1	mbhJ	1
GCA_021158465_1	mbhK	1
GCA_021158465_1	mgdA	1
GCA_021158465_1	mmoC	1
GCA_021158465_1	mtkA	1
GCA_021158465_1	mtkB	1
GCA_021158465_1	mvhD	1
GCA_021158465_1	mxaC	1
GCA_021158465_1	mxaL	1
GCA_021158465_1	napH	1
GCA_021158465_1	narB	1
GCA_021158465_1	nirK	1
GCA_021158465_1	pfkB	1
GCA_021158465_1	pfp	2
GCA_021158465_1	porA	3
GCA_021158465_1	porB	2
GCA_021158465_1	porD	1
GCA_021158465_1	porG	3
GCA_021158465_1	pps	1
GCA_021158465_1	pqqE	2
GCA_021158465_1	pqqF	1
GCA_021158465_1	pta	5
GCA_021158465_1	rnfA	1
GCA_021158465_1	rnfB	5
GCA_021158465_1	rnfC	1
GCA_021158465_1	rnfD	1
GCA_021158465_1	rnfE	1
GCA_021158465_1	rnfG	1
GCA_021158465_1	serA	2
GCA_021158465_1	serC	1
GCA_021161405_1	eno	1
GCA_021161405_1	fpoC	1
GCA_021161405_1	glyA	1
GCA_021161405_1	gpmI	1
GCA_021161405_1	hxlA	1
GCA_021161405_1	narB	1
GCA_021161405_1	pfp	1
GCA_021161405_1	porA	1
GCA_021161405_1	porB	1
GCA_021161405_1	porD	1
GCA_021161405_1	porG	1
GCA_021161405_1	pps	2
GCA_021161405_1	pqqE	3
GCA_021161405_1	rnfE	1
GCA_021161405_1	serA	1
GCA_021161405_1	serC	1
GCA_021163225_1	apgM	1
GCA_021163225_1	eno	1
GCA_021163225_1	fpoC	1
GCA_021163225_1	frmA	1
GCA_021163225_1	hprA	1
GCA_021163225_1	pfp	1
GCA_021163225_1	porA	1
GCA_021163225_1	porB	1
GCA_021163225_1	porD	1
GCA_021163225_1	porG	1
GCA_021163225_1	pps	2
GCA_021163225_1	pqqE	1
GCA_021163225_1	rnfB	2
GCA_021163225_1	vhcA	1
GCA_021163225_1	vhcG	1
GCA_021647145_1	acdA	2
GCA_021647145_1	ackA	1
GCA_021647145_1	acs	2
GCA_021647145_1	cooF	1
GCA_021647145_1	ehbC	1
GCA_021647145_1	ehbE	1
GCA_021647145_1	eno	4
GCA_021647145_1	fae	1
GCA_021647145_1	fbaA	7
GCA_021647145_1	fbp	1
GCA_021647145_1	fchA	1
GCA_021647145_1	fdhA	1
GCA_021647145_1	fdwB	2
GCA_021647145_1	folA	10
GCA_021647145_1	fpoB	2
GCA_021647145_1	fpoN	1
GCA_021647145_1	frmA	2
GCA_021647145_1	ftr	1
GCA_021647145_1	fwdB	1
GCA_021647145_1	fwdC	1
GCA_021647145_1	gck	1
GCA_021647145_1	glpX	1
GCA_021647145_1	glyA	16
GCA_021647145_1	gpmB	2
GCA_021647145_1	gpmI	1
GCA_021647145_1	hxlA	2
GCA_021647145_1	hxlB	1
GCA_021647145_1	mauC	3
GCA_021647145_1	mch	2
GCA_021647145_1	mcl	1
GCA_021647145_1	mdh-K00024	3
GCA_021647145_1	metF	1
GCA_021647145_1	mmoC	2
GCA_021647145_1	mtbC	1
GCA_021647145_1	mtdA	1
GCA_021647145_1	mtdB	2
GCA_021647145_1	mtkA	3
GCA_021647145_1	mtkB	3
GCA_021647145_1	mxaD	2
GCA_021647145_1	mxaF	2
GCA_021647145_1	narB	4
GCA_021647145_1	nirK	7
GCA_021647145_1	nirS	5
GCA_021647145_1	pfkB	1
GCA_021647145_1	pfp	3
GCA_021647145_1	pmoA	1
GCA_021647145_1	pmoB	1
GCA_021647145_1	pmoC	1
GCA_021647145_1	porA	1
GCA_021647145_1	pps	1
GCA_021647145_1	pqqB	2
GCA_021647145_1	pqqC	1
GCA_021647145_1	pqqD	1
GCA_021647145_1	pqqE	2
GCA_021647145_1	pqqF	1
GCA_021647145_1	pta	3
GCA_021647145_1	rnfB	2
GCA_021647145_1	rnfD	1
GCA_021647145_1	rnfE	3
GCA_021647145_1	rnfG	1
GCA_021647145_1	serA	1
GCA_021647145_1	serB	4
GCA_021647145_1	serC	2
GCA_021647145_1	xoxF5	1
GCA_021783475_1	acdA	1
GCA_021783475_1	acs	4
GCA_021783475_1	apgM	1
GCA_021783475_1	cooF	1
GCA_021783475_1	cooS	1
GCA_021783475_1	echB	1
GCA_021783475_1	echE	3
GCA_021783475_1	eno	2
GCA_021783475_1	fbaA	2
GCA_021783475_1	fbp	2
GCA_021783475_1	fchA	1
GCA_021783475_1	fdhA	3
GCA_021783475_1	fdhF	1
GCA_021783475_1	fdoH	3
GCA_021783475_1	fdoI	2
GCA_021783475_1	folA	3
GCA_021783475_1	fpoA	1
GCA_021783475_1	fpoB	1
GCA_021783475_1	fpoC	1
GCA_021783475_1	fpoD	1
GCA_021783475_1	fpoH	1
GCA_021783475_1	fpoL	2
GCA_021783475_1	fpoM	2
GCA_021783475_1	fpoN	1
GCA_021783475_1	frhD	1
GCA_021783475_1	frmA	2
GCA_021783475_1	glyA	10
GCA_021783475_1	hdrA1	3
GCA_021783475_1	hdrA2	4
GCA_021783475_1	hdrC2	2
GCA_021783475_1	hdrD	3
GCA_021783475_1	hprA	1
GCA_021783475_1	hxlB	1
GCA_021783475_1	mbhJ	3
GCA_021783475_1	mdh	1
GCA_021783475_1	mdh-K00024	2
GCA_021783475_1	metF	3
GCA_021783475_1	mgsC	2
GCA_021783475_1	mtkA	1
GCA_021783475_1	mtkB	1
GCA_021783475_1	mvhA	1
GCA_021783475_1	narG	1
GCA_021783475_1	narH	1
GCA_021783475_1	narZ	1
GCA_021783475_1	pfkB	1
GCA_021783475_1	pfp	1
GCA_021783475_1	porA	4
GCA_021783475_1	porB	2
GCA_021783475_1	porD	2
GCA_021783475_1	porG	4
GCA_021783475_1	pps	1
GCA_021783475_1	pqqE	3
GCA_021783475_1	pqqF	1
GCA_021783475_1	pta	2
GCA_021783475_1	rnfB	5
GCA_021783475_1	rnfE	1
GCA_021783475_1	serA	2
GCA_021783475_1	serB	2
GCA_021783475_1	vhtG	1
GCA_021787655_1	acdA	14
GCA_021787655_1	acs	8
GCA_021787655_1	acsD	1
GCA_021787655_1	cooF	3
GCA_021787655_1	echB	1
GCA_021787655_1	eno	2
GCA_021787655_1	fae-hps	1
GCA_021787655_1	fbaA	3
GCA_021787655_1	fbp	1
GCA_021787655_1	fdhA	1
GCA_021787655_1	fdhB	1
GCA_021787655_1	fdoH	3
GCA_021787655_1	fdoI	1
GCA_021787655_1	fdwB	2
GCA_021787655_1	folA	4
GCA_021787655_1	fpoA	1
GCA_021787655_1	fpoB	2
GCA_021787655_1	fpoC	3
GCA_021787655_1	fpoH	1
GCA_021787655_1	fpoJ	2
GCA_021787655_1	fpoK	1
GCA_021787655_1	fpoL	2
GCA_021787655_1	fpoM	2
GCA_021787655_1	fpoN	1
GCA_021787655_1	frmA	2
GCA_021787655_1	gck	1
GCA_021787655_1	glyA	6
GCA_021787655_1	hdrA1	1
GCA_021787655_1	hdrA2	3
GCA_021787655_1	hdrD	5
GCA_021787655_1	hdrE	1
GCA_021787655_1	hxlB	1
GCA_021787655_1	mauE	1
GCA_021787655_1	mbhJ	1
GCA_021787655_1	mcl	2
GCA_021787655_1	mdh	1
GCA_021787655_1	mdh-K00024	2
GCA_021787655_1	mgsA	1
GCA_021787655_1	mgsC	1
GCA_021787655_1	mtkB	1
GCA_021787655_1	narB	1
GCA_021787655_1	nirK	1
GCA_021787655_1	pfkA	1
GCA_021787655_1	pfkB	1
GCA_021787655_1	pfp	1
GCA_021787655_1	porA	1
GCA_021787655_1	porB	2
GCA_021787655_1	porG	2
GCA_021787655_1	ppc	1
GCA_021787655_1	pps	5
GCA_021787655_1	pqqE	4
GCA_021787655_1	pta	4
GCA_021787655_1	rnfB	3
GCA_021787655_1	rnfC	1
GCA_021787655_1	rnfE	1
GCA_021787655_1	serA	2
GCA_021787655_1	serB	2
GCA_021806125_1	ackA	1
GCA_021806125_1	acs	1
GCA_021806125_1	acsD	2
GCA_021806125_1	apgM	1
GCA_021806125_1	cooF	2
GCA_021806125_1	eno	2
GCA_021806125_1	fbaA	2
GCA_021806125_1	fdhA	3
GCA_021806125_1	fdoG	1
GCA_021806125_1	fdoH	1
GCA_021806125_1	fdwB	1
GCA_021806125_1	folA	4
GCA_021806125_1	fpoA	1
GCA_021806125_1	fpoB	1
GCA_021806125_1	fpoC	1
GCA_021806125_1	fpoK	1
GCA_021806125_1	fpoL	1
GCA_021806125_1	fpoM	1
GCA_021806125_1	fqoM	1
GCA_021806125_1	frhA	1
GCA_021806125_1	frhD	1
GCA_021806125_1	frmA	2
GCA_021806125_1	glpX	1
GCA_021806125_1	glyA	6
GCA_021806125_1	gpmI	1
GCA_021806125_1	hdrA1	1
GCA_021806125_1	hdrA2	3
GCA_021806125_1	hdrB1	1
GCA_021806125_1	hdrB2	2
GCA_021806125_1	hdrC1	1
GCA_021806125_1	hdrC2	2
GCA_021806125_1	hdrD	4
GCA_021806125_1	hprA	1
GCA_021806125_1	hxlB	1
GCA_021806125_1	mbhJ	1
GCA_021806125_1	mdh	2
GCA_021806125_1	mgsC	1
GCA_021806125_1	mtkA	2
GCA_021806125_1	mtkB	2
GCA_021806125_1	mvhD	1
GCA_021806125_1	narB	1
GCA_021806125_1	pfkA	1
GCA_021806125_1	pfkB	2
GCA_021806125_1	pfp	2
GCA_021806125_1	porA	3
GCA_021806125_1	porB	2
GCA_021806125_1	porD	3
GCA_021806125_1	porG	3
GCA_021806125_1	pps	1
GCA_021806125_1	pqqE	2
GCA_021806125_1	pqqF	1
GCA_021806125_1	pta	4
GCA_021806125_1	rnfB	4
GCA_021806125_1	rnfC	2
GCA_021806125_1	rnfE	1
GCA_021806125_1	serA	3
GCA_021806125_1	serB	2
GCA_021806125_1	torA	1
GCA_021806125_1	vhcD	1
GCA_021827365_1	ackA	1
GCA_021827365_1	acs	2
GCA_021827365_1	echB	1
GCA_021827365_1	eno	3
GCA_021827365_1	fbaA	1
GCA_021827365_1	fbp	1
GCA_021827365_1	fdhA	1
GCA_021827365_1	folA	3
GCA_021827365_1	fpoA	1
GCA_021827365_1	fpoB	1
GCA_021827365_1	fpoL	3
GCA_021827365_1	frhD	1
GCA_021827365_1	frmA	2
GCA_021827365_1	gck	1
GCA_021827365_1	glpX	1
GCA_021827365_1	glyA	9
GCA_021827365_1	gpmB	2
GCA_021827365_1	mbhJ	1
GCA_021827365_1	mdh-K00024	3
GCA_021827365_1	mgsC	1
GCA_021827365_1	mmoC	2
GCA_021827365_1	mtkA	2
GCA_021827365_1	mtkB	1
GCA_021827365_1	narB	1
GCA_021827365_1	nirK	1
GCA_021827365_1	pfkA	1
GCA_021827365_1	pfkB	1
GCA_021827365_1	pfp	2
GCA_021827365_1	porA	4
GCA_021827365_1	porB	3
GCA_021827365_1	porD	2
GCA_021827365_1	porG	3
GCA_021827365_1	pps	1
GCA_021827365_1	pqqE	1
GCA_021827365_1	pqqF	1
GCA_021827365_1	rnfE	1
GCA_021827365_1	serA	1
GCA_021827365_1	serB	2
GCA_021827365_1	vhcA	1
GCA_021827365_1	vhcG	1
GCA_022545375_1	acdA	1
GCA_022545375_1	acs	2
GCA_022545375_1	apgM	2
GCA_022545375_1	eno	2
GCA_022545375_1	fbaA	1
GCA_022545375_1	fbp	1
GCA_022545375_1	fdhA	3
GCA_022545375_1	fdwB	1
GCA_022545375_1	folA	7
GCA_022545375_1	fpoD	1
GCA_022545375_1	fpoH	1
GCA_022545375_1	fpoJ	1
GCA_022545375_1	fpoL	1
GCA_022545375_1	fpoM	1
GCA_022545375_1	fpoN	1
GCA_022545375_1	frmA	4
GCA_022545375_1	gck	2
GCA_022545375_1	gfa	1
GCA_022545375_1	glpX	1
GCA_022545375_1	glyA	5
GCA_022545375_1	gpmI	1
GCA_022545375_1	hdrD	1
GCA_022545375_1	hxlB	2
GCA_022545375_1	mcl	4
GCA_022545375_1	mdh-K00024	1
GCA_022545375_1	metF	1
GCA_022545375_1	mgsC	1
GCA_022545375_1	narB	2
GCA_022545375_1	nirK	3
GCA_022545375_1	pfkB	1
GCA_022545375_1	pfp	2
GCA_022545375_1	pps	1
GCA_022545375_1	pqqA	1
GCA_022545375_1	pqqE	1
GCA_022545375_1	pqqF	1
GCA_022545375_1	pta	3
GCA_022545375_1	rnfB	1
GCA_022545375_1	rnfE	2
GCA_022545375_1	serA	5
GCA_022545375_1	serB	1
GCA_022601475_1	ackA	2
GCA_022601475_1	acs	1
GCA_022601475_1	fbaA	1
GCA_022601475_1	fbaB	1
GCA_022601475_1	folA	2
GCA_022601475_1	fpoB	2
GCA_022601475_1	frmA	2
GCA_022601475_1	glyA	3
GCA_022601475_1	hdrA2	1
GCA_022601475_1	hxlB	1
GCA_022601475_1	mdh-K00024	3
GCA_022601475_1	mtkA	1
GCA_022601475_1	mtkB	1
GCA_022601475_1	narB	3
GCA_022601475_1	nirK	2
GCA_022601475_1	pfp	2
GCA_022601475_1	pqqB	1
GCA_022601475_1	pqqF	1
GCA_022601475_1	pta	2
GCA_022601475_1	rnfE	1
GCA_022601475_1	serA	4
GCA_022601475_1	serB	2
GCA_022615475_1	acdA	4
GCA_022615475_1	acs	7
GCA_022615475_1	apgM	1
GCA_022615475_1	eno	2
GCA_022615475_1	fae-hps	1
GCA_022615475_1	fbaA	1
GCA_022615475_1	fdhA	1
GCA_022615475_1	fdhB	3
GCA_022615475_1	fdoG	2
GCA_022615475_1	fdwB	1
GCA_022615475_1	folA	2
GCA_022615475_1	fpoA	1
GCA_022615475_1	fpoB	2
GCA_022615475_1	fpoC	2
GCA_022615475_1	fpoD	2
GCA_022615475_1	fpoH	1
GCA_022615475_1	fpoI	1
GCA_022615475_1	fpoJ	1
GCA_022615475_1	fpoK	1
GCA_022615475_1	fpoL	2
GCA_022615475_1	fpoM	1
GCA_022615475_1	fpoN	1
GCA_022615475_1	frhD	1
GCA_022615475_1	frmA	2
GCA_022615475_1	glpX	2
GCA_022615475_1	glyA	4
GCA_022615475_1	gpmI	1
GCA_022615475_1	hdrA2	5
GCA_022615475_1	hdrD	1
GCA_022615475_1	mauC	1
GCA_022615475_1	mcl	3
GCA_022615475_1	mer	1
GCA_022615475_1	metF	2
GCA_022615475_1	mtkB	2
GCA_022615475_1	mvhD	2
GCA_022615475_1	mxaF	1
GCA_022615475_1	narB	2
GCA_022615475_1	nirK	2
GCA_022615475_1	pfkA	1
GCA_022615475_1	pfp	4
GCA_022615475_1	porA	3
GCA_022615475_1	porB	2
GCA_022615475_1	porD	1
GCA_022615475_1	porG	1
GCA_022615475_1	pps	2
GCA_022615475_1	pqqE	1
GCA_022615475_1	pqqF	2
GCA_022615475_1	pta	3
GCA_022615475_1	rnfB	1
GCA_022615475_1	rnfE	1
GCA_022615475_1	serA	4
GCA_022615475_1	serB	2
GCA_022615475_1	torZ	1
GCA_022759145_1	acdA	2
GCA_022759145_1	ackA	1
GCA_022759145_1	echB	1
GCA_022759145_1	ehbA	1
GCA_022759145_1	ehbC	1
GCA_022759145_1	ehbD	1
GCA_022759145_1	ehbE	1
GCA_022759145_1	ehbI	1
GCA_022759145_1	eno	3
GCA_022759145_1	fbaA	2
GCA_022759145_1	fchA	1
GCA_022759145_1	fdhA	2
GCA_022759145_1	folA	1
GCA_022759145_1	fpoB	1
GCA_022759145_1	fpoC	1
GCA_022759145_1	fpoN	1
GCA_022759145_1	frmA	3
GCA_022759145_1	gck	1
GCA_022759145_1	glyA	2
GCA_022759145_1	mdh	2
GCA_022759145_1	mtbC	1
GCA_022759145_1	mtkB	2
GCA_022759145_1	narB	1
GCA_022759145_1	pfkA	1
GCA_022759145_1	pfkB	1
GCA_022759145_1	pfp	4
GCA_022759145_1	porA	3
GCA_022759145_1	porB	2
GCA_022759145_1	porD	1
GCA_022759145_1	porG	4
GCA_022759145_1	pps	1
GCA_022759145_1	pqqA	1
GCA_022759145_1	pqqF	1
GCA_022759145_1	pta	2
GCA_022759145_1	rnfA	1
GCA_022759145_1	rnfB	4
GCA_022759145_1	rnfC	1
GCA_022759145_1	rnfD	1
GCA_022759145_1	rnfE	1
GCA_022759145_1	rnfG	1
GCA_022759145_1	serA	3
GCA_022759145_1	serB	1
GCA_023128455_1	apgM	2
GCA_023128455_1	cooF	1
GCA_023128455_1	eno	2
GCA_023128455_1	fbaA	1
GCA_023128455_1	fbp	1
GCA_023128455_1	fdhA	3
GCA_023128455_1	fdhB	1
GCA_023128455_1	fdhF	1
GCA_023128455_1	folA	2
GCA_023128455_1	fpoA	1
GCA_023128455_1	fpoB	1
GCA_023128455_1	fpoC	1
GCA_023128455_1	fpoD	1
GCA_023128455_1	fpoI	1
GCA_023128455_1	fpoK	1
GCA_023128455_1	fpoL	1
GCA_023128455_1	fpoM	1
GCA_023128455_1	fpoN	1
GCA_023128455_1	frmA	2
GCA_023128455_1	glyA	3
GCA_023128455_1	gpmB	1
GCA_023128455_1	hdrA2	1
GCA_023128455_1	hdrD	2
GCA_023128455_1	mdh	1
GCA_023128455_1	mdh-K00024	1
GCA_023128455_1	metF	2
GCA_023128455_1	mtkA	1
GCA_023128455_1	mtkB	1
GCA_023128455_1	narB	1
GCA_023128455_1	pfkA	1
GCA_023128455_1	pfp	3
GCA_023128455_1	porA	3
GCA_023128455_1	porB	2
GCA_023128455_1	porD	2
GCA_023128455_1	porG	3
GCA_023128455_1	pps	3
GCA_023128455_1	pqqE	3
GCA_023128455_1	pta	2
GCA_023128455_1	rnfB	2
GCA_023128455_1	rnfE	1
GCA_023128455_1	serA	3
GCA_023128455_1	serB	2
GCA_023128455_1	torD	1
GCA_023129115_1	acs	1
GCA_023129115_1	apgM	1
GCA_023129115_1	cooF	1
GCA_023129115_1	echB	1
GCA_023129115_1	eno	1
GCA_023129115_1	fbaA	2
GCA_023129115_1	fbp	1
GCA_023129115_1	fdoH	1
GCA_023129115_1	fpoC	2
GCA_023129115_1	fpoM	1
GCA_023129115_1	frhD	1
GCA_023129115_1	frmA	1
GCA_023129115_1	glyA	1
GCA_023129115_1	gpmI	1
GCA_023129115_1	hprA	1
GCA_023129115_1	hxlA	1
GCA_023129115_1	mbhJ	1
GCA_023129115_1	mbhL	1
GCA_023129115_1	mdh-K00024	2
GCA_023129115_1	porA	1
GCA_023129115_1	porB	1
GCA_023129115_1	porD	1
GCA_023129115_1	porG	2
GCA_023129115_1	pps	3
GCA_023129115_1	rnfB	3
GCA_023129115_1	serB	1
GCA_023129325_1	acdA	2
GCA_023129325_1	ackA	1
GCA_023129325_1	acs	1
GCA_023129325_1	apgM	1
GCA_023129325_1	echB	1
GCA_023129325_1	echE	1
GCA_023129325_1	ehbB	1
GCA_023129325_1	ehbD	1
GCA_023129325_1	ehbE	1
GCA_023129325_1	ehbI	2
GCA_023129325_1	eno	2
GCA_023129325_1	fchA	1
GCA_023129325_1	fghA	1
GCA_023129325_1	folA	2
GCA_023129325_1	fpoC	1
GCA_023129325_1	fpoD	1
GCA_023129325_1	fpoH	1
GCA_023129325_1	fpoL	1
GCA_023129325_1	frmA	1
GCA_023129325_1	glyA	2
GCA_023129325_1	gpmI	1
GCA_023129325_1	hdrA2	1
GCA_023129325_1	hdrB2	1
GCA_023129325_1	hdrC2	1
GCA_023129325_1	hprA	1
GCA_023129325_1	hxlA	1
GCA_023129325_1	hxlB	1
GCA_023129325_1	mauC	1
GCA_023129325_1	mbhJ	1
GCA_023129325_1	mbhK	1
GCA_023129325_1	mch	1
GCA_023129325_1	mgsC	1
GCA_023129325_1	mtbC	1
GCA_023129325_1	mtkA	1
GCA_023129325_1	mtkB	1
GCA_023129325_1	mttB	1
GCA_023129325_1	mvhA	2
GCA_023129325_1	pfkA	1
GCA_023129325_1	pfp	1
GCA_023129325_1	porA	4
GCA_023129325_1	porB	2
GCA_023129325_1	porD	1
GCA_023129325_1	porG	3
GCA_023129325_1	pps	1
GCA_023129325_1	pqqE	4
GCA_023129325_1	pqqF	1
GCA_023129325_1	pta	2
GCA_023129325_1	rnfA	1
GCA_023129325_1	rnfB	3
GCA_023129325_1	rnfC	1
GCA_023129325_1	rnfD	1
GCA_023129325_1	rnfE	1
GCA_023129325_1	rnfG	1
GCA_023129325_1	serA	5
GCA_023129325_1	serB	2
GCA_023129325_1	vhcG	1
GCA_023143305_1	acdA	3
GCA_023143305_1	ackA	2
GCA_023143305_1	acs	2
GCA_023143305_1	apgM	2
GCA_023143305_1	cooS	1
GCA_023143305_1	eno	2
GCA_023143305_1	fbaA	3
GCA_023143305_1	folA	2
GCA_023143305_1	frmA	3
GCA_023143305_1	glpX	1
GCA_023143305_1	glyA	4
GCA_023143305_1	gpmI	1
GCA_023143305_1	hprA	1
GCA_023143305_1	mdh-K00024	1
GCA_023143305_1	metF	2
GCA_023143305_1	mgsC	1
GCA_023143305_1	mtkA	1
GCA_023143305_1	narB	1
GCA_023143305_1	pfkA	1
GCA_023143305_1	pfp	3
GCA_023143305_1	porA	1
GCA_023143305_1	porB	1
GCA_023143305_1	pps	2
GCA_023143305_1	pqqE	3
GCA_023143305_1	pta	2
GCA_023143305_1	rnfA	1
GCA_023143305_1	rnfB	3
GCA_023143305_1	rnfC	1
GCA_023143305_1	rnfD	1
GCA_023143305_1	rnfE	2
GCA_023143305_1	rnfG	1
GCA_023143305_1	serA	2
GCA_023143305_1	serB	5
GCA_023143305_1	serC	1
GCA_023144005_1	acdA	1
GCA_023144005_1	ackA	3
GCA_023144005_1	acs	3
GCA_023144005_1	apgM	1
GCA_023144005_1	cooF	1
GCA_023144005_1	echB	2
GCA_023144005_1	ehbA	1
GCA_023144005_1	ehbC	1
GCA_023144005_1	ehbE	1
GCA_023144005_1	ehbI	2
GCA_023144005_1	eno	1
GCA_023144005_1	fbaA	3
GCA_023144005_1	fchA	1
GCA_023144005_1	fdhA	1
GCA_023144005_1	fdhB	1
GCA_023144005_1	folA	3
GCA_023144005_1	fpoB	2
GCA_023144005_1	fpoC	1
GCA_023144005_1	fpoD	1
GCA_023144005_1	fpoL	2
GCA_023144005_1	fpoM	2
GCA_023144005_1	frhD	1
GCA_023144005_1	frmA	2
GCA_023144005_1	glyA	3
GCA_023144005_1	gpmB	2
GCA_023144005_1	hdrA2	1
GCA_023144005_1	hdrB2	1
GCA_023144005_1	mauC	4
GCA_023144005_1	mbhJ	1
GCA_023144005_1	mmoC	1
GCA_023144005_1	mtkA	1
GCA_023144005_1	mvhA	1
GCA_023144005_1	mvhG	2
GCA_023144005_1	pfkA	1
GCA_023144005_1	pfp	2
GCA_023144005_1	porA	3
GCA_023144005_1	porB	4
GCA_023144005_1	porD	4
GCA_023144005_1	porG	4
GCA_023144005_1	pps	1
GCA_023144005_1	pqqE	5
GCA_023144005_1	pta	6
GCA_023144005_1	rnfA	1
GCA_023144005_1	rnfB	6
GCA_023144005_1	rnfC	2
GCA_023144005_1	rnfD	1
GCA_023144005_1	rnfE	1
GCA_023144005_1	rnfG	1
GCA_023144005_1	serA	4
GCA_023144005_1	serB	2
GCA_023144005_1	serC	1
GCA_023144005_1	vhcA	1
GCA_023150835_1	acdA	11
GCA_023150835_1	acdB	4
GCA_023150835_1	ackA	3
GCA_023150835_1	acs	7
GCA_023150835_1	cooF	1
GCA_023150835_1	eno	3
GCA_023150835_1	fbaA	2
GCA_023150835_1	fbaB	1
GCA_023150835_1	fdhB	2
GCA_023150835_1	fdhF	1
GCA_023150835_1	fdm	1
GCA_023150835_1	fdwB	1
GCA_023150835_1	folA	9
GCA_023150835_1	fpoA	1
GCA_023150835_1	fpoB	4
GCA_023150835_1	fpoH	1
GCA_023150835_1	fpoJ	1
GCA_023150835_1	fpoK	1
GCA_023150835_1	fpoL	1
GCA_023150835_1	fpoM	1
GCA_023150835_1	fpoN	1
GCA_023150835_1	frmA	3
GCA_023150835_1	glyA	9
GCA_023150835_1	gpmB	2
GCA_023150835_1	gpmI	2
GCA_023150835_1	hdrD	1
GCA_023150835_1	hprA	1
GCA_023150835_1	mcl	4
GCA_023150835_1	mdh	1
GCA_023150835_1	mdh-K00024	5
GCA_023150835_1	metF	1
GCA_023150835_1	mgsC	1
GCA_023150835_1	mmoC	1
GCA_023150835_1	mtkA	3
GCA_023150835_1	mtkB	3
GCA_023150835_1	narB	1
GCA_023150835_1	nirS	2
GCA_023150835_1	pfp	5
GCA_023150835_1	porA	1
GCA_023150835_1	porD	1
GCA_023150835_1	ppc	1
GCA_023150835_1	pps	2
GCA_023150835_1	pqqA	1
GCA_023150835_1	pqqC	1
GCA_023150835_1	pqqE	2
GCA_023150835_1	pqqF	1
GCA_023150835_1	pta	9
GCA_023150835_1	rnfD	1
GCA_023150835_1	rnfE	1
GCA_023150835_1	serA	4
GCA_023150835_1	serB	5
GCA_023150835_1	serC	1
GCA_023150835_1	vhcG	1
GCA_023249055_1	acdA	3
GCA_023249055_1	ackA	1
GCA_023249055_1	acs	4
GCA_023249055_1	apgM	2
GCA_023249055_1	cooF	2
GCA_023249055_1	echB	1
GCA_023249055_1	eno	3
GCA_023249055_1	fae	1
GCA_023249055_1	fbaA	1
GCA_023249055_1	fbaB	2
GCA_023249055_1	fbp	1
GCA_023249055_1	fdhB	2
GCA_023249055_1	fdhF	1
GCA_023249055_1	fdwB	3
GCA_023249055_1	folA	3
GCA_023249055_1	fpoB	2
GCA_023249055_1	fpoH	1
GCA_023249055_1	fpoI	1
GCA_023249055_1	fpoJ	1
GCA_023249055_1	fpoK	1
GCA_023249055_1	fpoL	1
GCA_023249055_1	fpoM	2
GCA_023249055_1	fpoN	1
GCA_023249055_1	frmA	3
GCA_023249055_1	ftr	1
GCA_023249055_1	fwdB	1
GCA_023249055_1	fwdC	1
GCA_023249055_1	gck	1
GCA_023249055_1	glpX	3
GCA_023249055_1	glyA	6
GCA_023249055_1	gpmI	1
GCA_023249055_1	hdrD	1
GCA_023249055_1	hxlA	1
GCA_023249055_1	hxlB	1
GCA_023249055_1	mbhJ	1
GCA_023249055_1	mch	1
GCA_023249055_1	mcl	1
GCA_023249055_1	mdh-K00024	1
GCA_023249055_1	metF	1
GCA_023249055_1	mgsC	1
GCA_023249055_1	mtaA	1
GCA_023249055_1	mtkA	1
GCA_023249055_1	mtkB	1
GCA_023249055_1	mxaF	1
GCA_023249055_1	mxaG	1
GCA_023249055_1	narB	3
GCA_023249055_1	narH	2
GCA_023249055_1	nirK	1
GCA_023249055_1	nirS	2
GCA_023249055_1	nxrA	1
GCA_023249055_1	pfkB	1
GCA_023249055_1	pfp	5
GCA_023249055_1	pmoA	1
GCA_023249055_1	pmoB	1
GCA_023249055_1	pmoC	2
GCA_023249055_1	porA	2
GCA_023249055_1	porB	1
GCA_023249055_1	pps	2
GCA_023249055_1	pqqA	1
GCA_023249055_1	pqqE	3
GCA_023249055_1	pqqF	1
GCA_023249055_1	pta	1
GCA_023249055_1	rnfB	3
GCA_023249055_1	rnfE	1
GCA_023249055_1	serA	4
GCA_023249055_1	serB	2
GCA_023249275_1	ackA	2
GCA_023249275_1	acs	2
GCA_023249275_1	acsD	1
GCA_023249275_1	apgM	1
GCA_023249275_1	cdhA	1
GCA_023249275_1	cdhB	1
GCA_023249275_1	cdhC	1
GCA_023249275_1	cooF	1
GCA_023249275_1	cooS	2
GCA_023249275_1	echB	1
GCA_023249275_1	eno	3
GCA_023249275_1	fae-hps	1
GCA_023249275_1	fbp	2
GCA_023249275_1	fdhA	1
GCA_023249275_1	fdhA-K00148	1
GCA_023249275_1	fdhB	2
GCA_023249275_1	fdhF	1
GCA_023249275_1	fdoI	2
GCA_023249275_1	folA	3
GCA_023249275_1	fpoB	2
GCA_023249275_1	fpoC	4
GCA_023249275_1	fpoD	1
GCA_023249275_1	fpoF	1
GCA_023249275_1	fpoH	1
GCA_023249275_1	fpoI	1
GCA_023249275_1	fpoJ	1
GCA_023249275_1	fpoK	1
GCA_023249275_1	fpoL	1
GCA_023249275_1	fpoM	1
GCA_023249275_1	fpoN	1
GCA_023249275_1	fpoO	1
GCA_023249275_1	frhB	1
GCA_023249275_1	frhD	1
GCA_023249275_1	frmA	3
GCA_023249275_1	ftr	1
GCA_023249275_1	fwdB	2
GCA_023249275_1	fwdC	1
GCA_023249275_1	fwdG	2
GCA_023249275_1	glyA	3
GCA_023249275_1	gpmI	2
GCA_023249275_1	hdrA1	1
GCA_023249275_1	hdrA2	3
GCA_023249275_1	hdrB1	4
GCA_023249275_1	hdrB2	1
GCA_023249275_1	hdrC1	1
GCA_023249275_1	hdrC2	2
GCA_023249275_1	hdrD	2
GCA_023249275_1	hdrE	1
GCA_023249275_1	hxlA	2
GCA_023249275_1	hxlB	2
GCA_023249275_1	mauC	2
GCA_023249275_1	mbhJ	1
GCA_023249275_1	mch	1
GCA_023249275_1	mcrA	2
GCA_023249275_1	mcrC	1
GCA_023249275_1	mcrD	1
GCA_023249275_1	mer	3
GCA_023249275_1	mgsC	2
GCA_023249275_1	mtd	1
GCA_023249275_1	mtdB	1
GCA_023249275_1	mtkA	2
GCA_023249275_1	mtrA	2
GCA_023249275_1	mtrB	2
GCA_023249275_1	mtrC	2
GCA_023249275_1	mtrD	1
GCA_023249275_1	mtrE	2
GCA_023249275_1	mtrF	2
GCA_023249275_1	mtrG	2
GCA_023249275_1	mtrH	2
GCA_023249275_1	mvhA	1
GCA_023249275_1	mvhD	1
GCA_023249275_1	narB	1
GCA_023249275_1	nrfH	1
GCA_023249275_1	pfp	2
GCA_023249275_1	porA	2
GCA_023249275_1	porB	2
GCA_023249275_1	porD	3
GCA_023249275_1	porG	1
GCA_023249275_1	pps	1
GCA_023249275_1	pqqE	5
GCA_023249275_1	pta	2
GCA_023249275_1	rnfB	1
GCA_023249275_1	rnfC	2
GCA_023249275_1	rnfE	1
GCA_023249275_1	serA	3
GCA_023249275_1	torD	1
GCA_023249275_1	vhtG	1
GCA_023402275_1	acs	1
GCA_023402275_1	apgM	2
GCA_023402275_1	ehaR	1
GCA_023402275_1	eno	1
GCA_023402275_1	fpoB	1
GCA_023402275_1	fpoC	3
GCA_023402275_1	fpoD	1
GCA_023402275_1	fpoH	1
GCA_023402275_1	fpoK	1
GCA_023402275_1	fpoL	1
GCA_023402275_1	fpoM	1
GCA_023402275_1	fpoN	1
GCA_023402275_1	frmA	1
GCA_023402275_1	fwdH	1
GCA_023402275_1	glyA	1
GCA_023402275_1	hdrA2	1
GCA_023402275_1	hdrB2	1
GCA_023402275_1	hdrC2	1
GCA_023402275_1	hdrD	3
GCA_023402275_1	hxlB	2
GCA_023402275_1	mcrA	1
GCA_023402275_1	mcrB	1
GCA_023402275_1	mcrC	1
GCA_023402275_1	mcrD	1
GCA_023402275_1	mcrG	1
GCA_023402275_1	mdh-K00024	3
GCA_023402275_1	mgsC	3
GCA_023402275_1	mtaA	1
GCA_023402275_1	mtaB	2
GCA_023402275_1	mtaC	2
GCA_023402275_1	mtbB	4
GCA_023402275_1	mtbC	4
GCA_023402275_1	mtmB	4
GCA_023402275_1	mttB	4
GCA_023402275_1	mttC	3
GCA_023402275_1	mvhA	1
GCA_023402275_1	mvhG	1
GCA_023402275_1	narB	1
GCA_023402275_1	pfkA	1
GCA_023402275_1	pfkB	1
GCA_023402275_1	porA	1
GCA_023402275_1	porB	1
GCA_023402275_1	porD	1
GCA_023402275_1	porG	1
GCA_023402275_1	pps	1
GCA_023402275_1	pqqE	1
GCA_023402275_1	pqqF	1
GCA_023402275_1	pta	2
GCA_023402275_1	rnfB	4
GCA_023402275_1	serA	2
GCA_023402275_1	serB	2
GCA_023402275_1	serC	1
GCA_023402275_1	xoxF4	1
GCA_023512665_1	acdA	4
GCA_023512665_1	acdB	1
GCA_023512665_1	acs	2
GCA_023512665_1	acsC	1
GCA_023512665_1	acsD	2
GCA_023512665_1	apgM	1
GCA_023512665_1	cdhC	2
GCA_023512665_1	cooS	1
GCA_023512665_1	eno	3
GCA_023512665_1	fbaA	1
GCA_023512665_1	fbp	1
GCA_023512665_1	fchA	1
GCA_023512665_1	fdhA	4
GCA_023512665_1	fdhB	1
GCA_023512665_1	fdm	1
GCA_023512665_1	fdoG	1
GCA_023512665_1	folA	1
GCA_023512665_1	frhD	1
GCA_023512665_1	fwdG	1
GCA_023512665_1	gfa	1
GCA_023512665_1	glyA	4
GCA_023512665_1	gpmB	1
GCA_023512665_1	gpmI	3
GCA_023512665_1	hdrA1	3
GCA_023512665_1	hdrB2	2
GCA_023512665_1	hdrC2	1
GCA_023512665_1	mauC	2
GCA_023512665_1	mdh	1
GCA_023512665_1	mdh-K00024	2
GCA_023512665_1	mtkA	1
GCA_023512665_1	mvhA	1
GCA_023512665_1	mvhG	1
GCA_023512665_1	nirK	2
GCA_023512665_1	nrfA	1
GCA_023512665_1	nrfH	1
GCA_023512665_1	nxrA	1
GCA_023512665_1	pfkB	1
GCA_023512665_1	pfp	2
GCA_023512665_1	porA	4
GCA_023512665_1	porB	2
GCA_023512665_1	porD	2
GCA_023512665_1	porG	2
GCA_023512665_1	pps	1
GCA_023512665_1	pqqF	3
GCA_023512665_1	pta	2
GCA_023512665_1	rnfA	1
GCA_023512665_1	rnfB	1
GCA_023512665_1	rnfC	2
GCA_023512665_1	rnfD	1
GCA_023512665_1	rnfE	1
GCA_023512665_1	serA	3
GCA_023512665_1	serB	2
GCA_023512665_1	torZ	1
GCA_023512665_1	vhcD	1
GCA_023512665_1	vhcG	1
GCA_023544495_1	ackA	2
GCA_023544495_1	acs	3
GCA_023544495_1	acsD	1
GCA_023544495_1	apgM	1
GCA_023544495_1	cdhA	1
GCA_023544495_1	cdhB	1
GCA_023544495_1	cdhC	1
GCA_023544495_1	cdhD	1
GCA_023544495_1	cdhE	2
GCA_023544495_1	cooS	1
GCA_023544495_1	cytC	1
GCA_023544495_1	ehaQ	1
GCA_023544495_1	ehbA	1
GCA_023544495_1	ehbB	1
GCA_023544495_1	ehbE	1
GCA_023544495_1	ehbF	1
GCA_023544495_1	ehbH	1
GCA_023544495_1	eno	3
GCA_023544495_1	fae-hps	2
GCA_023544495_1	fbp	1
GCA_023544495_1	fdhF	1
GCA_023544495_1	fdoI	2
GCA_023544495_1	folA	1
GCA_023544495_1	fpoA	1
GCA_023544495_1	fpoB	2
GCA_023544495_1	fpoC	6
GCA_023544495_1	fpoD	2
GCA_023544495_1	fpoF	1
GCA_023544495_1	fpoH	2
GCA_023544495_1	fpoI	3
GCA_023544495_1	fpoJ	3
GCA_023544495_1	fpoK	1
GCA_023544495_1	fpoL	4
GCA_023544495_1	fpoM	1
GCA_023544495_1	fpoN	1
GCA_023544495_1	frhB	1
GCA_023544495_1	frmA	3
GCA_023544495_1	ftr	2
GCA_023544495_1	fwdB	2
GCA_023544495_1	fwdC	1
GCA_023544495_1	fwdG	2
GCA_023544495_1	glyA	2
GCA_023544495_1	gpmI	2
GCA_023544495_1	hdrA2	2
GCA_023544495_1	hdrB1	1
GCA_023544495_1	hdrB2	1
GCA_023544495_1	hdrC2	1
GCA_023544495_1	hdrD	5
GCA_023544495_1	hdrE	1
GCA_023544495_1	hxlA	1
GCA_023544495_1	hxlB	1
GCA_023544495_1	mbhJ	1
GCA_023544495_1	mbhL	2
GCA_023544495_1	mch	1
GCA_023544495_1	mdh-K00024	1
GCA_023544495_1	mer	1
GCA_023544495_1	mgsC	2
GCA_023544495_1	mtaA	1
GCA_023544495_1	mtbA	1
GCA_023544495_1	mtbB	2
GCA_023544495_1	mtbC	1
GCA_023544495_1	mtd	1
GCA_023544495_1	mtkA	1
GCA_023544495_1	mtkB	1
GCA_023544495_1	mtmB	2
GCA_023544495_1	mtmC	1
GCA_023544495_1	mtrA	4
GCA_023544495_1	mtrB	2
GCA_023544495_1	mtrC	2
GCA_023544495_1	mtrD	2
GCA_023544495_1	mtrE	2
GCA_023544495_1	mtrF	2
GCA_023544495_1	mtrG	2
GCA_023544495_1	mtrH	3
GCA_023544495_1	mttB	2
GCA_023544495_1	mttC	1
GCA_023544495_1	narH	1
GCA_023544495_1	nirK	1
GCA_023544495_1	pfkB	1
GCA_023544495_1	pfp	2
GCA_023544495_1	porA	4
GCA_023544495_1	porB	4
GCA_023544495_1	porD	3
GCA_023544495_1	porG	3
GCA_023544495_1	pps	1
GCA_023544495_1	pqqE	12
GCA_023544495_1	pta	2
GCA_023544495_1	rnfA	1
GCA_023544495_1	rnfB	5
GCA_023544495_1	rnfC	3
GCA_023544495_1	rnfD	1
GCA_023544495_1	rnfE	2
GCA_023544495_1	rnfG	1
GCA_023544495_1	serA	3
GCA_024275095_1	acdA	21
GCA_024275095_1	ackA	1
GCA_024275095_1	acs	6
GCA_024275095_1	apgM	2
GCA_024275095_1	cooF	4
GCA_024275095_1	eno	3
GCA_024275095_1	fae-hps	1
GCA_024275095_1	fbaA	3
GCA_024275095_1	fbp	1
GCA_024275095_1	fdhA	1
GCA_024275095_1	fdhA-K00148	1
GCA_024275095_1	fdhB	1
GCA_024275095_1	fdoH	1
GCA_024275095_1	fdoI	1
GCA_024275095_1	fdwB	2
GCA_024275095_1	folA	4
GCA_024275095_1	fpoC	2
GCA_024275095_1	fpoD	2
GCA_024275095_1	fpoH	2
GCA_024275095_1	fpoJ	2
GCA_024275095_1	fpoK	1
GCA_024275095_1	fpoL	2
GCA_024275095_1	fpoM	2
GCA_024275095_1	fpoN	2
GCA_024275095_1	frhA	1
GCA_024275095_1	frhD	1
GCA_024275095_1	frmA	2
GCA_024275095_1	gfa	1
GCA_024275095_1	glyA	4
GCA_024275095_1	hdrD	6
GCA_024275095_1	mcl	2
GCA_024275095_1	mdh-K00024	2
GCA_024275095_1	mxaF	1
GCA_024275095_1	mxaL	1
GCA_024275095_1	napH	1
GCA_024275095_1	narB	2
GCA_024275095_1	pfkA	2
GCA_024275095_1	pfp	2
GCA_024275095_1	porA	2
GCA_024275095_1	porB	2
GCA_024275095_1	porD	2
GCA_024275095_1	porG	2
GCA_024275095_1	pps	2
GCA_024275095_1	pqqD	1
GCA_024275095_1	pqqE	4
GCA_024275095_1	pqqF	2
GCA_024275095_1	pta	7
GCA_024275095_1	rnfB	5
GCA_024275095_1	serA	3
GCA_024275095_1	serB	2
GCA_024275095_1	vhtG	2
GCA_024275315_1	acdA	3
GCA_024275315_1	ackA	2
GCA_024275315_1	acs	11
GCA_024275315_1	apgM	1
GCA_024275315_1	cdhE	2
GCA_024275315_1	cooF	5
GCA_024275315_1	ehaQ	1
GCA_024275315_1	ehbQ	1
GCA_024275315_1	eno	2
GCA_024275315_1	fbaA	2
GCA_024275315_1	fbp	1
GCA_024275315_1	fdhA	3
GCA_024275315_1	fdhA-K00148	1
GCA_024275315_1	fdhB	1
GCA_024275315_1	fdhF	1
GCA_024275315_1	fdwB	1
GCA_024275315_1	folA	7
GCA_024275315_1	fpoA	1
GCA_024275315_1	fpoB	1
GCA_024275315_1	fpoC	1
GCA_024275315_1	fpoD	1
GCA_024275315_1	fpoH	1
GCA_024275315_1	fpoJ	1
GCA_024275315_1	fpoM	1
GCA_024275315_1	fpoN	1
GCA_024275315_1	frmA	3
GCA_024275315_1	ftr	1
GCA_024275315_1	fwdB	2
GCA_024275315_1	fwdC	1
GCA_024275315_1	gfa	1
GCA_024275315_1	glyA	9
GCA_024275315_1	gpmB	2
GCA_024275315_1	gpmI	1
GCA_024275315_1	hdrA1	1
GCA_024275315_1	hdrA2	1
GCA_024275315_1	hdrB2	1
GCA_024275315_1	hdrD	6
GCA_024275315_1	hxlB	3
GCA_024275315_1	mauC	1
GCA_024275315_1	mch	1
GCA_024275315_1	mdh	1
GCA_024275315_1	mdh-K00024	1
GCA_024275315_1	mgsC	3
GCA_024275315_1	mmoC	1
GCA_024275315_1	mtaA	2
GCA_024275315_1	mtbA	1
GCA_024275315_1	mtbC	2
GCA_024275315_1	mtdB	1
GCA_024275315_1	mtkA	2
GCA_024275315_1	mtkB	1
GCA_024275315_1	mtrH	1
GCA_024275315_1	mxaC	1
GCA_024275315_1	narB	1
GCA_024275315_1	nirK	4
GCA_024275315_1	nirS	3
GCA_024275315_1	pfkA	2
GCA_024275315_1	pfkB	1
GCA_024275315_1	pfp	4
GCA_024275315_1	porA	1
GCA_024275315_1	porB	1
GCA_024275315_1	porD	2
GCA_024275315_1	pps	1
GCA_024275315_1	pqqA	1
GCA_024275315_1	pqqE	9
GCA_024275315_1	pqqF	2
GCA_024275315_1	pta	1
GCA_024275315_1	rnfB	5
GCA_024275315_1	rnfC	1
GCA_024275315_1	rnfE	1
GCA_024275315_1	serA	5
GCA_024275315_1	serB	3
GCA_024275775_1	acdA	4
GCA_024275775_1	acs	4
GCA_024275775_1	acsD	2
GCA_024275775_1	apgM	1
GCA_024275775_1	eno	2
GCA_024275775_1	fae-hps	1
GCA_024275775_1	fbaA	2
GCA_024275775_1	fbp	1
GCA_024275775_1	fdhA	2
GCA_024275775_1	fdhA-K00148	1
GCA_024275775_1	fdhB	1
GCA_024275775_1	folA	2
GCA_024275775_1	fpoA	1
GCA_024275775_1	fpoC	1
GCA_024275775_1	fpoD	2
GCA_024275775_1	fpoH	1
GCA_024275775_1	fpoJ	1
GCA_024275775_1	fpoK	1
GCA_024275775_1	fpoM	1
GCA_024275775_1	frhA	1
GCA_024275775_1	frhD	1
GCA_024275775_1	frmA	2
GCA_024275775_1	ftr	1
GCA_024275775_1	glyA	6
GCA_024275775_1	gpmI	2
GCA_024275775_1	hdrB1	1
GCA_024275775_1	hdrD	2
GCA_024275775_1	hxlB	1
GCA_024275775_1	mcl	1
GCA_024275775_1	mdh-K00024	1
GCA_024275775_1	mgsC	2
GCA_024275775_1	mtbA	1
GCA_024275775_1	mtbC	1
GCA_024275775_1	mtkA	3
GCA_024275775_1	mtkB	1
GCA_024275775_1	mxaF	1
GCA_024275775_1	narB	1
GCA_024275775_1	nirK	2
GCA_024275775_1	pfkA	3
GCA_024275775_1	pfp	2
GCA_024275775_1	porA	1
GCA_024275775_1	porB	3
GCA_024275775_1	porD	1
GCA_024275775_1	pps	1
GCA_024275775_1	pqqE	3
GCA_024275775_1	pqqF	2
GCA_024275775_1	pta	1
GCA_024275775_1	rnfB	6
GCA_024275775_1	rnfC	1
GCA_024275775_1	serA	4
GCA_024275775_1	serB	3
GCA_024275775_1	torY	1
GCA_024275775_1	vhcA	1
GCA_024275775_1	vhtG	2
GCA_024276815_1	ackA	2
GCA_024276815_1	acs	2
GCA_024276815_1	acsC	2
GCA_024276815_1	acsD	2
GCA_024276815_1	apgM	1
GCA_024276815_1	cdhC	1
GCA_024276815_1	cdhE	1
GCA_024276815_1	cooS	1
GCA_024276815_1	eno	1
GCA_024276815_1	fbaA	1
GCA_024276815_1	fchA	1
GCA_024276815_1	fdhA	3
GCA_024276815_1	fdoI	1
GCA_024276815_1	folA	4
GCA_024276815_1	fpoB	1
GCA_024276815_1	fpoC	1
GCA_024276815_1	fpoH	1
GCA_024276815_1	fpoJ	1
GCA_024276815_1	fpoK	1
GCA_024276815_1	fpoM	1
GCA_024276815_1	fpoN	1
GCA_024276815_1	frmA	2
GCA_024276815_1	glpX	2
GCA_024276815_1	glyA	4
GCA_024276815_1	gpmB	1
GCA_024276815_1	gpmI	2
GCA_024276815_1	hdrA2	1
GCA_024276815_1	hdrB1	1
GCA_024276815_1	hdrB2	1
GCA_024276815_1	hdrC2	1
GCA_024276815_1	hdrD	1
GCA_024276815_1	mdh-K00024	2
GCA_024276815_1	mgsC	1
GCA_024276815_1	mtbC	1
GCA_024276815_1	mtkB	1
GCA_024276815_1	mvhD	3
GCA_024276815_1	mxaC	1
GCA_024276815_1	napH	1
GCA_024276815_1	narB	2
GCA_024276815_1	pfkA	2
GCA_024276815_1	pfp	3
GCA_024276815_1	porA	1
GCA_024276815_1	porB	2
GCA_024276815_1	porG	1
GCA_024276815_1	pps	2
GCA_024276815_1	pqqE	4
GCA_024276815_1	pta	3
GCA_024276815_1	rnfA	1
GCA_024276815_1	rnfB	7
GCA_024276815_1	rnfC	2
GCA_024276815_1	rnfD	1
GCA_024276815_1	rnfE	3
GCA_024276815_1	rnfG	2
GCA_024276815_1	serA	3
GCA_024276815_1	serB	2
GCA_024276815_1	vhcA	1
GCA_024276815_1	vhuG	1
GCA_024276995_1	acdA	8
GCA_024276995_1	acs	3
GCA_024276995_1	acsC	1
GCA_024276995_1	apgM	2
GCA_024276995_1	cooF	2
GCA_024276995_1	cytC	1
GCA_024276995_1	ehbA	1
GCA_024276995_1	ehbC	1
GCA_024276995_1	ehbE	1
GCA_024276995_1	ehbH	2
GCA_024276995_1	eno	2
GCA_024276995_1	fbaA	3
GCA_024276995_1	fbp	1
GCA_024276995_1	fchA	1
GCA_024276995_1	fdhA-K00148	1
GCA_024276995_1	fdhB	3
GCA_024276995_1	fdhF	3
GCA_024276995_1	fdoI	1
GCA_024276995_1	fdwB	2
GCA_024276995_1	fghA	1
GCA_024276995_1	folA	3
GCA_024276995_1	fpoA	1
GCA_024276995_1	fpoB	2
GCA_024276995_1	fpoH	1
GCA_024276995_1	fpoJ	1
GCA_024276995_1	fpoK	1
GCA_024276995_1	fpoL	2
GCA_024276995_1	fpoM	1
GCA_024276995_1	fpoN	2
GCA_024276995_1	frhA	1
GCA_024276995_1	frhD	1
GCA_024276995_1	frmA	3
GCA_024276995_1	fwdG	1
GCA_024276995_1	gfa	1
GCA_024276995_1	glpX	1
GCA_024276995_1	glyA	4
GCA_024276995_1	gpmI	5
GCA_024276995_1	mauC	1
GCA_024276995_1	mcl	2
GCA_024276995_1	mdh-K00024	1
GCA_024276995_1	mgsC	1
GCA_024276995_1	mmoC	2
GCA_024276995_1	mtaA	1
GCA_024276995_1	mtbC	1
GCA_024276995_1	mtkA	1
GCA_024276995_1	mtkB	2
GCA_024276995_1	mttB	1
GCA_024276995_1	napH	2
GCA_024276995_1	narB	3
GCA_024276995_1	nirK	1
GCA_024276995_1	pfkA	1
GCA_024276995_1	pfp	3
GCA_024276995_1	porA	2
GCA_024276995_1	porB	1
GCA_024276995_1	pps	3
GCA_024276995_1	pqqB	1
GCA_024276995_1	pqqE	3
GCA_024276995_1	pqqF	1
GCA_024276995_1	pta	1
GCA_024276995_1	rnfA	1
GCA_024276995_1	rnfB	2
GCA_024276995_1	rnfC	1
GCA_024276995_1	rnfD	1
GCA_024276995_1	rnfE	2
GCA_024276995_1	rnfG	1
GCA_024276995_1	serA	4
GCA_024276995_1	serB	1
GCA_024276995_1	vhcA	1
GCA_024276995_1	vhcG	1
GCA_024278235_1	acdA	1
GCA_024278235_1	ackA	3
GCA_024278235_1	acs	13
GCA_024278235_1	acsC	3
GCA_024278235_1	acsD	2
GCA_024278235_1	apgM	3
GCA_024278235_1	cdhC	1
GCA_024278235_1	cooF	2
GCA_024278235_1	cooS	1
GCA_024278235_1	eno	5
GCA_024278235_1	fbaA	5
GCA_024278235_1	fchA	1
GCA_024278235_1	fdhA	3
GCA_024278235_1	fdhA-K00148	7
GCA_024278235_1	fdhB	1
GCA_024278235_1	fdoH	2
GCA_024278235_1	fdwB	1
GCA_024278235_1	fghA	2
GCA_024278235_1	folA	5
GCA_024278235_1	fpoA	1
GCA_024278235_1	fpoB	2
GCA_024278235_1	fpoC	2
GCA_024278235_1	fpoD	1
GCA_024278235_1	fpoH	2
GCA_024278235_1	fpoJ	2
GCA_024278235_1	fpoK	2
GCA_024278235_1	fpoL	2
GCA_024278235_1	fpoM	1
GCA_024278235_1	fpoN	2
GCA_024278235_1	frmA	5
GCA_024278235_1	gfa	1
GCA_024278235_1	glpX	1
GCA_024278235_1	glyA	9
GCA_024278235_1	gpmB	2
GCA_024278235_1	hdrA2	3
GCA_024278235_1	hdrB2	1
GCA_024278235_1	hdrC2	1
GCA_024278235_1	hmd	1
GCA_024278235_1	hprA	4
GCA_024278235_1	hxlB	1
GCA_024278235_1	mdh	2
GCA_024278235_1	mdh-K00024	3
GCA_024278235_1	mgsA	1
GCA_024278235_1	mgsC	1
GCA_024278235_1	mtaA	1
GCA_024278235_1	mtbA	1
GCA_024278235_1	mtbC	3
GCA_024278235_1	mtsA	1
GCA_024278235_1	mttB	1
GCA_024278235_1	mxaF	1
GCA_024278235_1	narB	3
GCA_024278235_1	nirK	2
GCA_024278235_1	nrfH	1
GCA_024278235_1	pfkB	1
GCA_024278235_1	pfp	6
GCA_024278235_1	porA	3
GCA_024278235_1	pps	5
GCA_024278235_1	pqqF	1
GCA_024278235_1	pta	2
GCA_024278235_1	rnfB	7
GCA_024278235_1	rnfC	2
GCA_024278235_1	rnfE	1
GCA_024278235_1	serA	7
GCA_024278235_1	serB	5
GCA_024278235_1	serC	1
GCA_024278235_1	vhuD	1
GCA_024278235_1	xoxF5	1
GCA_024464205_1	acs	1
GCA_024464205_1	acsD	1
GCA_024464205_1	apgM	1
GCA_024464205_1	cooF	1
GCA_024464205_1	cooS	1
GCA_024464205_1	echC	1
GCA_024464205_1	echE	4
GCA_024464205_1	ehbA	1
GCA_024464205_1	ehbB	1
GCA_024464205_1	ehbD	1
GCA_024464205_1	ehbE	2
GCA_024464205_1	ehbF	1
GCA_024464205_1	ehbK	2
GCA_024464205_1	ehbL	1
GCA_024464205_1	ehbM	1
GCA_024464205_1	ehbN	1
GCA_024464205_1	ehbO	1
GCA_024464205_1	ehbP	1
GCA_024464205_1	fbaA	1
GCA_024464205_1	fbp	1
GCA_024464205_1	fdhB	1
GCA_024464205_1	folA	2
GCA_024464205_1	fpoB	1
GCA_024464205_1	fpoC	2
GCA_024464205_1	fpoH	2
GCA_024464205_1	fpoL	3
GCA_024464205_1	fpoM	1
GCA_024464205_1	fpoN	2
GCA_024464205_1	frhA	1
GCA_024464205_1	frmA	2
GCA_024464205_1	glyA	3
GCA_024464205_1	gpmB	1
GCA_024464205_1	hdrB2	1
GCA_024464205_1	hdrD	3
GCA_024464205_1	hprA	1
GCA_024464205_1	hxlB	1
GCA_024464205_1	mbhJ	2
GCA_024464205_1	mbhK	1
GCA_024464205_1	mbhL	2
GCA_024464205_1	mcrA	3
GCA_024464205_1	mcrB	2
GCA_024464205_1	mcrC	1
GCA_024464205_1	mcrD	1
GCA_024464205_1	mcrG	2
GCA_024464205_1	mdh	1
GCA_024464205_1	mdh-K00024	1
GCA_024464205_1	mmoC	1
GCA_024464205_1	mtaA	4
GCA_024464205_1	mtbC	2
GCA_024464205_1	mtkA	1
GCA_024464205_1	mtkB	1
GCA_024464205_1	mtmB	2
GCA_024464205_1	mtrH	1
GCA_024464205_1	pfkB	1
GCA_024464205_1	pfp	4
GCA_024464205_1	porA	3
GCA_024464205_1	porB	2
GCA_024464205_1	porD	2
GCA_024464205_1	porG	3
GCA_024464205_1	pps	4
GCA_024464205_1	pqqE	3
GCA_024464205_1	rnfC	1
GCA_024464205_1	serB	2
GCA_024464205_1	torA	1
GCA_024860865_1	ackA	1
GCA_024860865_1	acs	4
GCA_024860865_1	acsD	1
GCA_024860865_1	apgM	3
GCA_024860865_1	cdhA	1
GCA_024860865_1	cdhB	1
GCA_024860865_1	cdhC	1
GCA_024860865_1	cdhD	1
GCA_024860865_1	cdhE	1
GCA_024860865_1	cooF	1
GCA_024860865_1	cooS	1
GCA_024860865_1	ehbQ	1
GCA_024860865_1	eno	1
GCA_024860865_1	fae-hps	2
GCA_024860865_1	fbp	1
GCA_024860865_1	fdhA	1
GCA_024860865_1	fdhA-K00148	1
GCA_024860865_1	fdhB	2
GCA_024860865_1	fdoH	2
GCA_024860865_1	folA	2
GCA_024860865_1	fpoC	2
GCA_024860865_1	fpoJ	2
GCA_024860865_1	fpoK	1
GCA_024860865_1	fpoL	1
GCA_024860865_1	fpoM	1
GCA_024860865_1	fpoN	1
GCA_024860865_1	frhB	4
GCA_024860865_1	frhD	1
GCA_024860865_1	frmA	1
GCA_024860865_1	ftr	2
GCA_024860865_1	fwdG	1
GCA_024860865_1	gfa	1
GCA_024860865_1	glyA	2
GCA_024860865_1	hdrA1	1
GCA_024860865_1	hdrA2	10
GCA_024860865_1	hdrB1	4
GCA_024860865_1	hdrC2	1
GCA_024860865_1	hdrD	1
GCA_024860865_1	hxlA	1
GCA_024860865_1	hxlB	1
GCA_024860865_1	mch	1
GCA_024860865_1	mgsA	1
GCA_024860865_1	mgsC	1
GCA_024860865_1	mtaA	1
GCA_024860865_1	mtd	1
GCA_024860865_1	mtkA	2
GCA_024860865_1	mtkB	1
GCA_024860865_1	mtrA	1
GCA_024860865_1	mvhA	1
GCA_024860865_1	mvhD	2
GCA_024860865_1	pfkB	4
GCA_024860865_1	porA	1
GCA_024860865_1	porB	2
GCA_024860865_1	porD	3
GCA_024860865_1	porG	1
GCA_024860865_1	pps	1
GCA_024860865_1	pqqB	1
GCA_024860865_1	pqqE	4
GCA_024860865_1	rnfB	2
GCA_024860865_1	rnfC	1
GCA_024860865_1	serA	2
GCA_024860865_1	serB	1
GCA_024860865_1	serC	1
GCA_024860865_1	vhtG	1
GCA_024860865_1	vhuD	3
GCA_025060205_1	ackA	2
GCA_025060205_1	apgM	2
GCA_025060205_1	echB	1
GCA_025060205_1	ehaR	1
GCA_025060205_1	eno	3
GCA_025060205_1	fbaA	3
GCA_025060205_1	fdhA	3
GCA_025060205_1	fdhA-K00148	2
GCA_025060205_1	fdoI	1
GCA_025060205_1	fdwB	3
GCA_025060205_1	folA	5
GCA_025060205_1	fpoA	2
GCA_025060205_1	fpoB	1
GCA_025060205_1	fpoC	1
GCA_025060205_1	fpoD	1
GCA_025060205_1	fpoH	1
GCA_025060205_1	fpoJ	1
GCA_025060205_1	fpoL	3
GCA_025060205_1	fpoM	1
GCA_025060205_1	fpoN	2
GCA_025060205_1	frmA	2
GCA_025060205_1	gfa	1
GCA_025060205_1	glyA	4
GCA_025060205_1	gpmB	2
GCA_025060205_1	hdrD	2
GCA_025060205_1	hmd	2
GCA_025060205_1	hprA	3
GCA_025060205_1	hxlB	1
GCA_025060205_1	mbhJ	1
GCA_025060205_1	mbhL	1
GCA_025060205_1	mdh-K00024	6
GCA_025060205_1	metF	1
GCA_025060205_1	mtaB	1
GCA_025060205_1	mtbC	1
GCA_025060205_1	mtkB	2
GCA_025060205_1	mtsA	1
GCA_025060205_1	mvhA	1
GCA_025060205_1	mvhG	1
GCA_025060205_1	nrfA	1
GCA_025060205_1	pfkA	1
GCA_025060205_1	pfkB	2
GCA_025060205_1	pfp	3
GCA_025060205_1	porA	3
GCA_025060205_1	porB	2
GCA_025060205_1	porG	1
GCA_025060205_1	pps	1
GCA_025060205_1	pqqE	1
GCA_025060205_1	pqqF	2
GCA_025060205_1	rnfB	1
GCA_025060205_1	rnfE	2
GCA_025060205_1	serA	4
GCA_025060205_1	serB	3
GCA_025060205_1	serC	2
GCA_025060205_1	torA	1
GCA_025060205_1	torZ	1
GCA_025363775_1	acdA	4
GCA_025363775_1	ackA	3
GCA_025363775_1	acs	6
GCA_025363775_1	cooF	2
GCA_025363775_1	echE	1
GCA_025363775_1	eno	3
GCA_025363775_1	fbaA	2
GCA_025363775_1	fbaB	1
GCA_025363775_1	fchA	1
GCA_025363775_1	fdhA	1
GCA_025363775_1	fdhA-K00148	1
GCA_025363775_1	fdhB	3
GCA_025363775_1	fdhF	1
GCA_025363775_1	fdoH	4
GCA_025363775_1	fdwB	2
GCA_025363775_1	folA	5
GCA_025363775_1	fpoA	1
GCA_025363775_1	fpoB	3
GCA_025363775_1	fpoC	1
GCA_025363775_1	fpoD	1
GCA_025363775_1	fpoH	2
GCA_025363775_1	fpoJ	1
GCA_025363775_1	fpoK	1
GCA_025363775_1	fpoM	3
GCA_025363775_1	fpoN	1
GCA_025363775_1	frhA	1
GCA_025363775_1	frhD	1
GCA_025363775_1	frmA	3
GCA_025363775_1	gck	2
GCA_025363775_1	glpX	1
GCA_025363775_1	glyA	4
GCA_025363775_1	gpmB	1
GCA_025363775_1	gpmI	3
GCA_025363775_1	hdrA1	1
GCA_025363775_1	hdrA2	2
GCA_025363775_1	hdrC1	1
GCA_025363775_1	hdrD	2
GCA_025363775_1	hxlB	2
GCA_025363775_1	mauC	2
GCA_025363775_1	mbhJ	1
GCA_025363775_1	mbhK	1
GCA_025363775_1	mcl	2
GCA_025363775_1	mdh-K00024	1
GCA_025363775_1	mtaA	1
GCA_025363775_1	mtbC	2
GCA_025363775_1	mttB	1
GCA_025363775_1	mttC	1
GCA_025363775_1	mvhA	1
GCA_025363775_1	mvhD	1
GCA_025363775_1	mvhG	1
GCA_025363775_1	mxaF	1
GCA_025363775_1	nirK	1
GCA_025363775_1	nirS	1
GCA_025363775_1	pfkA	2
GCA_025363775_1	pfkB	1
GCA_025363775_1	pfp	3
GCA_025363775_1	porA	3
GCA_025363775_1	porB	1
GCA_025363775_1	porG	2
GCA_025363775_1	pps	2
GCA_025363775_1	pqqA	1
GCA_025363775_1	pqqE	5
GCA_025363775_1	pqqF	7
GCA_025363775_1	pta	4
GCA_025363775_1	rnfB	5
GCA_025363775_1	rnfE	2
GCA_025363775_1	serA	5
GCA_025363775_1	serB	2
GCA_025363775_1	serC	1
GCA_025363775_1	torA	2
GCA_025453925_1	acdA	2
GCA_025453925_1	ackA	2
GCA_025453925_1	acs	7
GCA_025453925_1	cooF	2
GCA_025453925_1	cytC	1
GCA_025453925_1	echE	1
GCA_025453925_1	ehbA	1
GCA_025453925_1	eno	3
GCA_025453925_1	fbaA	2
GCA_025453925_1	fbp	1
GCA_025453925_1	fchA	1
GCA_025453925_1	fdhA	4
GCA_025453925_1	fdhA-K00148	3
GCA_025453925_1	fdhB	1
GCA_025453925_1	fdoH	1
GCA_025453925_1	fdoI	1
GCA_025453925_1	fghA	2
GCA_025453925_1	folA	3
GCA_025453925_1	fpoB	2
GCA_025453925_1	fpoH	1
GCA_025453925_1	fpoL	1
GCA_025453925_1	fpoN	1
GCA_025453925_1	frhD	1
GCA_025453925_1	gck	1
GCA_025453925_1	glyA	4
GCA_025453925_1	gpmB	1
GCA_025453925_1	gpmI	1
GCA_025453925_1	hdrA1	1
GCA_025453925_1	hdrA2	3
GCA_025453925_1	hdrB2	2
GCA_025453925_1	hdrC2	1
GCA_025453925_1	hxlB	1
GCA_025453925_1	mbhJ	1
GCA_025453925_1	mbhL	1
GCA_025453925_1	mmoC	1
GCA_025453925_1	mtbC	1
GCA_025453925_1	mtkA	1
GCA_025453925_1	mtkB	2
GCA_025453925_1	mtsA	1
GCA_025453925_1	mttB	2
GCA_025453925_1	mvhD	2
GCA_025453925_1	mxaC	1
GCA_025453925_1	pfkB	2
GCA_025453925_1	pfp	1
GCA_025453925_1	porA	2
GCA_025453925_1	porB	1
GCA_025453925_1	porG	2
GCA_025453925_1	ppc	1
GCA_025453925_1	pps	1
GCA_025453925_1	pqqE	13
GCA_025453925_1	pqqF	1
GCA_025453925_1	pta	3
GCA_025453925_1	rnfB	6
GCA_025453925_1	rnfC	3
GCA_025453925_1	rnfD	2
GCA_025453925_1	rnfE	3
GCA_025453925_1	rnfG	1
GCA_025453925_1	serA	3
GCA_025453925_1	serB	2
GCA_025453925_1	serC	1
GCA_025453925_1	torC	1
GCA_025453925_1	vhcG	1
GCA_025453925_1	vhuA	1
GCA_025464225_1	acdA	2
GCA_025464225_1	acs	1
GCA_025464225_1	apgM	1
GCA_025464225_1	cdhA	2
GCA_025464225_1	cdhC	2
GCA_025464225_1	cdhD	1
GCA_025464225_1	cdhE	1
GCA_025464225_1	echA	1
GCA_025464225_1	ehaQ	1
GCA_025464225_1	ehaR	1
GCA_025464225_1	eno	1
GCA_025464225_1	fae-hps	1
GCA_025464225_1	fbaA	2
GCA_025464225_1	fdhB	1
GCA_025464225_1	folA	2
GCA_025464225_1	fpoC	2
GCA_025464225_1	fpoL	2
GCA_025464225_1	fpoN	1
GCA_025464225_1	fqoA	1
GCA_025464225_1	fqoD	2
GCA_025464225_1	fqoF	2
GCA_025464225_1	fqoH	1
GCA_025464225_1	fqoJ	1
GCA_025464225_1	fqoK	1
GCA_025464225_1	fqoL	1
GCA_025464225_1	fqoM	1
GCA_025464225_1	fqoN	1
GCA_025464225_1	frhB	2
GCA_025464225_1	frmA	2
GCA_025464225_1	ftr	3
GCA_025464225_1	fwdB	3
GCA_025464225_1	fwdC	1
GCA_025464225_1	fwdG	1
GCA_025464225_1	glyA	2
GCA_025464225_1	hdrA1	2
GCA_025464225_1	hdrA2	5
GCA_025464225_1	hdrB1	2
GCA_025464225_1	hdrB2	2
GCA_025464225_1	hdrC2	2
GCA_025464225_1	hdrD	2
GCA_025464225_1	hxlA	1
GCA_025464225_1	hxlB	1
GCA_025464225_1	mch	1
GCA_025464225_1	mcrC	1
GCA_025464225_1	mdh-K00024	1
GCA_025464225_1	mtbC	1
GCA_025464225_1	mtd	1
GCA_025464225_1	mtrA	1
GCA_025464225_1	mvhD	4
GCA_025464225_1	narB	1
GCA_025464225_1	pfkB	1
GCA_025464225_1	pfp	1
GCA_025464225_1	porA	1
GCA_025464225_1	porB	1
GCA_025464225_1	porD	3
GCA_025464225_1	pps	2
GCA_025464225_1	pqqE	7
GCA_025464225_1	pta	2
GCA_025464225_1	rnfB	3
GCA_025464225_1	serA	3
GCA_025774555_1	acdA	5
GCA_025774555_1	ackA	2
GCA_025774555_1	acs	6
GCA_025774555_1	acsC	1
GCA_025774555_1	cdhC	1
GCA_025774555_1	cdhE	1
GCA_025774555_1	cooF	1
GCA_025774555_1	cooS	1
GCA_025774555_1	cytC	1
GCA_025774555_1	eno	4
GCA_025774555_1	fbaA	3
GCA_025774555_1	fbp	1
GCA_025774555_1	fchA	1
GCA_025774555_1	fdhA	1
GCA_025774555_1	fdhA-K00148	1
GCA_025774555_1	fdhB	1
GCA_025774555_1	fdm	1
GCA_025774555_1	fdoH	2
GCA_025774555_1	fdwE	1
GCA_025774555_1	folA	3
GCA_025774555_1	fpoA	1
GCA_025774555_1	fpoC	2
GCA_025774555_1	fpoD	3
GCA_025774555_1	fpoH	2
GCA_025774555_1	fpoJ	2
GCA_025774555_1	fpoK	1
GCA_025774555_1	fpoL	3
GCA_025774555_1	fpoM	2
GCA_025774555_1	fpoN	2
GCA_025774555_1	frmA	1
GCA_025774555_1	glyA	3
GCA_025774555_1	gpmI	3
GCA_025774555_1	hdrA1	1
GCA_025774555_1	hdrA2	3
GCA_025774555_1	hdrC2	2
GCA_025774555_1	hdrD	5
GCA_025774555_1	hxlA	1
GCA_025774555_1	hxlB	2
GCA_025774555_1	mcl	4
GCA_025774555_1	mdh	1
GCA_025774555_1	mdh-K00024	1
GCA_025774555_1	mtbC	1
GCA_025774555_1	mtkA	2
GCA_025774555_1	mtkB	2
GCA_025774555_1	mttB	1
GCA_025774555_1	mvhD	1
GCA_025774555_1	napH	1
GCA_025774555_1	narB	2
GCA_025774555_1	nirK	1
GCA_025774555_1	pfkA	3
GCA_025774555_1	pfp	2
GCA_025774555_1	porA	4
GCA_025774555_1	porB	4
GCA_025774555_1	porD	5
GCA_025774555_1	porG	4
GCA_025774555_1	pps	1
GCA_025774555_1	pqqE	3
GCA_025774555_1	pqqF	2
GCA_025774555_1	pta	6
GCA_025774555_1	rnfB	3
GCA_025774555_1	rnfC	2
GCA_025774555_1	serA	2
GCA_025774555_1	serB	2
GCA_025774555_1	serC	1
GCA_026388015_1	acdA	2
GCA_026388015_1	ackA	1
GCA_026388015_1	acs	1
GCA_026388015_1	acsD	1
GCA_026388015_1	apgM	1
GCA_026388015_1	cdhE	1
GCA_026388015_1	cooF	2
GCA_026388015_1	eno	3
GCA_026388015_1	fbaA	2
GCA_026388015_1	fchA	1
GCA_026388015_1	folA	3
GCA_026388015_1	fpoA	1
GCA_026388015_1	fpoB	2
GCA_026388015_1	fpoC	1
GCA_026388015_1	fpoH	1
GCA_026388015_1	fpoI	1
GCA_026388015_1	fpoJ	1
GCA_026388015_1	fpoK	1
GCA_026388015_1	fpoL	1
GCA_026388015_1	fpoM	1
GCA_026388015_1	fpoN	1
GCA_026388015_1	frmA	3
GCA_026388015_1	glyA	5
GCA_026388015_1	gpmB	1
GCA_026388015_1	gpmI	1
GCA_026388015_1	hdrA2	1
GCA_026388015_1	hdrB1	1
GCA_026388015_1	hdrC2	1
GCA_026388015_1	hdrD	1
GCA_026388015_1	hprA	1
GCA_026388015_1	hxlA	2
GCA_026388015_1	mdh	1
GCA_026388015_1	mdh-K00024	1
GCA_026388015_1	mtbC	1
GCA_026388015_1	mtkB	1
GCA_026388015_1	mvhD	2
GCA_026388015_1	mxaL	1
GCA_026388015_1	narB	1
GCA_026388015_1	pfkA	2
GCA_026388015_1	pfp	5
GCA_026388015_1	porA	2
GCA_026388015_1	porB	2
GCA_026388015_1	porD	2
GCA_026388015_1	porG	2
GCA_026388015_1	pps	1
GCA_026388015_1	pqqE	2
GCA_026388015_1	pqqF	1
GCA_026388015_1	pta	1
GCA_026388015_1	rnfB	4
GCA_026388015_1	rnfC	2
GCA_026388015_1	serA	4
GCA_026388015_1	serB	2
GCA_026389015_1	acs	1
GCA_026389015_1	eno	1
GCA_026389015_1	fpoB	1
GCA_026389015_1	frmA	1
GCA_026389015_1	glpX	1
GCA_026389015_1	glyA	1
GCA_026389015_1	gpmI	1
GCA_026389015_1	mdh-K00024	2
GCA_026389015_1	narB	2
GCA_026389015_1	pfp	2
GCA_026389015_1	porD	1
GCA_026389015_1	pps	1
GCA_026389015_1	pqqF	1
GCA_026389015_1	pta	1
GCA_026389015_1	rnfB	1
GCA_026389015_1	serA	1
GCA_026389015_1	serB	1
GCA_026393905_1	acdA	4
GCA_026393905_1	ackA	1
GCA_026393905_1	acs	5
GCA_026393905_1	amoB	1
GCA_026393905_1	apgM	1
GCA_026393905_1	cdhE	1
GCA_026393905_1	cooF	1
GCA_026393905_1	echE	1
GCA_026393905_1	ehbE	1
GCA_026393905_1	eno	2
GCA_026393905_1	fbaA	2
GCA_026393905_1	fbp	1
GCA_026393905_1	fchA	1
GCA_026393905_1	fdhA	3
GCA_026393905_1	fdhA-K00148	3
GCA_026393905_1	fdoI	1
GCA_026393905_1	fdwB	2
GCA_026393905_1	fghA	1
GCA_026393905_1	folA	4
GCA_026393905_1	fpoA	1
GCA_026393905_1	fpoB	1
GCA_026393905_1	fpoC	1
GCA_026393905_1	fpoD	1
GCA_026393905_1	fpoH	2
GCA_026393905_1	fpoK	1
GCA_026393905_1	fpoL	4
GCA_026393905_1	fpoM	1
GCA_026393905_1	fpoN	1
GCA_026393905_1	frhG	1
GCA_026393905_1	frmA	2
GCA_026393905_1	gck	1
GCA_026393905_1	gfa	1
GCA_026393905_1	glyA	3
GCA_026393905_1	gpmI	3
GCA_026393905_1	hdrA1	2
GCA_026393905_1	hdrA2	2
GCA_026393905_1	hdrB1	1
GCA_026393905_1	hdrC1	1
GCA_026393905_1	hdrC2	1
GCA_026393905_1	hdrD	1
GCA_026393905_1	hmd	1
GCA_026393905_1	hprA	1
GCA_026393905_1	hxlB	2
GCA_026393905_1	mauC	2
GCA_026393905_1	mbhJ	1
GCA_026393905_1	mbhK	1
GCA_026393905_1	mcl	2
GCA_026393905_1	mdh-K00024	2
GCA_026393905_1	metF	2
GCA_026393905_1	mtaA	1
GCA_026393905_1	mtbA	1
GCA_026393905_1	mtbC	5
GCA_026393905_1	mtkA	2
GCA_026393905_1	mtkB	2
GCA_026393905_1	mttB	1
GCA_026393905_1	mvhA	2
GCA_026393905_1	mvhD	2
GCA_026393905_1	mvhG	1
GCA_026393905_1	narB	1
GCA_026393905_1	pfkA	4
GCA_026393905_1	pfkB	3
GCA_026393905_1	pfp	2
GCA_026393905_1	porA	3
GCA_026393905_1	porB	3
GCA_026393905_1	porD	3
GCA_026393905_1	porG	4
GCA_026393905_1	pps	2
GCA_026393905_1	pqqA	1
GCA_026393905_1	pqqB	1
GCA_026393905_1	pqqE	3
GCA_026393905_1	pqqF	2
GCA_026393905_1	rnfB	9
GCA_026393905_1	rnfE	1
GCA_026393905_1	serA	3
GCA_026393905_1	serB	2
GCA_026393905_1	serC	1
GCA_026393905_1	torA	1
GCA_026393905_1	vhcD	1
GCA_026415985_1	acdA	3
GCA_026415985_1	acs	6
GCA_026415985_1	acsC	2
GCA_026415985_1	apgM	1
GCA_026415985_1	cooF	1
GCA_026415985_1	cooS	1
GCA_026415985_1	ehbH	1
GCA_026415985_1	eno	2
GCA_026415985_1	fbaA	3
GCA_026415985_1	fbp	1
GCA_026415985_1	fdhB	2
GCA_026415985_1	fdoG	1
GCA_026415985_1	fdwE	1
GCA_026415985_1	folA	4
GCA_026415985_1	fpoB	2
GCA_026415985_1	fpoC	1
GCA_026415985_1	fpoD	1
GCA_026415985_1	fpoH	1
GCA_026415985_1	fpoI	1
GCA_026415985_1	fpoK	1
GCA_026415985_1	frhA	1
GCA_026415985_1	frhD	1
GCA_026415985_1	frmA	2
GCA_026415985_1	glyA	3
GCA_026415985_1	gpmB	1
GCA_026415985_1	gpmI	1
GCA_026415985_1	hdrA1	2
GCA_026415985_1	hdrA2	1
GCA_026415985_1	hdrC2	1
GCA_026415985_1	hdrD	1
GCA_026415985_1	hxlB	2
GCA_026415985_1	mcl	1
GCA_026415985_1	mdh-K00024	1
GCA_026415985_1	metF	1
GCA_026415985_1	mtkA	1
GCA_026415985_1	mvhD	1
GCA_026415985_1	mxaF	1
GCA_026415985_1	narB	1
GCA_026415985_1	nrfA	2
GCA_026415985_1	pfkA	1
GCA_026415985_1	pfp	2
GCA_026415985_1	porA	2
GCA_026415985_1	porG	1
GCA_026415985_1	pps	1
GCA_026415985_1	pqqE	2
GCA_026415985_1	pta	1
GCA_026415985_1	rnfB	3
GCA_026415985_1	serA	3
GCA_026415985_1	serB	2
GCA_026415985_1	vhuA	1
GCA_026418035_1	acdA	1
GCA_026418035_1	ackA	2
GCA_026418035_1	apgM	1
GCA_026418035_1	cooF	1
GCA_026418035_1	cooS	1
GCA_026418035_1	eno	3
GCA_026418035_1	fbaA	8
GCA_026418035_1	fdhA	1
GCA_026418035_1	fdhA-K00148	6
GCA_026418035_1	fdm	1
GCA_026418035_1	fghA	1
GCA_026418035_1	folA	2
GCA_026418035_1	fpoC	1
GCA_026418035_1	frhG	1
GCA_026418035_1	frmA	3
GCA_026418035_1	glyA	4
GCA_026418035_1	gpmB	3
GCA_026418035_1	gpmI	1
GCA_026418035_1	hmd	1
GCA_026418035_1	hprA	1
GCA_026418035_1	hxlA	1
GCA_026418035_1	mdh	3
GCA_026418035_1	mdh-K00024	3
GCA_026418035_1	mgsC	2
GCA_026418035_1	mtaA	2
GCA_026418035_1	mtaB	1
GCA_026418035_1	mtaC	1
GCA_026418035_1	mtbA	1
GCA_026418035_1	mtbC	2
GCA_026418035_1	mtrG	1
GCA_026418035_1	mtsA	1
GCA_026418035_1	mvhA	1
GCA_026418035_1	mxaF	1
GCA_026418035_1	narB	2
GCA_026418035_1	pfkA	3
GCA_026418035_1	pfkB	3
GCA_026418035_1	pfkC	1
GCA_026418035_1	pfp	2
GCA_026418035_1	porA	3
GCA_026418035_1	porB	2
GCA_026418035_1	porD	1
GCA_026418035_1	porG	1
GCA_026418035_1	pps	1
GCA_026418035_1	pqqE	2
GCA_026418035_1	pta	3
GCA_026418035_1	rnfA	1
GCA_026418035_1	rnfB	3
GCA_026418035_1	rnfD	1
GCA_026418035_1	rnfE	1
GCA_026418035_1	rnfG	1
GCA_026418035_1	serA	8
GCA_026418035_1	serB	2
GCA_026552975_1	acdA	3
GCA_026552975_1	ackA	2
GCA_026552975_1	acs	2
GCA_026552975_1	acsC	1
GCA_026552975_1	acsD	1
GCA_026552975_1	amoB	2
GCA_026552975_1	apgM	1
GCA_026552975_1	cdhA	1
GCA_026552975_1	cdhB	1
GCA_026552975_1	cdhC	1
GCA_026552975_1	cdhD	1
GCA_026552975_1	cdhE	1
GCA_026552975_1	cooS	2
GCA_026552975_1	echB	1
GCA_026552975_1	eno	1
GCA_026552975_1	fae-hps	1
GCA_026552975_1	fbp	2
GCA_026552975_1	fdhA	1
GCA_026552975_1	fdhA-K00148	1
GCA_026552975_1	fdhB	2
GCA_026552975_1	fdoI	2
GCA_026552975_1	folA	3
GCA_026552975_1	fpoB	3
GCA_026552975_1	fpoC	5
GCA_026552975_1	fpoD	1
GCA_026552975_1	fpoH	1
GCA_026552975_1	fpoJ	2
GCA_026552975_1	fpoK	1
GCA_026552975_1	fpoL	1
GCA_026552975_1	fpoM	2
GCA_026552975_1	fpoN	1
GCA_026552975_1	fpoO	1
GCA_026552975_1	frhA	1
GCA_026552975_1	frhD	1
GCA_026552975_1	frmA	2
GCA_026552975_1	ftr	1
GCA_026552975_1	fwdB	2
GCA_026552975_1	fwdC	1
GCA_026552975_1	fwdF	1
GCA_026552975_1	fwdG	1
GCA_026552975_1	glyA	3
GCA_026552975_1	gpmI	2
GCA_026552975_1	hdrA1	1
GCA_026552975_1	hdrA2	2
GCA_026552975_1	hdrB1	1
GCA_026552975_1	hdrC1	1
GCA_026552975_1	hdrD	3
GCA_026552975_1	hdrE	1
GCA_026552975_1	hxlA	1
GCA_026552975_1	hxlB	1
GCA_026552975_1	mauC	3
GCA_026552975_1	mbhJ	2
GCA_026552975_1	mch	2
GCA_026552975_1	mcrA	1
GCA_026552975_1	mcrB	1
GCA_026552975_1	mcrC	1
GCA_026552975_1	mcrD	1
GCA_026552975_1	mcrG	1
GCA_026552975_1	mdh-K00024	2
GCA_026552975_1	mgsC	3
GCA_026552975_1	mtd	1
GCA_026552975_1	mtkA	2
GCA_026552975_1	mtkB	2
GCA_026552975_1	mtrA	2
GCA_026552975_1	mtrB	1
GCA_026552975_1	mtrC	1
GCA_026552975_1	mtrD	1
GCA_026552975_1	mtrE	1
GCA_026552975_1	mtrF	1
GCA_026552975_1	mtrG	1
GCA_026552975_1	mtrH	1
GCA_026552975_1	mvhD	3
GCA_026552975_1	mxaL	1
GCA_026552975_1	narB	1
GCA_026552975_1	narH	2
GCA_026552975_1	nrfH	1
GCA_026552975_1	nxrA	1
GCA_026552975_1	pfp	3
GCA_026552975_1	porA	2
GCA_026552975_1	porB	2
GCA_026552975_1	porD	3
GCA_026552975_1	porG	1
GCA_026552975_1	pps	1
GCA_026552975_1	pqqB	1
GCA_026552975_1	pqqE	3
GCA_026552975_1	pta	1
GCA_026552975_1	rnfB	3
GCA_026552975_1	rnfC	2
GCA_026552975_1	rnfE	1
GCA_026552975_1	serA	2
GCA_026552975_1	vhcA	1
GCA_026552975_1	vhcG	1
GCA_026552975_1	vhtG	1
GCA_026552975_1	xoxF1	1
GCA_026702745_1	acdA	4
GCA_026702745_1	ackA	1
GCA_026702745_1	acs	3
GCA_026702745_1	cooF	2
GCA_026702745_1	eno	5
GCA_026702745_1	fbaA	3
GCA_026702745_1	fdhA	1
GCA_026702745_1	fdhA-K00148	7
GCA_026702745_1	fdhB	2
GCA_026702745_1	fdhF	2
GCA_026702745_1	fdm	1
GCA_026702745_1	fdwB	3
GCA_026702745_1	folA	14
GCA_026702745_1	fpoA	1
GCA_026702745_1	fpoB	1
GCA_026702745_1	fpoC	1
GCA_026702745_1	fpoH	1
GCA_026702745_1	fpoJ	1
GCA_026702745_1	fpoK	1
GCA_026702745_1	fpoL	1
GCA_026702745_1	fpoM	1
GCA_026702745_1	fpoN	1
GCA_026702745_1	frmA	4
GCA_026702745_1	gck	1
GCA_026702745_1	gfa	1
GCA_026702745_1	glpX	1
GCA_026702745_1	glyA	6
GCA_026702745_1	gpmB	2
GCA_026702745_1	gpmI	1
GCA_026702745_1	hdrD	2
GCA_026702745_1	hprA	4
GCA_026702745_1	hxlA	1
GCA_026702745_1	hxlB	2
GCA_026702745_1	mcl	2
GCA_026702745_1	mdh	1
GCA_026702745_1	mdh-K00024	7
GCA_026702745_1	metF	2
GCA_026702745_1	mgsC	2
GCA_026702745_1	mtaA	1
GCA_026702745_1	mtbC	2
GCA_026702745_1	mtkA	1
GCA_026702745_1	mtkB	4
GCA_026702745_1	mxaC	1
GCA_026702745_1	narB	1
GCA_026702745_1	narH	1
GCA_026702745_1	nirK	1
GCA_026702745_1	pfkB	4
GCA_026702745_1	pfp	4
GCA_026702745_1	porA	1
GCA_026702745_1	porB	1
GCA_026702745_1	pps	1
GCA_026702745_1	pqqE	4
GCA_026702745_1	pqqF	1
GCA_026702745_1	pta	1
GCA_026702745_1	rnfE	3
GCA_026702745_1	serA	9
GCA_026702745_1	serB	1
GCA_026702745_1	xoxF5	2
GCA_026705445_1	acdA	3
GCA_026705445_1	ackA	1
GCA_026705445_1	acs	5
GCA_026705445_1	apgM	2
GCA_026705445_1	dcmA	1
GCA_026705445_1	eno	2
GCA_026705445_1	fbaA	1
GCA_026705445_1	fbaB	1
GCA_026705445_1	fbp	1
GCA_026705445_1	fdhA	1
GCA_026705445_1	fdhA-K00148	1
GCA_026705445_1	fdhB	1
GCA_026705445_1	folA	7
GCA_026705445_1	fpoB	1
GCA_026705445_1	fpoC	1
GCA_026705445_1	fpoH	1
GCA_026705445_1	fpoJ	1
GCA_026705445_1	fpoK	1
GCA_026705445_1	fpoL	1
GCA_026705445_1	fpoM	1
GCA_026705445_1	frmA	4
GCA_026705445_1	gck	1
GCA_026705445_1	glpX	1
GCA_026705445_1	glyA	5
GCA_026705445_1	gpmB	1
GCA_026705445_1	hdrD	4
GCA_026705445_1	mch	1
GCA_026705445_1	mcl	1
GCA_026705445_1	mdh-K00024	1
GCA_026705445_1	mer	6
GCA_026705445_1	metF	2
GCA_026705445_1	mgsC	1
GCA_026705445_1	mtkB	2
GCA_026705445_1	mxaF	1
GCA_026705445_1	narB	1
GCA_026705445_1	nirK	1
GCA_026705445_1	pfp	3
GCA_026705445_1	pqqE	1
GCA_026705445_1	pqqF	1
GCA_026705445_1	rnfE	1
GCA_026705445_1	serA	4
GCA_026705445_1	serB	1
GCA_026712925_1	ackA	1
GCA_026712925_1	acs	2
GCA_026712925_1	apgM	1
GCA_026712925_1	eno	2
GCA_026712925_1	fbp	2
GCA_026712925_1	folA	3
GCA_026712925_1	fpoB	1
GCA_026712925_1	fpoC	3
GCA_026712925_1	fpoI	1
GCA_026712925_1	fpoJ	1
GCA_026712925_1	fpoL	2
GCA_026712925_1	fpoN	2
GCA_026712925_1	frmA	4
GCA_026712925_1	gck	1
GCA_026712925_1	glpX	1
GCA_026712925_1	glyA	2
GCA_026712925_1	gpmB	1
GCA_026712925_1	mauC	6
GCA_026712925_1	mcl	1
GCA_026712925_1	mdh	1
GCA_026712925_1	mdh-K00024	2
GCA_026712925_1	mer	1
GCA_026712925_1	mtkA	1
GCA_026712925_1	mtkB	1
GCA_026712925_1	mtrA	1
GCA_026712925_1	mxaD	1
GCA_026712925_1	nirK	2
GCA_026712925_1	pmoC	1
GCA_026712925_1	porA	1
GCA_026712925_1	porB	1
GCA_026712925_1	pps	2
GCA_026712925_1	pqqC	1
GCA_026712925_1	pqqE	1
GCA_026712925_1	rnfB	1
GCA_026712925_1	serA	3
GCA_026712925_1	serB	1
GCA_026985515_1	acdA	18
GCA_026985515_1	acdB	1
GCA_026985515_1	ackA	2
GCA_026985515_1	acs	4
GCA_026985515_1	acsD	1
GCA_026985515_1	apgM	2
GCA_026985515_1	cooF	4
GCA_026985515_1	ehbD	1
GCA_026985515_1	ehbE	2
GCA_026985515_1	ehbI	1
GCA_026985515_1	eno	2
GCA_026985515_1	fbaA	1
GCA_026985515_1	fbaB	1
GCA_026985515_1	fbp	1
GCA_026985515_1	fdhA	2
GCA_026985515_1	fdhF	2
GCA_026985515_1	fdoH	2
GCA_026985515_1	fdwB	2
GCA_026985515_1	folA	4
GCA_026985515_1	fpoA	1
GCA_026985515_1	fpoB	2
GCA_026985515_1	fpoC	1
GCA_026985515_1	fpoD	2
GCA_026985515_1	fpoH	2
GCA_026985515_1	fpoJ	1
GCA_026985515_1	fpoK	1
GCA_026985515_1	fpoL	2
GCA_026985515_1	fpoM	3
GCA_026985515_1	fpoN	1
GCA_026985515_1	frmA	4
GCA_026985515_1	glpX	2
GCA_026985515_1	glyA	4
GCA_026985515_1	gpmB	1
GCA_026985515_1	hdrA1	1
GCA_026985515_1	hdrD	6
GCA_026985515_1	hprA	1
GCA_026985515_1	hxlB	1
GCA_026985515_1	mcl	2
GCA_026985515_1	mdh	1
GCA_026985515_1	mdh-K00024	4
GCA_026985515_1	mgsC	1
GCA_026985515_1	mtkA	1
GCA_026985515_1	mtkB	2
GCA_026985515_1	mxaL	1
GCA_026985515_1	narB	2
GCA_026985515_1	pfkA	1
GCA_026985515_1	pfkB	1
GCA_026985515_1	pfp	4
GCA_026985515_1	porA	2
GCA_026985515_1	porB	1
GCA_026985515_1	porG	1
GCA_026985515_1	ppc	1
GCA_026985515_1	pps	2
GCA_026985515_1	pqqD	1
GCA_026985515_1	pqqE	3
GCA_026985515_1	pqqF	1
GCA_026985515_1	pta	3
GCA_026985515_1	rnfB	3
GCA_026985515_1	rnfC	1
GCA_026985515_1	rnfG	1
GCA_026985515_1	serA	4
GCA_026985515_1	serB	3
GCA_026987085_1	acs	1
GCA_026987085_1	apgM	1
GCA_026987085_1	cooS	2
GCA_026987085_1	eno	2
GCA_026987085_1	fae-hps	1
GCA_026987085_1	fbaA	1
GCA_026987085_1	fbp	1
GCA_026987085_1	fdhA	1
GCA_026987085_1	fdoH	1
GCA_026987085_1	folA	4
GCA_026987085_1	fpoB	2
GCA_026987085_1	fpoC	1
GCA_026987085_1	fpoK	1
GCA_026987085_1	fpoL	2
GCA_026987085_1	fpoM	1
GCA_026987085_1	fpoN	1
GCA_026987085_1	fqoD	1
GCA_026987085_1	frhA	1
GCA_026987085_1	frhD	1
GCA_026987085_1	frmA	3
GCA_026987085_1	glyA	5
GCA_026987085_1	gpmB	2
GCA_026987085_1	hdrB2	1
GCA_026987085_1	hdrD	2
GCA_026987085_1	hxlB	1
GCA_026987085_1	mdh-K00024	3
GCA_026987085_1	metF	3
GCA_026987085_1	mtkA	3
GCA_026987085_1	mtkB	1
GCA_026987085_1	narB	2
GCA_026987085_1	pfp	2
GCA_026987085_1	porA	2
GCA_026987085_1	porB	2
GCA_026987085_1	porD	1
GCA_026987085_1	porG	1
GCA_026987085_1	pps	3
GCA_026987085_1	pqqF	1
GCA_026987085_1	pta	2
GCA_026987085_1	rnfE	1
GCA_026987085_1	serA	2
GCA_026987085_1	serB	3
GCA_026991065_1	acdA	9
GCA_026991065_1	acdB	2
GCA_026991065_1	ackA	3
GCA_026991065_1	acs	5
GCA_026991065_1	cooF	1
GCA_026991065_1	cytC	1
GCA_026991065_1	dcmA	1
GCA_026991065_1	ehbD	1
GCA_026991065_1	eno	4
GCA_026991065_1	fbaA	3
GCA_026991065_1	fbp	1
GCA_026991065_1	fchA	1
GCA_026991065_1	fdhA	3
GCA_026991065_1	fdhB	4
GCA_026991065_1	fdm	1
GCA_026991065_1	fdoH	4
GCA_026991065_1	fdoI	2
GCA_026991065_1	folA	3
GCA_026991065_1	fpoB	1
GCA_026991065_1	fpoC	1
GCA_026991065_1	fpoD	1
GCA_026991065_1	fpoH	2
GCA_026991065_1	fpoJ	2
GCA_026991065_1	fpoK	2
GCA_026991065_1	fpoL	3
GCA_026991065_1	fpoM	2
GCA_026991065_1	fpoN	4
GCA_026991065_1	frmA	1
GCA_026991065_1	glpX	1
GCA_026991065_1	glyA	4
GCA_026991065_1	gpmI	6
GCA_026991065_1	hdrA2	4
GCA_026991065_1	hdrC2	1
GCA_026991065_1	hdrD	3
GCA_026991065_1	hxlA	1
GCA_026991065_1	mauC	1
GCA_026991065_1	mcl	1
GCA_026991065_1	mdh	1
GCA_026991065_1	mdh-K00024	1
GCA_026991065_1	mer	1
GCA_026991065_1	mgsA	1
GCA_026991065_1	mmoC	2
GCA_026991065_1	mtkA	1
GCA_026991065_1	mtkB	1
GCA_026991065_1	mxaF	1
GCA_026991065_1	napH	3
GCA_026991065_1	narB	1
GCA_026991065_1	nirK	1
GCA_026991065_1	pfkA	2
GCA_026991065_1	pfkB	3
GCA_026991065_1	pfp	5
GCA_026991065_1	porA	3
GCA_026991065_1	porB	2
GCA_026991065_1	porD	2
GCA_026991065_1	porG	3
GCA_026991065_1	pps	4
GCA_026991065_1	pqqE	3
GCA_026991065_1	pqqF	2
GCA_026991065_1	pta	3
GCA_026991065_1	rnfB	3
GCA_026991065_1	rnfC	3
GCA_026991065_1	rnfD	1
GCA_026991065_1	rnfE	2
GCA_026991065_1	rnfG	1
GCA_026991065_1	serA	5
GCA_026991065_1	serB	3
GCA_026991065_1	serC	1
GCA_026991065_1	vhcA	1
GCA_026991065_1	vhcD	1
GCA_026991065_1	vhcG	1
GCA_027004335_1	acdA	15
GCA_027004335_1	acdB	1
GCA_027004335_1	ackA	1
GCA_027004335_1	acs	2
GCA_027004335_1	acsC	1
GCA_027004335_1	acsD	1
GCA_027004335_1	apgM	1
GCA_027004335_1	cdhC	1
GCA_027004335_1	cooF	1
GCA_027004335_1	eno	1
GCA_027004335_1	fbaA	1
GCA_027004335_1	fbp	1
GCA_027004335_1	fdhA	1
GCA_027004335_1	fdhB	1
GCA_027004335_1	fdoI	1
GCA_027004335_1	folA	3
GCA_027004335_1	fpoN	1
GCA_027004335_1	frmA	4
GCA_027004335_1	gfa	1
GCA_027004335_1	glyA	4
GCA_027004335_1	gpmB	1
GCA_027004335_1	gpmI	1
GCA_027004335_1	hdrA1	1
GCA_027004335_1	hdrD	5
GCA_027004335_1	hprA	1
GCA_027004335_1	mcl	1
GCA_027004335_1	mdh	2
GCA_027004335_1	mdh-K00024	3
GCA_027004335_1	mtbC	1
GCA_027004335_1	mtkA	1
GCA_027004335_1	mtkB	1
GCA_027004335_1	mxaC	1
GCA_027004335_1	mxaL	1
GCA_027004335_1	narB	2
GCA_027004335_1	pfkA	1
GCA_027004335_1	pfkB	1
GCA_027004335_1	pfp	3
GCA_027004335_1	porA	2
GCA_027004335_1	porB	2
GCA_027004335_1	porD	1
GCA_027004335_1	porG	2
GCA_027004335_1	pps	2
GCA_027004335_1	pqqD	1
GCA_027004335_1	pqqE	3
GCA_027004335_1	pqqF	1
GCA_027004335_1	pta	4
GCA_027004335_1	rnfB	1
GCA_027004335_1	rnfC	1
GCA_027004335_1	rnfG	1
GCA_027004335_1	serA	1
GCA_027004335_1	serB	2
GCA_027062325_1	acdA	1
GCA_027062325_1	ackA	3
GCA_027062325_1	acsD	1
GCA_027062325_1	cooF	1
GCA_027062325_1	cooS	1
GCA_027062325_1	eno	2
GCA_027062325_1	folA	1
GCA_027062325_1	frmA	2
GCA_027062325_1	gfa	1
GCA_027062325_1	glyA	4
GCA_027062325_1	gpmI	1
GCA_027062325_1	mcl	1
GCA_027062325_1	mdh-K00024	1
GCA_027062325_1	mtkA	1
GCA_027062325_1	mtkB	1
GCA_027062325_1	narB	1
GCA_027062325_1	pfkA	1
GCA_027062325_1	pfkB	1
GCA_027062325_1	pfp	2
GCA_027062325_1	porA	3
GCA_027062325_1	porB	3
GCA_027062325_1	porD	2
GCA_027062325_1	porG	3
GCA_027062325_1	pps	1
GCA_027062325_1	pqqF	1
GCA_027062325_1	pta	3
GCA_027062325_1	rnfA	1
GCA_027062325_1	rnfB	2
GCA_027062325_1	rnfC	3
GCA_027062325_1	rnfD	1
GCA_027062325_1	rnfE	1
GCA_027062325_1	rnfG	1
GCA_027062325_1	serA	1
GCA_027062325_1	serB	2
GCA_027063545_1	ackA	1
GCA_027063545_1	apgM	1
GCA_027063545_1	cooS	1
GCA_027063545_1	echB	1
GCA_027063545_1	ehbA	1
GCA_027063545_1	ehbC	1
GCA_027063545_1	ehbI	1
GCA_027063545_1	eno	1
GCA_027063545_1	fbaA	1
GCA_027063545_1	fdhA	1
GCA_027063545_1	folA	4
GCA_027063545_1	fpoB	1
GCA_027063545_1	fpoD	1
GCA_027063545_1	fpoN	1
GCA_027063545_1	frmA	4
GCA_027063545_1	glpX	1
GCA_027063545_1	glyA	3
GCA_027063545_1	hdrA2	1
GCA_027063545_1	hxlB	2
GCA_027063545_1	metF	3
GCA_027063545_1	mxaC	1
GCA_027063545_1	pfkA	2
GCA_027063545_1	pfp	1
GCA_027063545_1	porD	2
GCA_027063545_1	pps	1
GCA_027063545_1	pqqE	2
GCA_027063545_1	pta	3
GCA_027063545_1	rnfA	1
GCA_027063545_1	rnfB	5
GCA_027063545_1	rnfC	1
GCA_027063545_1	rnfD	1
GCA_027063545_1	rnfE	1
GCA_027063545_1	rnfG	1
GCA_027063545_1	serA	5
GCA_027063545_1	serB	1
GCA_027063545_1	thrH	1
GCA_027491485_1	acdA	1
GCA_027491485_1	acs	1
GCA_027491485_1	apgM	1
GCA_027491485_1	eno	1
GCA_027491485_1	fbaA	1
GCA_027491485_1	fbp	1
GCA_027491485_1	folA	2
GCA_027491485_1	fpoC	2
GCA_027491485_1	gck	1
GCA_027491485_1	glyA	2
GCA_027491485_1	hdrA1	1
GCA_027491485_1	hdrA2	1
GCA_027491485_1	hdrC2	1
GCA_027491485_1	hxlB	1
GCA_027491485_1	mtbC	1
GCA_027491485_1	mtkA	1
GCA_027491485_1	mtkB	1
GCA_027491485_1	mvhA	1
GCA_027491485_1	mvhG	1
GCA_027491485_1	pfp	1
GCA_027491485_1	porA	3
GCA_027491485_1	porB	3
GCA_027491485_1	porD	2
GCA_027491485_1	porG	3
GCA_027491485_1	pqqE	2
GCA_027491485_1	serA	1
GCA_027491485_1	vhcD	1
GCA_027491785_1	acdA	2
GCA_027491785_1	acs	1
GCA_027491785_1	apgM	1
GCA_027491785_1	cooF	1
GCA_027491785_1	cooS	1
GCA_027491785_1	eno	3
GCA_027491785_1	fae	1
GCA_027491785_1	fae-hps	1
GCA_027491785_1	fbaA	1
GCA_027491785_1	fbp	1
GCA_027491785_1	fdhA	4
GCA_027491785_1	fdm	1
GCA_027491785_1	fdoG	1
GCA_027491785_1	fdoH	1
GCA_027491785_1	fdoI	2
GCA_027491785_1	fmdC	1
GCA_027491785_1	folA	3
GCA_027491785_1	fpoB	1
GCA_027491785_1	fpoC	2
GCA_027491785_1	fpoI	1
GCA_027491785_1	fpoK	1
GCA_027491785_1	fpoL	1
GCA_027491785_1	fpoN	1
GCA_027491785_1	fqoH	1
GCA_027491785_1	frhA	1
GCA_027491785_1	frhD	1
GCA_027491785_1	frmA	1
GCA_027491785_1	ftr	1
GCA_027491785_1	fwdB	1
GCA_027491785_1	gck	1
GCA_027491785_1	glyA	2
GCA_027491785_1	hdrD	4
GCA_027491785_1	hxlB	1
GCA_027491785_1	mch	1
GCA_027491785_1	mcl	1
GCA_027491785_1	mdh-K00024	2
GCA_027491785_1	metF	1
GCA_027491785_1	mtbC	1
GCA_027491785_1	mtdB	1
GCA_027491785_1	mtkA	2
GCA_027491785_1	mtkB	5
GCA_027491785_1	mtrH	1
GCA_027491785_1	narB	3
GCA_027491785_1	pfkB	2
GCA_027491785_1	pfp	1
GCA_027491785_1	porA	3
GCA_027491785_1	porB	3
GCA_027491785_1	porD	2
GCA_027491785_1	porG	2
GCA_027491785_1	pps	3
GCA_027491785_1	pqqE	6
GCA_027491785_1	pta	2
GCA_027491785_1	rnfB	1
GCA_027491785_1	serA	3
GCA_027491785_1	serB	2
GCA_027491785_1	torA	1
GCA_027491785_1	torD	2
GCA_027491785_1	vhtG	1
GCA_027717595_1	acdA	1
GCA_027717595_1	acs	4
GCA_027717595_1	apgM	3
GCA_027717595_1	eno	3
GCA_027717595_1	fbaA	1
GCA_027717595_1	fbaB	1
GCA_027717595_1	fbp	1
GCA_027717595_1	fdhA	1
GCA_027717595_1	fdhB	2
GCA_027717595_1	fdhF	1
GCA_027717595_1	fdwB	1
GCA_027717595_1	folA	6
GCA_027717595_1	fpoA	1
GCA_027717595_1	fpoD	1
GCA_027717595_1	fpoH	2
GCA_027717595_1	fpoL	3
GCA_027717595_1	fpoM	2
GCA_027717595_1	fpoN	2
GCA_027717595_1	frmA	3
GCA_027717595_1	gck	1
GCA_027717595_1	glpX	2
GCA_027717595_1	glyA	5
GCA_027717595_1	gpmI	3
GCA_027717595_1	hdrD	2
GCA_027717595_1	hxlA	1
GCA_027717595_1	hxlB	1
GCA_027717595_1	mcl	3
GCA_027717595_1	mdh-K00024	2
GCA_027717595_1	metF	2
GCA_027717595_1	mgsA	1
GCA_027717595_1	mgsC	1
GCA_027717595_1	mtkA	1
GCA_027717595_1	mtkB	2
GCA_027717595_1	narB	4
GCA_027717595_1	nirK	2
GCA_027717595_1	pfp	3
GCA_027717595_1	pps	2
GCA_027717595_1	pqqA	1
GCA_027717595_1	pqqD	1
GCA_027717595_1	pqqE	6
GCA_027717595_1	pqqF	3
GCA_027717595_1	pta	5
GCA_027717595_1	rnfB	1
GCA_027717595_1	rnfE	1
GCA_027717595_1	rnfG	1
GCA_027717595_1	serA	5
GCA_027717595_1	serB	1
GCA_027717595_1	serC	1
GCA_027717595_1	torD	1
GCA_028685295_1	acdA	2
GCA_028685295_1	ackA	2
GCA_028685295_1	apgM	1
GCA_028685295_1	echA	1
GCA_028685295_1	echB	2
GCA_028685295_1	echE	1
GCA_028685295_1	eno	3
GCA_028685295_1	fbaA	3
GCA_028685295_1	fdhA-K00148	2
GCA_028685295_1	fdm	1
GCA_028685295_1	fghA	1
GCA_028685295_1	fpoB	1
GCA_028685295_1	fpoM	1
GCA_028685295_1	frmA	2
GCA_028685295_1	glyA	5
GCA_028685295_1	gpmI	1
GCA_028685295_1	hprA	1
GCA_028685295_1	hxlB	1
GCA_028685295_1	mbhJ	2
GCA_028685295_1	mmoC	1
GCA_028685295_1	mtbC	2
GCA_028685295_1	narB	1
GCA_028685295_1	pfkA	2
GCA_028685295_1	pfkB	5
GCA_028685295_1	pfp	4
GCA_028685295_1	porA	3
GCA_028685295_1	porB	2
GCA_028685295_1	porD	2
GCA_028685295_1	porG	3
GCA_028685295_1	pps	2
GCA_028685295_1	pqqE	3
GCA_028685295_1	pqqF	1
GCA_028685295_1	pta	3
GCA_028685295_1	rnfA	1
GCA_028685295_1	rnfB	6
GCA_028685295_1	rnfC	1
GCA_028685295_1	rnfD	1
GCA_028685295_1	rnfE	2
GCA_028685295_1	rnfG	1
GCA_028685295_1	serA	4
GCA_028685295_1	serB	2
GCA_028685295_1	serC	1
GCA_028688175_1	ackA	1
GCA_028688175_1	acs	8
GCA_028688175_1	apgM	1
GCA_028688175_1	cdhA	1
GCA_028688175_1	cdhB	1
GCA_028688175_1	cdhC	2
GCA_028688175_1	cdhD	1
GCA_028688175_1	cdhE	3
GCA_028688175_1	cooF	1
GCA_028688175_1	cooS	2
GCA_028688175_1	ehaQ	1
GCA_028688175_1	ehbQ	1
GCA_028688175_1	eno	2
GCA_028688175_1	fae-hps	1
GCA_028688175_1	fbp	1
GCA_028688175_1	fdhA	8
GCA_028688175_1	fdhA-K00148	1
GCA_028688175_1	fdwE	2
GCA_028688175_1	fmdB	1
GCA_028688175_1	folA	2
GCA_028688175_1	fpoB	1
GCA_028688175_1	fpoC	3
GCA_028688175_1	fpoL	1
GCA_028688175_1	fpoM	1
GCA_028688175_1	fpoN	1
GCA_028688175_1	fpoO	1
GCA_028688175_1	frhB	1
GCA_028688175_1	frmA	2
GCA_028688175_1	fwdB	1
GCA_028688175_1	fwdC	1
GCA_028688175_1	fwdG	4
GCA_028688175_1	glyA	2
GCA_028688175_1	gpmI	2
GCA_028688175_1	hdrA1	1
GCA_028688175_1	hdrA2	1
GCA_028688175_1	hdrB1	1
GCA_028688175_1	hdrC2	1
GCA_028688175_1	hdrD	3
GCA_028688175_1	hdrE	1
GCA_028688175_1	hxlB	1
GCA_028688175_1	mauC	1
GCA_028688175_1	mch	1
GCA_028688175_1	mcrC	2
GCA_028688175_1	mdh-K00024	1
GCA_028688175_1	mer	1
GCA_028688175_1	mmoC	1
GCA_028688175_1	mtbC	2
GCA_028688175_1	mtd	1
GCA_028688175_1	mtkA	2
GCA_028688175_1	mtkB	1
GCA_028688175_1	mtrA	4
GCA_028688175_1	mtrB	1
GCA_028688175_1	mtrC	1
GCA_028688175_1	mtrD	1
GCA_028688175_1	mtrE	1
GCA_028688175_1	mtrF	1
GCA_028688175_1	mtrG	1
GCA_028688175_1	mtrH	4
GCA_028688175_1	mxaF	1
GCA_028688175_1	narB	1
GCA_028688175_1	narH	1
GCA_028688175_1	pfkC	1
GCA_028688175_1	pfp	1
GCA_028688175_1	porA	1
GCA_028688175_1	porG	2
GCA_028688175_1	pps	1
GCA_028688175_1	pqqE	9
GCA_028688175_1	pta	1
GCA_028688175_1	rnfB	3
GCA_028688175_1	serA	3
GCA_028688175_1	serB	2
GCA_028688175_1	vhuD	1
GCA_028688525_1	acdA	3
GCA_028688525_1	ackA	1
GCA_028688525_1	acs	2
GCA_028688525_1	echB	1
GCA_028688525_1	eno	6
GCA_028688525_1	fae	1
GCA_028688525_1	fbaA	4
GCA_028688525_1	fchA	1
GCA_028688525_1	fdhA	1
GCA_028688525_1	fdhF	1
GCA_028688525_1	fdsD	1
GCA_028688525_1	fdwB	3
GCA_028688525_1	folA	6
GCA_028688525_1	fpoA	1
GCA_028688525_1	fpoB	4
GCA_028688525_1	fpoH	2
GCA_028688525_1	fpoJ	1
GCA_028688525_1	fpoL	3
GCA_028688525_1	fpoM	3
GCA_028688525_1	fpoN	1
GCA_028688525_1	frhD	1
GCA_028688525_1	frhG	1
GCA_028688525_1	frmA	2
GCA_028688525_1	ftr	1
GCA_028688525_1	fwdB	1
GCA_028688525_1	glpX	1
GCA_028688525_1	glyA	10
GCA_028688525_1	gpmB	2
GCA_028688525_1	gpmI	1
GCA_028688525_1	hdrD	1
GCA_028688525_1	hprA	1
GCA_028688525_1	hxlA	1
GCA_028688525_1	hxlB	1
GCA_028688525_1	mauC	1
GCA_028688525_1	mbhJ	1
GCA_028688525_1	mch	2
GCA_028688525_1	mcl	1
GCA_028688525_1	mdh-K00024	2
GCA_028688525_1	mer	1
GCA_028688525_1	metF	3
GCA_028688525_1	mgsC	1
GCA_028688525_1	mmoB	1
GCA_028688525_1	mmoC	2
GCA_028688525_1	mmoD	1
GCA_028688525_1	mmoX	1
GCA_028688525_1	mmoY	1
GCA_028688525_1	mmoZ	1
GCA_028688525_1	mtaA	1
GCA_028688525_1	mtdA	1
GCA_028688525_1	mtdB	2
GCA_028688525_1	mtkA	2
GCA_028688525_1	mtkB	4
GCA_028688525_1	mvhA	1
GCA_028688525_1	mxaA	1
GCA_028688525_1	mxaC	2
GCA_028688525_1	mxaD	2
GCA_028688525_1	mxaF	1
GCA_028688525_1	mxaG	1
GCA_028688525_1	mxaI	1
GCA_028688525_1	mxaJ	1
GCA_028688525_1	mxaK	2
GCA_028688525_1	mxaL	2
GCA_028688525_1	nirK	4
GCA_028688525_1	nirS	2
GCA_028688525_1	pfp	5
GCA_028688525_1	pmoA	1
GCA_028688525_1	pmoB	1
GCA_028688525_1	pmoC	5
GCA_028688525_1	porD	1
GCA_028688525_1	pps	2
GCA_028688525_1	pqqB	1
GCA_028688525_1	pqqC	1
GCA_028688525_1	pqqD	1
GCA_028688525_1	pqqE	2
GCA_028688525_1	pqqF	1
GCA_028688525_1	pta	3
GCA_028688525_1	rnfA	1
GCA_028688525_1	rnfB	1
GCA_028688525_1	rnfC	1
GCA_028688525_1	rnfD	2
GCA_028688525_1	rnfE	3
GCA_028688525_1	rnfG	2
GCA_028688525_1	serA	3
GCA_028688525_1	serB	5
GCA_028688525_1	serC	1
GCA_028688525_1	xoxF5	1
GCA_028700425_1	acdA	1
GCA_028700425_1	ackA	2
GCA_028700425_1	cooF	1
GCA_028700425_1	eno	1
GCA_028700425_1	fbaA	4
GCA_028700425_1	fbp	1
GCA_028700425_1	fdhA-K00148	1
GCA_028700425_1	fdhB	1
GCA_028700425_1	fghA	1
GCA_028700425_1	folA	2
GCA_028700425_1	fpoB	1
GCA_028700425_1	frmA	2
GCA_028700425_1	glyA	6
GCA_028700425_1	gpmB	1
GCA_028700425_1	gpmI	3
GCA_028700425_1	hmd	1
GCA_028700425_1	hprA	1
GCA_028700425_1	hxlA	1
GCA_028700425_1	mdh	4
GCA_028700425_1	mtbC	3
GCA_028700425_1	narB	3
GCA_028700425_1	pfkA	1
GCA_028700425_1	pfkB	1
GCA_028700425_1	pfp	4
GCA_028700425_1	pps	1
GCA_028700425_1	pta	6
GCA_028700425_1	rnfA	1
GCA_028700425_1	rnfB	8
GCA_028700425_1	rnfC	2
GCA_028700425_1	rnfD	1
GCA_028700425_1	rnfE	1
GCA_028700425_1	rnfG	1
GCA_028700425_1	serA	2
GCA_028700425_1	serB	1
GCA_028700425_1	serC	1
GCA_028700425_1	thrH	1
GCA_028709985_1	ackA	1
GCA_028709985_1	acs	2
GCA_028709985_1	echE	1
GCA_028709985_1	ehbA	1
GCA_028709985_1	ehbE	1
GCA_028709985_1	ehbI	1
GCA_028709985_1	eno	3
GCA_028709985_1	fbaA	2
GCA_028709985_1	fbaB	1
GCA_028709985_1	fchA	1
GCA_028709985_1	fdhA	2
GCA_028709985_1	folA	1
GCA_028709985_1	fpoB	2
GCA_028709985_1	fpoM	1
GCA_028709985_1	frmA	3
GCA_028709985_1	gck	1
GCA_028709985_1	glyA	5
GCA_028709985_1	gpmB	3
GCA_028709985_1	hdrD	1
GCA_028709985_1	hxlB	1
GCA_028709985_1	mbhJ	1
GCA_028709985_1	mcl	3
GCA_028709985_1	mdh	6
GCA_028709985_1	mdh-K00024	1
GCA_028709985_1	mtaA	3
GCA_028709985_1	mtbC	2
GCA_028709985_1	mtkB	1
GCA_028709985_1	narB	1
GCA_028709985_1	pfkB	2
GCA_028709985_1	pfp	2
GCA_028709985_1	porA	1
GCA_028709985_1	porB	1
GCA_028709985_1	porD	1
GCA_028709985_1	porG	1
GCA_028709985_1	pps	3
GCA_028709985_1	pqqE	1
GCA_028709985_1	pta	4
GCA_028709985_1	rnfB	3
GCA_028709985_1	serA	3
GCA_028710285_1	acdA	1
GCA_028710285_1	ackA	2
GCA_028710285_1	acs	3
GCA_028710285_1	amoB	2
GCA_028710285_1	echB	1
GCA_028710285_1	eno	2
GCA_028710285_1	fbaA	2
GCA_028710285_1	fbp	1
GCA_028710285_1	fdhA	1
GCA_028710285_1	fdhB	1
GCA_028710285_1	fdhF	1
GCA_028710285_1	fdsD	1
GCA_028710285_1	fdwB	2
GCA_028710285_1	folA	7
GCA_028710285_1	fpoA	1
GCA_028710285_1	fpoB	3
GCA_028710285_1	fpoC	1
GCA_028710285_1	fpoH	1
GCA_028710285_1	fpoJ	1
GCA_028710285_1	fpoL	1
GCA_028710285_1	fpoM	2
GCA_028710285_1	fpoN	1
GCA_028710285_1	frhD	1
GCA_028710285_1	frmA	3
GCA_028710285_1	gck	1
GCA_028710285_1	glpX	1
GCA_028710285_1	glyA	6
GCA_028710285_1	gpmB	1
GCA_028710285_1	hdrA2	1
GCA_028710285_1	hdrC2	1
GCA_028710285_1	hxlB	1
GCA_028710285_1	mbhJ	1
GCA_028710285_1	mdh-K00024	2
GCA_028710285_1	metF	2
GCA_028710285_1	mgsC	1
GCA_028710285_1	mtkA	1
GCA_028710285_1	mtkB	2
GCA_028710285_1	mvhA	1
GCA_028710285_1	mxaG	1
GCA_028710285_1	mxaL	1
GCA_028710285_1	narB	2
GCA_028710285_1	nirK	3
GCA_028710285_1	pfkA	1
GCA_028710285_1	pfp	2
GCA_028710285_1	pmoA	2
GCA_028710285_1	pmoB	2
GCA_028710285_1	pmoC	2
GCA_028710285_1	porD	1
GCA_028710285_1	ppc	2
GCA_028710285_1	pps	1
GCA_028710285_1	pqqB	1
GCA_028710285_1	pqqC	1
GCA_028710285_1	pqqE	2
GCA_028710285_1	pqqF	1
GCA_028710285_1	pta	2
GCA_028710285_1	rnfE	2
GCA_028710285_1	serA	4
GCA_028710285_1	serC	1
GCA_028710285_1	vhcG	1
GCA_028710285_1	vhtG	1
GCA_028710285_1	xoxF1	1
GCA_028710285_1	xoxF2	1
GCA_028715055_1	ackA	1
GCA_028715055_1	acs	1
GCA_028715055_1	acsD	1
GCA_028715055_1	cooF	1
GCA_028715055_1	eno	2
GCA_028715055_1	fbaA	3
GCA_028715055_1	fbp	1
GCA_028715055_1	fdhA	4
GCA_028715055_1	fdhB	1
GCA_028715055_1	folA	4
GCA_028715055_1	fpoA	1
GCA_028715055_1	fpoB	4
GCA_028715055_1	fpoC	1
GCA_028715055_1	fpoH	1
GCA_028715055_1	fpoJ	1
GCA_028715055_1	fpoK	1
GCA_028715055_1	fpoL	1
GCA_028715055_1	fpoM	1
GCA_028715055_1	fpoN	1
GCA_028715055_1	frhA	1
GCA_028715055_1	frhD	1
GCA_028715055_1	frmA	2
GCA_028715055_1	glpX	1
GCA_028715055_1	glyA	3
GCA_028715055_1	gpmB	1
GCA_028715055_1	gpmI	1
GCA_028715055_1	hdrB2	1
GCA_028715055_1	hdrD	1
GCA_028715055_1	hxlB	1
GCA_028715055_1	mdh-K00024	2
GCA_028715055_1	metF	2
GCA_028715055_1	mgsC	1
GCA_028715055_1	mtaA	1
GCA_028715055_1	mtkA	3
GCA_028715055_1	mtkB	1
GCA_028715055_1	mvhA	1
GCA_028715055_1	narH	1
GCA_028715055_1	pfp	2
GCA_028715055_1	porA	2
GCA_028715055_1	porB	1
GCA_028715055_1	porD	1
GCA_028715055_1	porG	2
GCA_028715055_1	pps	1
GCA_028715055_1	pqqF	1
GCA_028715055_1	pta	2
GCA_028715055_1	rnfB	3
GCA_028715055_1	rnfE	1
GCA_028715055_1	serA	3
GCA_028715055_1	serB	2
GCA_028715055_1	torZ	1
GCA_028715055_1	vhtG	2
GCA_028715665_1	acdA	1
GCA_028715665_1	acs	2
GCA_028715665_1	acsD	2
GCA_028715665_1	eno	2
GCA_028715665_1	fbaA	2
GCA_028715665_1	fchA	1
GCA_028715665_1	fdhA-K00148	3
GCA_028715665_1	folA	1
GCA_028715665_1	frhD	1
GCA_028715665_1	frmA	2
GCA_028715665_1	glyA	3
GCA_028715665_1	hprA	2
GCA_028715665_1	hxlB	1
GCA_028715665_1	mdh	1
GCA_028715665_1	mgsC	1
GCA_028715665_1	mtaA	1
GCA_028715665_1	mtbC	1
GCA_028715665_1	mtkB	1
GCA_028715665_1	pfkA	1
GCA_028715665_1	pfkB	2
GCA_028715665_1	pfp	3
GCA_028715665_1	porA	2
GCA_028715665_1	porB	1
GCA_028715665_1	porD	2
GCA_028715665_1	porG	2
GCA_028715665_1	pps	2
GCA_028715665_1	pta	1
GCA_028715665_1	rnfA	1
GCA_028715665_1	rnfB	4
GCA_028715665_1	rnfC	3
GCA_028715665_1	rnfD	1
GCA_028715665_1	rnfE	1
GCA_028715665_1	serA	2
GCA_028715665_1	serB	4
GCA_028715665_1	vhcA	1
GCA_028715665_1	vhcG	1
GCA_028867785_1	acdA	2
GCA_028867785_1	ackA	1
GCA_028867785_1	acs	3
GCA_028867785_1	apgM	1
GCA_028867785_1	echB	1
GCA_028867785_1	eno	1
GCA_028867785_1	fbp	1
GCA_028867785_1	folA	3
GCA_028867785_1	fpoB	2
GCA_028867785_1	fpoC	4
GCA_028867785_1	fpoI	1
GCA_028867785_1	fpoJ	1
GCA_028867785_1	fpoM	1
GCA_028867785_1	fpoN	1
GCA_028867785_1	fqoD	1
GCA_028867785_1	frmA	3
GCA_028867785_1	gck	1
GCA_028867785_1	glyA	2
GCA_028867785_1	gpmB	3
GCA_028867785_1	hprA	1
GCA_028867785_1	hxlB	2
GCA_028867785_1	mauC	16
GCA_028867785_1	mbhJ	1
GCA_028867785_1	mcl	1
GCA_028867785_1	mdh	1
GCA_028867785_1	mdh-K00024	1
GCA_028867785_1	mer	5
GCA_028867785_1	mtkA	1
GCA_028867785_1	mtkB	1
GCA_028867785_1	mtrA	1
GCA_028867785_1	narB	2
GCA_028867785_1	nirK	1
GCA_028867785_1	porA	1
GCA_028867785_1	pps	1
GCA_028867785_1	pqqC	1
GCA_028867785_1	pqqE	3
GCA_028867785_1	serA	2
GCA_028867785_1	serB	1
GCA_029259175_1	acs	3
GCA_029259175_1	apgM	2
GCA_029259175_1	cooF	1
GCA_029259175_1	echE	2
GCA_029259175_1	ehaQ	1
GCA_029259175_1	ehbA	1
GCA_029259175_1	ehbD	1
GCA_029259175_1	ehbH	2
GCA_029259175_1	eno	2
GCA_029259175_1	fae-hps	1
GCA_029259175_1	fbaA	1
GCA_029259175_1	fdhA-K00148	1
GCA_029259175_1	folA	2
GCA_029259175_1	fpoC	3
GCA_029259175_1	fpoD	1
GCA_029259175_1	fpoH	1
GCA_029259175_1	fpoN	1
GCA_029259175_1	frhB	1
GCA_029259175_1	frmA	1
GCA_029259175_1	glyA	3
GCA_029259175_1	hdrB2	1
GCA_029259175_1	hxlB	1
GCA_029259175_1	mbhJ	2
GCA_029259175_1	mbhK	1
GCA_029259175_1	mdh-K00024	1
GCA_029259175_1	mer	1
GCA_029259175_1	metF	1
GCA_029259175_1	mgsC	1
GCA_029259175_1	mtkB	3
GCA_029259175_1	mxaF	1
GCA_029259175_1	pfkB	2
GCA_029259175_1	pfp	1
GCA_029259175_1	porA	1
GCA_029259175_1	porB	1
GCA_029259175_1	porD	1
GCA_029259175_1	porG	2
GCA_029259175_1	pps	1
GCA_029259175_1	pqqE	1
GCA_029259175_1	rnfB	2
GCA_029259175_1	rnfE	1
GCA_029259175_1	serA	1
GCA_029259175_1	serC	1
GCA_029553345_1	ackA	2
GCA_029553345_1	acsD	1
GCA_029553345_1	cooF	1
GCA_029553345_1	eno	2
GCA_029553345_1	fbaA	2
GCA_029553345_1	fchA	1
GCA_029553345_1	fdhA	1
GCA_029553345_1	fdm	2
GCA_029553345_1	folA	2
GCA_029553345_1	frhG	1
GCA_029553345_1	frmA	3
GCA_029553345_1	glyA	4
GCA_029553345_1	gpmI	1
GCA_029553345_1	hxlB	2
GCA_029553345_1	mdh	2
GCA_029553345_1	mdh-K00024	2
GCA_029553345_1	metF	1
GCA_029553345_1	mgsC	1
GCA_029553345_1	mtbC	2
GCA_029553345_1	mtkB	1
GCA_029553345_1	mttC	2
GCA_029553345_1	mvhA	1
GCA_029553345_1	narB	2
GCA_029553345_1	pfkA	2
GCA_029553345_1	pfp	2
GCA_029553345_1	porA	1
GCA_029553345_1	porB	1
GCA_029553345_1	porD	1
GCA_029553345_1	porG	1
GCA_029553345_1	pps	1
GCA_029553345_1	pqqF	1
GCA_029553345_1	pta	2
GCA_029553345_1	rnfA	1
GCA_029553345_1	rnfB	4
GCA_029553345_1	rnfC	1
GCA_029553345_1	rnfD	1
GCA_029553345_1	rnfE	2
GCA_029553345_1	rnfG	1
GCA_029553345_1	serA	6
GCA_029553345_1	serB	2
GCA_029553345_1	serC	1
GCA_029858095_1	acdA	2
GCA_029858095_1	ackA	3
GCA_029858095_1	acs	6
GCA_029858095_1	acsD	1
GCA_029858095_1	amoC	1
GCA_029858095_1	eno	2
GCA_029858095_1	fbaA	1
GCA_029858095_1	fbaB	1
GCA_029858095_1	fbp	2
GCA_029858095_1	fdhA	3
GCA_029858095_1	fdhA-K00148	1
GCA_029858095_1	fdwB	1
GCA_029858095_1	folA	5
GCA_029858095_1	fpoB	1
GCA_029858095_1	fpoC	1
GCA_029858095_1	fpoJ	1
GCA_029858095_1	fpoM	3
GCA_029858095_1	frmA	3
GCA_029858095_1	gck	1
GCA_029858095_1	glyA	4
GCA_029858095_1	gpmI	4
GCA_029858095_1	hxlB	1
GCA_029858095_1	mdh-K00024	2
GCA_029858095_1	metF	1
GCA_029858095_1	mgsC	2
GCA_029858095_1	mmoC	1
GCA_029858095_1	mtkA	2
GCA_029858095_1	mtkB	1
GCA_029858095_1	narB	2
GCA_029858095_1	nrfH	1
GCA_029858095_1	pfkA	2
GCA_029858095_1	pfp	5
GCA_029858095_1	porA	2
GCA_029858095_1	porB	5
GCA_029858095_1	porD	1
GCA_029858095_1	porG	2
GCA_029858095_1	pps	4
GCA_029858095_1	pqqA	2
GCA_029858095_1	pqqE	2
GCA_029858095_1	pqqF	3
GCA_029858095_1	pta	1
GCA_029858095_1	rnfE	3
GCA_029858095_1	serA	4
GCA_029858095_1	serB	1
GCA_029858095_1	serC	1
GCA_029858095_1	thrH	1
GCA_029858095_1	vhcA	1
GCA_029858095_1	vhuG	1
GCA_029887795_1	acs	2
GCA_029887795_1	acsD	1
GCA_029887795_1	apgM	2
GCA_029887795_1	cooS	1
GCA_029887795_1	echE	1
GCA_029887795_1	ehbA	1
GCA_029887795_1	ehbB	1
GCA_029887795_1	ehbD	1
GCA_029887795_1	ehbE	1
GCA_029887795_1	ehbF	1
GCA_029887795_1	ehbI	1
GCA_029887795_1	ehbK	1
GCA_029887795_1	ehbL	1
GCA_029887795_1	ehbM	1
GCA_029887795_1	ehbN	1
GCA_029887795_1	ehbO	1
GCA_029887795_1	ehbP	1
GCA_029887795_1	eno	1
GCA_029887795_1	fbaA	1
GCA_029887795_1	fbp	1
GCA_029887795_1	fdhA	1
GCA_029887795_1	fdoH	1
GCA_029887795_1	folA	2
GCA_029887795_1	fpoC	2
GCA_029887795_1	fpoH	2
GCA_029887795_1	fpoJ	1
GCA_029887795_1	fpoL	1
GCA_029887795_1	fpoN	1
GCA_029887795_1	frhD	1
GCA_029887795_1	frmA	1
GCA_029887795_1	glyA	1
GCA_029887795_1	hdrD	4
GCA_029887795_1	hprA	1
GCA_029887795_1	hxlB	1
GCA_029887795_1	mbhJ	1
GCA_029887795_1	mbhK	1
GCA_029887795_1	mcrA	1
GCA_029887795_1	mcrB	1
GCA_029887795_1	mcrC	1
GCA_029887795_1	mcrD	1
GCA_029887795_1	mcrG	1
GCA_029887795_1	metF	1
GCA_029887795_1	mgsC	1
GCA_029887795_1	mmoC	2
GCA_029887795_1	mtaA	4
GCA_029887795_1	mtbC	4
GCA_029887795_1	mtkA	1
GCA_029887795_1	mtkB	2
GCA_029887795_1	mtmB	1
GCA_029887795_1	mtrH	1
GCA_029887795_1	mvhG	1
GCA_029887795_1	narB	1
GCA_029887795_1	pfkB	2
GCA_029887795_1	pfp	2
GCA_029887795_1	porA	4
GCA_029887795_1	porB	3
GCA_029887795_1	porD	4
GCA_029887795_1	porG	2
GCA_029887795_1	pps	4
GCA_029887795_1	pqqE	3
GCA_029887795_1	rnfB	4
GCA_029887795_1	rnfC	1
GCA_029887795_1	serA	1
GCA_029887795_1	serB	3
GCA_029887795_1	torA	1
GCA_029887795_1	vhcA	1
GCA_029933275_1	acdA	6
GCA_029933275_1	acs	3
GCA_029933275_1	eno	2
GCA_029933275_1	fbaA	3
GCA_029933275_1	fchA	1
GCA_029933275_1	fdhF	1
GCA_029933275_1	fdwB	3
GCA_029933275_1	folA	5
GCA_029933275_1	fpoA	1
GCA_029933275_1	fpoB	2
GCA_029933275_1	fpoD	1
GCA_029933275_1	fpoH	2
GCA_029933275_1	fpoJ	2
GCA_029933275_1	fpoL	3
GCA_029933275_1	fpoM	3
GCA_029933275_1	fpoN	1
GCA_029933275_1	frmA	1
GCA_029933275_1	gck	1
GCA_029933275_1	glpX	3
GCA_029933275_1	glyA	3
GCA_029933275_1	gpmB	1
GCA_029933275_1	gpmI	2
GCA_029933275_1	hdrD	1
GCA_029933275_1	hxlA	1
GCA_029933275_1	mcl	1
GCA_029933275_1	mdh-K00024	2
GCA_029933275_1	mer	1
GCA_029933275_1	metF	1
GCA_029933275_1	mtkA	1
GCA_029933275_1	mtkB	2
GCA_029933275_1	mvhA	1
GCA_029933275_1	mvhG	1
GCA_029933275_1	napH	1
GCA_029933275_1	pfkA	2
GCA_029933275_1	pfp	3
GCA_029933275_1	porA	2
GCA_029933275_1	porB	1
GCA_029933275_1	porD	1
GCA_029933275_1	porG	2
GCA_029933275_1	pps	1
GCA_029933275_1	pqqA	1
GCA_029933275_1	pqqE	1
GCA_029933275_1	pqqF	1
GCA_029933275_1	pta	4
GCA_029933275_1	rnfB	1
GCA_029933275_1	serA	4
GCA_029933275_1	serB	1
GCA_029933275_1	serC	1
GCA_030041545_1	acdA	1
GCA_030041545_1	acdB	1
GCA_030041545_1	ackA	5
GCA_030041545_1	acs	2
GCA_030041545_1	cooF	4
GCA_030041545_1	eno	2
GCA_030041545_1	fbaA	2
GCA_030041545_1	fbaB	1
GCA_030041545_1	fdhA	2
GCA_030041545_1	fdhA-K00148	1
GCA_030041545_1	fdm	1
GCA_030041545_1	fdwB	1
GCA_030041545_1	folA	4
GCA_030041545_1	fpoA	2
GCA_030041545_1	fpoB	1
GCA_030041545_1	fpoC	2
GCA_030041545_1	fpoD	1
GCA_030041545_1	fpoH	1
GCA_030041545_1	fpoI	1
GCA_030041545_1	fpoJ	2
GCA_030041545_1	fpoK	2
GCA_030041545_1	fpoL	1
GCA_030041545_1	fpoM	2
GCA_030041545_1	fpoN	2
GCA_030041545_1	frmA	3
GCA_030041545_1	glpX	1
GCA_030041545_1	glyA	6
GCA_030041545_1	gpmB	1
GCA_030041545_1	gpmI	1
GCA_030041545_1	hprA	1
GCA_030041545_1	hxlB	2
GCA_030041545_1	mdh	1
GCA_030041545_1	mdh-K00024	2
GCA_030041545_1	metF	1
GCA_030041545_1	mgsC	1
GCA_030041545_1	mtaA	1
GCA_030041545_1	mtbC	1
GCA_030041545_1	mtkA	1
GCA_030041545_1	mtkB	2
GCA_030041545_1	narB	1
GCA_030041545_1	narG	1
GCA_030041545_1	nirK	1
GCA_030041545_1	pfkA	2
GCA_030041545_1	pfkB	2
GCA_030041545_1	pfp	3
GCA_030041545_1	porA	1
GCA_030041545_1	ppc	2
GCA_030041545_1	pps	1
GCA_030041545_1	pqqF	1
GCA_030041545_1	pta	1
GCA_030041545_1	rnfB	1
GCA_030041545_1	rnfE	1
GCA_030041545_1	serA	2
GCA_030041545_1	serB	3
GCA_030041545_1	serC	1
GCA_030041545_1	torZ	1
GCA_030429345_1	acdA	8
GCA_030429345_1	ackA	1
GCA_030429345_1	acs	4
GCA_030429345_1	ehbC	1
GCA_030429345_1	ehbE	1
GCA_030429345_1	eno	2
GCA_030429345_1	fbaA	2
GCA_030429345_1	fbaB	1
GCA_030429345_1	fbp	1
GCA_030429345_1	fchA	1
GCA_030429345_1	fdhA-K00148	1
GCA_030429345_1	fdhB	1
GCA_030429345_1	fdhF	2
GCA_030429345_1	fdoG	1
GCA_030429345_1	fdoH	1
GCA_030429345_1	fdoI	1
GCA_030429345_1	folA	4
GCA_030429345_1	fpoA	1
GCA_030429345_1	fpoB	2
GCA_030429345_1	fpoC	2
GCA_030429345_1	fpoD	1
GCA_030429345_1	fpoH	2
GCA_030429345_1	fpoJ	2
GCA_030429345_1	fpoK	2
GCA_030429345_1	fpoL	2
GCA_030429345_1	fpoM	1
GCA_030429345_1	fpoN	1
GCA_030429345_1	frmA	2
GCA_030429345_1	glpX	1
GCA_030429345_1	glyA	4
GCA_030429345_1	gpmI	1
GCA_030429345_1	hdrD	2
GCA_030429345_1	mauC	1
GCA_030429345_1	mauE	1
GCA_030429345_1	mcl	2
GCA_030429345_1	mdh	1
GCA_030429345_1	mdh-K00024	3
GCA_030429345_1	metF	1
GCA_030429345_1	mmoC	1
GCA_030429345_1	mtbC	1
GCA_030429345_1	mtkA	1
GCA_030429345_1	mxaL	1
GCA_030429345_1	narB	2
GCA_030429345_1	nirK	2
GCA_030429345_1	nrfA	1
GCA_030429345_1	nrfH	1
GCA_030429345_1	pfkA	2
GCA_030429345_1	pfp	1
GCA_030429345_1	porA	2
GCA_030429345_1	porB	2
GCA_030429345_1	porD	1
GCA_030429345_1	ppc	2
GCA_030429345_1	pps	1
GCA_030429345_1	pqqE	2
GCA_030429345_1	pqqF	2
GCA_030429345_1	pta	2
GCA_030429345_1	rnfA	1
GCA_030429345_1	rnfB	2
GCA_030429345_1	rnfC	3
GCA_030429345_1	rnfD	2
GCA_030429345_1	rnfE	1
GCA_030429345_1	rnfG	1
GCA_030429345_1	serA	5
GCA_030429345_1	serB	2
GCA_030429345_1	serC	1
GCA_030491005_1	acdA	1
GCA_030491005_1	ackA	2
GCA_030491005_1	acs	1
GCA_030491005_1	cooF	1
GCA_030491005_1	eno	2
GCA_030491005_1	fbaA	2
GCA_030491005_1	fdhA	2
GCA_030491005_1	fdhF	1
GCA_030491005_1	fdoG	2
GCA_030491005_1	folA	2
GCA_030491005_1	fpoA	2
GCA_030491005_1	fpoB	4
GCA_030491005_1	fpoH	1
GCA_030491005_1	fpoJ	2
GCA_030491005_1	fpoK	2
GCA_030491005_1	fpoM	2
GCA_030491005_1	fpoN	2
GCA_030491005_1	frhD	1
GCA_030491005_1	frmA	3
GCA_030491005_1	glpX	1
GCA_030491005_1	glyA	4
GCA_030491005_1	gpmI	1
GCA_030491005_1	hdrC2	1
GCA_030491005_1	hdrD	2
GCA_030491005_1	hxlB	1
GCA_030491005_1	mcl	1
GCA_030491005_1	mdh-K00024	2
GCA_030491005_1	mgsC	1
GCA_030491005_1	mmoC	3
GCA_030491005_1	mtkB	2
GCA_030491005_1	mvhA	2
GCA_030491005_1	mxaF	3
GCA_030491005_1	napH	2
GCA_030491005_1	narB	1
GCA_030491005_1	nirK	1
GCA_030491005_1	nirS	1
GCA_030491005_1	pfp	2
GCA_030491005_1	porA	1
GCA_030491005_1	pps	1
GCA_030491005_1	pqqB	1
GCA_030491005_1	pqqC	1
GCA_030491005_1	pqqD	1
GCA_030491005_1	pqqE	1
GCA_030491005_1	pta	5
GCA_030491005_1	rnfB	6
GCA_030491005_1	rnfE	1
GCA_030491005_1	serA	3
GCA_030491005_1	serB	2
GCA_030491005_1	vhtG	2
GCA_030491005_1	xoxF5	1
GCA_030590165_1	acdA	1
GCA_030590165_1	apgM	1
GCA_030590165_1	eno	1
GCA_030590165_1	fbp	1
GCA_030590165_1	fpoB	1
GCA_030590165_1	fpoC	1
GCA_030590165_1	fpoH	1
GCA_030590165_1	fpoM	1
GCA_030590165_1	fpoN	1
GCA_030590165_1	frmA	1
GCA_030590165_1	glyA	1
GCA_030590165_1	gpmB	1
GCA_030590165_1	mbhJ	1
GCA_030590165_1	mtkB	1
GCA_030590165_1	narB	1
GCA_030590165_1	pfkA	1
GCA_030590165_1	porA	1
GCA_030590165_1	pps	1
GCA_030590165_1	pqqE	3
GCA_030590165_1	rnfB	1
GCA_030590165_1	rnfE	1
GCA_030595925_1	acdA	2
GCA_030595925_1	ackA	2
GCA_030595925_1	acs	4
GCA_030595925_1	apgM	2
GCA_030595925_1	eno	2
GCA_030595925_1	fae-hps	1
GCA_030595925_1	fbaA	3
GCA_030595925_1	fbaB	1
GCA_030595925_1	fdhA	1
GCA_030595925_1	folA	3
GCA_030595925_1	fpoB	1
GCA_030595925_1	frmA	2
GCA_030595925_1	glpX	1
GCA_030595925_1	glyA	2
GCA_030595925_1	hxlB	1
GCA_030595925_1	metF	2
GCA_030595925_1	mgsC	2
GCA_030595925_1	mtkA	1
GCA_030595925_1	mxaF	1
GCA_030595925_1	pfkA	2
GCA_030595925_1	pfp	5
GCA_030595925_1	porA	2
GCA_030595925_1	porB	2
GCA_030595925_1	porD	1
GCA_030595925_1	porG	1
GCA_030595925_1	pps	2
GCA_030595925_1	pqqE	3
GCA_030595925_1	pta	1
GCA_030595925_1	rnfA	1
GCA_030595925_1	rnfB	5
GCA_030595925_1	rnfC	1
GCA_030595925_1	rnfD	1
GCA_030595925_1	rnfE	2
GCA_030595925_1	rnfG	1
GCA_030595925_1	serA	3
GCA_030595925_1	serB	3
GCA_030602715_1	acdA	7
GCA_030602715_1	ackA	4
GCA_030602715_1	acs	1
GCA_030602715_1	acsC	1
GCA_030602715_1	acsD	1
GCA_030602715_1	apgM	4
GCA_030602715_1	cdhC	1
GCA_030602715_1	ehaQ	1
GCA_030602715_1	eno	2
GCA_030602715_1	fbaA	3
GCA_030602715_1	fchA	1
GCA_030602715_1	fdhA-K00148	3
GCA_030602715_1	folA	3
GCA_030602715_1	fpoA	1
GCA_030602715_1	fpoC	1
GCA_030602715_1	fpoJ	1
GCA_030602715_1	fpoL	1
GCA_030602715_1	fpoM	1
GCA_030602715_1	fpoN	1
GCA_030602715_1	frhD	1
GCA_030602715_1	frmA	1
GCA_030602715_1	glpX	1
GCA_030602715_1	glyA	3
GCA_030602715_1	gpmI	2
GCA_030602715_1	hdrA1	4
GCA_030602715_1	hdrA2	2
GCA_030602715_1	hdrB1	3
GCA_030602715_1	hdrC2	2
GCA_030602715_1	hdrD	3
GCA_030602715_1	hxlB	1
GCA_030602715_1	mauC	1
GCA_030602715_1	mcl	2
GCA_030602715_1	mdh	1
GCA_030602715_1	mdh-K00024	1
GCA_030602715_1	mgsA	1
GCA_030602715_1	mtkA	1
GCA_030602715_1	mtkB	1
GCA_030602715_1	mvhA	1
GCA_030602715_1	mvhD	4
GCA_030602715_1	mvhG	1
GCA_030602715_1	pfkA	2
GCA_030602715_1	pfkB	1
GCA_030602715_1	pfp	2
GCA_030602715_1	porA	4
GCA_030602715_1	porB	4
GCA_030602715_1	porD	2
GCA_030602715_1	porG	4
GCA_030602715_1	pps	1
GCA_030602715_1	pqqE	9
GCA_030602715_1	pqqF	2
GCA_030602715_1	pta	4
GCA_030602715_1	rnfB	4
GCA_030602715_1	rnfG	1
GCA_030602715_1	serA	4
GCA_030602715_1	serB	2
GCA_030602715_1	torZ	1
GCA_030609665_1	acs	3
GCA_030609665_1	acsD	1
GCA_030609665_1	apgM	1
GCA_030609665_1	cdhA	1
GCA_030609665_1	cdhB	1
GCA_030609665_1	cdhC	1
GCA_030609665_1	cdhD	2
GCA_030609665_1	cdhE	1
GCA_030609665_1	cooF	1
GCA_030609665_1	cytC	1
GCA_030609665_1	ehaQ	1
GCA_030609665_1	ehbA	1
GCA_030609665_1	ehbB	1
GCA_030609665_1	eno	1
GCA_030609665_1	fae-hps	1
GCA_030609665_1	fbaA	1
GCA_030609665_1	fdhB	1
GCA_030609665_1	fdoI	1
GCA_030609665_1	folA	2
GCA_030609665_1	fpoA	1
GCA_030609665_1	fpoB	3
GCA_030609665_1	fpoC	4
GCA_030609665_1	fpoD	1
GCA_030609665_1	fpoF	1
GCA_030609665_1	fpoL	1
GCA_030609665_1	fpoM	2
GCA_030609665_1	fpoN	1
GCA_030609665_1	frhB	1
GCA_030609665_1	ftr	1
GCA_030609665_1	fwdG	1
GCA_030609665_1	gfa	1
GCA_030609665_1	glyA	2
GCA_030609665_1	gpmI	2
GCA_030609665_1	hdrA1	2
GCA_030609665_1	hdrA2	3
GCA_030609665_1	hdrB1	4
GCA_030609665_1	hdrC1	1
GCA_030609665_1	hdrC2	2
GCA_030609665_1	hdrD	4
GCA_030609665_1	hdrE	2
GCA_030609665_1	hxlB	1
GCA_030609665_1	mch	1
GCA_030609665_1	mcrA	1
GCA_030609665_1	mcrB	1
GCA_030609665_1	mcrC	1
GCA_030609665_1	mcrD	1
GCA_030609665_1	mcrG	1
GCA_030609665_1	mdh-K00024	1
GCA_030609665_1	mer	1
GCA_030609665_1	mgsC	2
GCA_030609665_1	mtd	2
GCA_030609665_1	mtrA	2
GCA_030609665_1	mtrB	1
GCA_030609665_1	mtrF	1
GCA_030609665_1	mtrG	1
GCA_030609665_1	mtrH	2
GCA_030609665_1	mvhD	2
GCA_030609665_1	narH	1
GCA_030609665_1	pfkA	1
GCA_030609665_1	pfkC	2
GCA_030609665_1	pfp	2
GCA_030609665_1	porA	1
GCA_030609665_1	porB	1
GCA_030609665_1	porG	2
GCA_030609665_1	pps	1
GCA_030609665_1	pqqE	5
GCA_030609665_1	pta	4
GCA_030609665_1	rnfA	1
GCA_030609665_1	rnfB	1
GCA_030609665_1	rnfC	3
GCA_030609665_1	rnfD	1
GCA_030609665_1	rnfE	2
GCA_030609665_1	rnfG	1
GCA_030609665_1	serA	1
GCA_030609665_1	serB	1
GCA_030611765_1	acdA	2
GCA_030611765_1	ackA	1
GCA_030611765_1	acs	4
GCA_030611765_1	cooF	1
GCA_030611765_1	dfrA1	1
GCA_030611765_1	echE	1
GCA_030611765_1	ehbC	1
GCA_030611765_1	ehbI	1
GCA_030611765_1	eno	2
GCA_030611765_1	fbaA	2
GCA_030611765_1	fchA	1
GCA_030611765_1	fdhA	1
GCA_030611765_1	folA	2
GCA_030611765_1	fpoB	1
GCA_030611765_1	fpoC	1
GCA_030611765_1	fpoH	1
GCA_030611765_1	fpoL	2
GCA_030611765_1	frmA	1
GCA_030611765_1	gck	1
GCA_030611765_1	glpX	1
GCA_030611765_1	glyA	3
GCA_030611765_1	hdrA2	1
GCA_030611765_1	hdrC2	1
GCA_030611765_1	hxlB	1
GCA_030611765_1	mbhJ	1
GCA_030611765_1	mcl	1
GCA_030611765_1	mtkA	1
GCA_030611765_1	mvhA	2
GCA_030611765_1	mvhG	1
GCA_030611765_1	napH	1
GCA_030611765_1	narB	1
GCA_030611765_1	pfkA	1
GCA_030611765_1	pfp	2
GCA_030611765_1	porA	3
GCA_030611765_1	porB	2
GCA_030611765_1	porD	1
GCA_030611765_1	porG	1
GCA_030611765_1	pps	1
GCA_030611765_1	pqqE	2
GCA_030611765_1	pqqF	1
GCA_030611765_1	pta	5
GCA_030611765_1	rnfA	1
GCA_030611765_1	rnfB	4
GCA_030611765_1	rnfC	1
GCA_030611765_1	rnfD	1
GCA_030611765_1	rnfE	2
GCA_030611765_1	serA	4
GCA_030611765_1	vhcD	1
GCA_030615145_1	acdA	9
GCA_030615145_1	acs	1
GCA_030615145_1	cdhA	1
GCA_030615145_1	cdhB	1
GCA_030615145_1	cdhC	2
GCA_030615145_1	cdhD	1
GCA_030615145_1	cdhE	2
GCA_030615145_1	ehaQ	1
GCA_030615145_1	eno	2
GCA_030615145_1	fae	1
GCA_030615145_1	fae-hps	2
GCA_030615145_1	fbaA	1
GCA_030615145_1	fbaB	1
GCA_030615145_1	fbp	1
GCA_030615145_1	fchA	1
GCA_030615145_1	fdhA-K00148	1
GCA_030615145_1	fdhB	1
GCA_030615145_1	fdm	1
GCA_030615145_1	folA	1
GCA_030615145_1	fpoB	2
GCA_030615145_1	fpoC	3
GCA_030615145_1	frhB	2
GCA_030615145_1	frmA	2
GCA_030615145_1	ftr	1
GCA_030615145_1	fwdB	2
GCA_030615145_1	fwdC	1
GCA_030615145_1	fwdG	4
GCA_030615145_1	gck	1
GCA_030615145_1	glyA	2
GCA_030615145_1	hdrA1	1
GCA_030615145_1	hdrA2	8
GCA_030615145_1	hdrB1	6
GCA_030615145_1	hdrB2	2
GCA_030615145_1	hdrC1	2
GCA_030615145_1	hdrC2	2
GCA_030615145_1	hdrD	5
GCA_030615145_1	hxlB	1
GCA_030615145_1	mch	1
GCA_030615145_1	mcl	2
GCA_030615145_1	mdh	1
GCA_030615145_1	mtaA	4
GCA_030615145_1	mtbC	2
GCA_030615145_1	mtd	1
GCA_030615145_1	mtkA	2
GCA_030615145_1	mtkB	1
GCA_030615145_1	mtrH	2
GCA_030615145_1	mvhD	5
GCA_030615145_1	mvhG	1
GCA_030615145_1	napH	1
GCA_030615145_1	narB	1
GCA_030615145_1	pfkA	1
GCA_030615145_1	pfkB	3
GCA_030615145_1	pfp	1
GCA_030615145_1	porA	3
GCA_030615145_1	porB	3
GCA_030615145_1	porD	2
GCA_030615145_1	porG	1
GCA_030615145_1	pps	4
GCA_030615145_1	pqqE	5
GCA_030615145_1	pta	5
GCA_030615145_1	rnfB	3
GCA_030615145_1	rnfC	1
GCA_030615145_1	serA	2
GCA_030615145_1	serB	1
GCA_030615145_1	serC	1
GCA_030615145_1	vhuA	1
GCA_030615145_1	vhuG	2
GCA_030615405_1	acdA	2
GCA_030615405_1	acsC	1
GCA_030615405_1	acsD	2
GCA_030615405_1	apgM	1
GCA_030615405_1	cdhC	1
GCA_030615405_1	cooS	1
GCA_030615405_1	eno	1
GCA_030615405_1	fae-hps	1
GCA_030615405_1	fbaA	2
GCA_030615405_1	fdhA	1
GCA_030615405_1	fdhA-K00148	1
GCA_030615405_1	folA	2
GCA_030615405_1	frmA	1
GCA_030615405_1	glyA	2
GCA_030615405_1	gpmI	1
GCA_030615405_1	hprA	1
GCA_030615405_1	mdh	1
GCA_030615405_1	pfkA	1
GCA_030615405_1	pfkB	1
GCA_030615405_1	pfp	2
GCA_030615405_1	porA	1
GCA_030615405_1	porB	1
GCA_030615405_1	porD	1
GCA_030615405_1	porG	1
GCA_030615405_1	pqqE	1
GCA_030615405_1	pta	2
GCA_030615405_1	rnfA	1
GCA_030615405_1	rnfB	1
GCA_030615405_1	rnfC	3
GCA_030615405_1	rnfE	1
GCA_030615405_1	serA	2
GCA_030615405_1	serB	1
GCA_030615855_1	acdA	2
GCA_030615855_1	ackA	3
GCA_030615855_1	acsD	1
GCA_030615855_1	cooF	1
GCA_030615855_1	echB	1
GCA_030615855_1	echE	1
GCA_030615855_1	ehbC	1
GCA_030615855_1	ehbH	1
GCA_030615855_1	eno	3
GCA_030615855_1	fbaA	2
GCA_030615855_1	fdhA	1
GCA_030615855_1	folA	3
GCA_030615855_1	fpoC	1
GCA_030615855_1	fpoH	1
GCA_030615855_1	fpoL	1
GCA_030615855_1	fpoN	1
GCA_030615855_1	frhD	1
GCA_030615855_1	frmA	2
GCA_030615855_1	gfa	1
GCA_030615855_1	glyA	3
GCA_030615855_1	gpmB	2
GCA_030615855_1	gpmI	1
GCA_030615855_1	hprA	1
GCA_030615855_1	hxlB	1
GCA_030615855_1	mbhJ	1
GCA_030615855_1	mdh	1
GCA_030615855_1	mdh-K00024	1
GCA_030615855_1	mmoC	1
GCA_030615855_1	mtkB	1
GCA_030615855_1	pfp	4
GCA_030615855_1	porA	2
GCA_030615855_1	porB	1
GCA_030615855_1	porD	1
GCA_030615855_1	porG	2
GCA_030615855_1	pps	2
GCA_030615855_1	pqqE	2
GCA_030615855_1	pta	2
GCA_030615855_1	rnfA	1
GCA_030615855_1	rnfB	5
GCA_030615855_1	rnfC	3
GCA_030615855_1	rnfD	1
GCA_030615855_1	rnfE	2
GCA_030615855_1	rnfG	1
GCA_030615855_1	serA	5
GCA_030615855_1	serB	3
GCA_030619245_1	acdA	3
GCA_030619245_1	ackA	2
GCA_030619245_1	acsC	1
GCA_030619245_1	acsD	3
GCA_030619245_1	cdhC	3
GCA_030619245_1	cooF	2
GCA_030619245_1	cooS	2
GCA_030619245_1	echE	1
GCA_030619245_1	ehbI	1
GCA_030619245_1	eno	1
GCA_030619245_1	fbaA	2
GCA_030619245_1	fchA	2
GCA_030619245_1	fdhA	2
GCA_030619245_1	fdhA-K00148	1
GCA_030619245_1	fdoH	1
GCA_030619245_1	folA	5
GCA_030619245_1	fpoC	1
GCA_030619245_1	fpoH	1
GCA_030619245_1	fpoI	1
GCA_030619245_1	fpoL	1
GCA_030619245_1	fpoN	1
GCA_030619245_1	frhA	1
GCA_030619245_1	frhD	2
GCA_030619245_1	frmA	3
GCA_030619245_1	fwdG	1
GCA_030619245_1	glyA	4
GCA_030619245_1	gpmB	1
GCA_030619245_1	hxlB	1
GCA_030619245_1	mbhJ	1
GCA_030619245_1	mbhL	1
GCA_030619245_1	mmoC	1
GCA_030619245_1	narB	2
GCA_030619245_1	pfkA	2
GCA_030619245_1	pfp	3
GCA_030619245_1	porD	1
GCA_030619245_1	pps	1
GCA_030619245_1	pqqE	1
GCA_030619245_1	pqqF	2
GCA_030619245_1	pta	3
GCA_030619245_1	rnfA	1
GCA_030619245_1	rnfB	3
GCA_030619245_1	rnfC	3
GCA_030619245_1	rnfD	1
GCA_030619245_1	rnfE	2
GCA_030619245_1	rnfG	2
GCA_030619245_1	serB	1
GCA_030619245_1	vhtG	1
GCA_030619955_1	ackA	1
GCA_030619955_1	cooS	1
GCA_030619955_1	eno	2
GCA_030619955_1	fbp	1
GCA_030619955_1	fpoC	1
GCA_030619955_1	frmA	1
GCA_030619955_1	pps	1
GCA_030619955_1	pqqF	1
GCA_030619955_1	pta	1
GCA_030620115_1	ackA	1
GCA_030620115_1	acs	8
GCA_030620115_1	cooF	1
GCA_030620115_1	ehbC	1
GCA_030620115_1	ehbE	1
GCA_030620115_1	ehbH	1
GCA_030620115_1	ehbI	1
GCA_030620115_1	eno	2
GCA_030620115_1	fbaA	2
GCA_030620115_1	fbp	1
GCA_030620115_1	fchA	1
GCA_030620115_1	folA	1
GCA_030620115_1	fpoB	1
GCA_030620115_1	fpoD	1
GCA_030620115_1	fpoH	1
GCA_030620115_1	fpoL	1
GCA_030620115_1	frhD	1
GCA_030620115_1	frmA	2
GCA_030620115_1	gck	1
GCA_030620115_1	glyA	3
GCA_030620115_1	gpmB	1
GCA_030620115_1	gpmI	2
GCA_030620115_1	hdrA2	1
GCA_030620115_1	hdrB1	1
GCA_030620115_1	hdrD	2
GCA_030620115_1	hxlB	1
GCA_030620115_1	mauC	1
GCA_030620115_1	mdh	1
GCA_030620115_1	mmoC	2
GCA_030620115_1	mtkA	1
GCA_030620115_1	mtkB	2
GCA_030620115_1	mttB	1
GCA_030620115_1	mttC	1
GCA_030620115_1	mxaC	1
GCA_030620115_1	napH	1
GCA_030620115_1	nirK	1
GCA_030620115_1	pfkA	1
GCA_030620115_1	pfp	1
GCA_030620115_1	porA	1
GCA_030620115_1	porB	2
GCA_030620115_1	pps	2
GCA_030620115_1	pqqE	12
GCA_030620115_1	pqqF	2
GCA_030620115_1	pta	4
GCA_030620115_1	rnfA	2
GCA_030620115_1	rnfB	2
GCA_030620115_1	rnfC	2
GCA_030620115_1	rnfD	2
GCA_030620115_1	rnfE	2
GCA_030620115_1	rnfG	2
GCA_030620115_1	serA	3
GCA_030620115_1	serB	2
GCA_030620115_1	serC	1
GCA_030620115_1	vhcA	1
GCA_030620115_1	vhcG	1
GCA_030620925_1	acdA	35
GCA_030620925_1	ackA	3
GCA_030620925_1	acs	11
GCA_030620925_1	acsC	1
GCA_030620925_1	acsD	2
GCA_030620925_1	apgM	1
GCA_030620925_1	cooF	4
GCA_030620925_1	eno	2
GCA_030620925_1	fae-hps	1
GCA_030620925_1	fbaA	4
GCA_030620925_1	fbp	1
GCA_030620925_1	fdhA	6
GCA_030620925_1	fdhA-K00148	4
GCA_030620925_1	fdhB	3
GCA_030620925_1	fdhF	1
GCA_030620925_1	fdm	1
GCA_030620925_1	fdoG	2
GCA_030620925_1	fdoH	1
GCA_030620925_1	fdwB	1
GCA_030620925_1	folA	5
GCA_030620925_1	fpoA	1
GCA_030620925_1	fpoB	3
GCA_030620925_1	fpoC	2
GCA_030620925_1	fpoD	1
GCA_030620925_1	fpoH	1
GCA_030620925_1	fpoJ	2
GCA_030620925_1	fpoK	1
GCA_030620925_1	fpoL	1
GCA_030620925_1	fpoM	2
GCA_030620925_1	fpoN	2
GCA_030620925_1	frmA	4
GCA_030620925_1	fwdG	1
GCA_030620925_1	gck	1
GCA_030620925_1	gfa	1
GCA_030620925_1	glyA	5
GCA_030620925_1	gpmB	3
GCA_030620925_1	hdrB1	1
GCA_030620925_1	hdrB2	1
GCA_030620925_1	hdrC2	1
GCA_030620925_1	hdrD	3
GCA_030620925_1	hdrE	2
GCA_030620925_1	hprA	1
GCA_030620925_1	mcl	15
GCA_030620925_1	mdh-K00024	1
GCA_030620925_1	mer	1
GCA_030620925_1	mmoC	1
GCA_030620925_1	mtbC	3
GCA_030620925_1	mtrA	1
GCA_030620925_1	mxaF	1
GCA_030620925_1	napH	1
GCA_030620925_1	narB	3
GCA_030620925_1	pfkA	2
GCA_030620925_1	pfkB	2
GCA_030620925_1	pfp	3
GCA_030620925_1	porA	10
GCA_030620925_1	porB	11
GCA_030620925_1	porD	3
GCA_030620925_1	porG	9
GCA_030620925_1	pps	1
GCA_030620925_1	pqqE	7
GCA_030620925_1	pqqF	1
GCA_030620925_1	pta	8
GCA_030620925_1	rnfB	5
GCA_030620925_1	rnfC	1
GCA_030620925_1	rnfE	2
GCA_030620925_1	serA	5
GCA_030620925_1	serB	2
GCA_030620925_1	torA	2
GCA_030620925_1	torZ	1
GCA_030625085_1	acdA	2
GCA_030625085_1	ackA	2
GCA_030625085_1	acs	12
GCA_030625085_1	acsC	1
GCA_030625085_1	acsD	5
GCA_030625085_1	apgM	2
GCA_030625085_1	cdhC	1
GCA_030625085_1	cdhE	1
GCA_030625085_1	cooF	2
GCA_030625085_1	cooS	1
GCA_030625085_1	ehbA	1
GCA_030625085_1	ehbH	2
GCA_030625085_1	ehbI	1
GCA_030625085_1	eno	4
GCA_030625085_1	fae-hps	1
GCA_030625085_1	fbaA	1
GCA_030625085_1	fdhA	6
GCA_030625085_1	fdhB	1
GCA_030625085_1	fdhF	1
GCA_030625085_1	fdoH	1
GCA_030625085_1	fdoI	1
GCA_030625085_1	folA	4
GCA_030625085_1	fpoB	1
GCA_030625085_1	fpoM	1
GCA_030625085_1	fpoN	2
GCA_030625085_1	frhD	1
GCA_030625085_1	frmA	4
GCA_030625085_1	fwdG	1
GCA_030625085_1	glyA	6
GCA_030625085_1	gpmB	1
GCA_030625085_1	gpmI	2
GCA_030625085_1	hdrA2	5
GCA_030625085_1	hdrB1	1
GCA_030625085_1	hdrC2	2
GCA_030625085_1	hxlB	3
GCA_030625085_1	mauC	1
GCA_030625085_1	mdh	1
GCA_030625085_1	mdh-K00024	4
GCA_030625085_1	mgsC	2
GCA_030625085_1	mmoC	1
GCA_030625085_1	mvhA	2
GCA_030625085_1	mvhD	3
GCA_030625085_1	mxaC	1
GCA_030625085_1	narB	2
GCA_030625085_1	pfkA	2
GCA_030625085_1	pfp	3
GCA_030625085_1	porA	2
GCA_030625085_1	porB	1
GCA_030625085_1	porD	2
GCA_030625085_1	porG	1
GCA_030625085_1	pps	3
GCA_030625085_1	pqqD	1
GCA_030625085_1	pqqE	11
GCA_030625085_1	pqqF	2
GCA_030625085_1	pta	2
GCA_030625085_1	rnfA	1
GCA_030625085_1	rnfB	5
GCA_030625085_1	rnfC	6
GCA_030625085_1	rnfD	2
GCA_030625085_1	rnfE	2
GCA_030625085_1	rnfG	1
GCA_030625085_1	serA	7
GCA_030625085_1	serB	3
GCA_030625085_1	torC	1
GCA_030625085_1	torD	1
GCA_030625085_1	vhcG	1
GCA_030625085_1	vhtG	1
GCA_030625085_1	vhuD	3
GCA_030636965_1	acdA	2
GCA_030636965_1	ackA	2
GCA_030636965_1	acs	5
GCA_030636965_1	cooF	2
GCA_030636965_1	eno	5
GCA_030636965_1	fbaA	2
GCA_030636965_1	fbp	2
GCA_030636965_1	fdhA	4
GCA_030636965_1	fdhA-K00148	2
GCA_030636965_1	fdhB	1
GCA_030636965_1	fdoH	1
GCA_030636965_1	fdwB	2
GCA_030636965_1	folA	3
GCA_030636965_1	fpoA	1
GCA_030636965_1	fpoB	1
GCA_030636965_1	fpoC	1
GCA_030636965_1	fpoH	1
GCA_030636965_1	fpoI	1
GCA_030636965_1	fpoM	1
GCA_030636965_1	fpoN	1
GCA_030636965_1	frmA	3
GCA_030636965_1	gck	1
GCA_030636965_1	glpX	1
GCA_030636965_1	glyA	2
GCA_030636965_1	gpmI	1
GCA_030636965_1	hdrA2	1
GCA_030636965_1	mcl	1
GCA_030636965_1	mdh-K00024	1
GCA_030636965_1	mtkA	1
GCA_030636965_1	narB	3
GCA_030636965_1	nirK	1
GCA_030636965_1	pfkB	1
GCA_030636965_1	pfp	2
GCA_030636965_1	porA	2
GCA_030636965_1	porB	2
GCA_030636965_1	porD	2
GCA_030636965_1	porG	2
GCA_030636965_1	pps	1
GCA_030636965_1	pqqE	2
GCA_030636965_1	pqqF	2
GCA_030636965_1	pta	1
GCA_030636965_1	rnfB	3
GCA_030636965_1	rnfC	1
GCA_030636965_1	rnfD	1
GCA_030636965_1	rnfE	2
GCA_030636965_1	rnfG	1
GCA_030636965_1	serA	1
GCA_030636965_1	torD	1
GCA_030636965_1	torZ	1
GCA_030640725_1	acs	1
GCA_030640725_1	cdhA	2
GCA_030640725_1	cdhB	1
GCA_030640725_1	cdhC	1
GCA_030640725_1	cdhD	1
GCA_030640725_1	cdhE	1
GCA_030640725_1	cooF	1
GCA_030640725_1	ehaQ	1
GCA_030640725_1	ehaR	1
GCA_030640725_1	ehbE	1
GCA_030640725_1	ehbH	3
GCA_030640725_1	eno	2
GCA_030640725_1	fae-hps	2
GCA_030640725_1	fbaA	2
GCA_030640725_1	fbp	1
GCA_030640725_1	fdhA	1
GCA_030640725_1	fdhB	1
GCA_030640725_1	folA	1
GCA_030640725_1	fpoA	1
GCA_030640725_1	fpoB	1
GCA_030640725_1	fpoC	3
GCA_030640725_1	fpoD	1
GCA_030640725_1	fpoF	1
GCA_030640725_1	fpoH	1
GCA_030640725_1	fpoI	2
GCA_030640725_1	fpoJ	2
GCA_030640725_1	fpoK	1
GCA_030640725_1	fpoL	2
GCA_030640725_1	frmA	2
GCA_030640725_1	ftr	1
GCA_030640725_1	fwdB	2
GCA_030640725_1	fwdG	2
GCA_030640725_1	glpX	1
GCA_030640725_1	glyA	2
GCA_030640725_1	gpmI	2
GCA_030640725_1	hdrA1	2
GCA_030640725_1	hdrA2	3
GCA_030640725_1	hdrD	4
GCA_030640725_1	hdrE	1
GCA_030640725_1	hxlB	1
GCA_030640725_1	mch	2
GCA_030640725_1	mcrB	1
GCA_030640725_1	mcrD	1
GCA_030640725_1	mdh-K00024	3
GCA_030640725_1	mer	3
GCA_030640725_1	mtd	1
GCA_030640725_1	mtrA	1
GCA_030640725_1	mtrB	1
GCA_030640725_1	mtrC	1
GCA_030640725_1	mtrD	1
GCA_030640725_1	mtrE	1
GCA_030640725_1	mtrF	1
GCA_030640725_1	mtrG	1
GCA_030640725_1	mvhD	2
GCA_030640725_1	narH	1
GCA_030640725_1	pfkB	1
GCA_030640725_1	pfkC	1
GCA_030640725_1	pfp	1
GCA_030640725_1	porA	1
GCA_030640725_1	porB	1
GCA_030640725_1	porD	1
GCA_030640725_1	porG	1
GCA_030640725_1	pps	1
GCA_030640725_1	pqqE	6
GCA_030640725_1	pta	2
GCA_030640725_1	rnfB	3
GCA_030640725_1	rnfC	1
GCA_030640725_1	rnfD	1
GCA_030640725_1	rnfE	1
GCA_030640725_1	rnfG	1
GCA_030640725_1	serA	1
GCA_030640725_1	serB	1
GCA_030640725_1	serC	1
GCA_030640725_1	xoxF1	1
GCA_030640725_1	xoxF5	2
GCA_030648035_1	acdA	5
GCA_030648035_1	acs	3
GCA_030648035_1	cooF	1
GCA_030648035_1	eno	2
GCA_030648035_1	fbaA	1
GCA_030648035_1	fdhA	1
GCA_030648035_1	fdhB	2
GCA_030648035_1	fdoH	1
GCA_030648035_1	fdwB	3
GCA_030648035_1	folA	5
GCA_030648035_1	fpoA	1
GCA_030648035_1	fpoB	3
GCA_030648035_1	fpoD	1
GCA_030648035_1	fpoL	1
GCA_030648035_1	fpoM	1
GCA_030648035_1	fpoN	1
GCA_030648035_1	frmA	1
GCA_030648035_1	glpX	1
GCA_030648035_1	glyA	3
GCA_030648035_1	gpmI	1
GCA_030648035_1	hprA	1
GCA_030648035_1	mauC	1
GCA_030648035_1	mdh-K00024	1
GCA_030648035_1	metF	1
GCA_030648035_1	mtaA	1
GCA_030648035_1	mtkA	1
GCA_030648035_1	nirK	1
GCA_030648035_1	nrfA	1
GCA_030648035_1	nrfH	1
GCA_030648035_1	pfkA	1
GCA_030648035_1	pfp	3
GCA_030648035_1	porA	2
GCA_030648035_1	porB	2
GCA_030648035_1	porG	1
GCA_030648035_1	pps	2
GCA_030648035_1	pqqE	8
GCA_030648035_1	pqqF	1
GCA_030648035_1	pta	4
GCA_030648035_1	rnfA	1
GCA_030648035_1	rnfB	2
GCA_030648035_1	rnfC	1
GCA_030648035_1	rnfD	1
GCA_030648035_1	rnfE	2
GCA_030648035_1	serA	4
GCA_030648035_1	serB	4
GCA_030652805_1	acdA	2
GCA_030652805_1	ackA	1
GCA_030652805_1	acsD	1
GCA_030652805_1	amoB	1
GCA_030652805_1	apgM	1
GCA_030652805_1	eno	2
GCA_030652805_1	fae-hps	1
GCA_030652805_1	fbaA	4
GCA_030652805_1	fdhA-K00148	4
GCA_030652805_1	folA	5
GCA_030652805_1	fpoB	1
GCA_030652805_1	frmA	2
GCA_030652805_1	glyA	3
GCA_030652805_1	gpmB	2
GCA_030652805_1	hdrA2	3
GCA_030652805_1	hdrC2	1
GCA_030652805_1	hxlB	1
GCA_030652805_1	mtaA	3
GCA_030652805_1	mtbA	2
GCA_030652805_1	mtbC	1
GCA_030652805_1	mttB	1
GCA_030652805_1	mttC	1
GCA_030652805_1	mvhD	2
GCA_030652805_1	pfkA	1
GCA_030652805_1	pfkB	2
GCA_030652805_1	pfp	3
GCA_030652805_1	porA	1
GCA_030652805_1	porB	1
GCA_030652805_1	porD	1
GCA_030652805_1	porG	1
GCA_030652805_1	pps	2
GCA_030652805_1	pqqD	1
GCA_030652805_1	pqqE	2
GCA_030652805_1	pqqF	1
GCA_030652805_1	pta	6
GCA_030652805_1	rnfA	1
GCA_030652805_1	rnfB	6
GCA_030652805_1	rnfC	2
GCA_030652805_1	rnfD	1
GCA_030652805_1	rnfE	2
GCA_030652805_1	rnfG	1
GCA_030652805_1	serA	2
GCA_030652805_1	serB	2
GCA_030652805_1	vhuD	1
GCA_030655675_1	acs	2
GCA_030655675_1	acsD	1
GCA_030655675_1	apgM	1
GCA_030655675_1	cdhA	2
GCA_030655675_1	cdhB	1
GCA_030655675_1	cdhC	1
GCA_030655675_1	cdhD	1
GCA_030655675_1	cdhE	1
GCA_030655675_1	cooS	2
GCA_030655675_1	cytC	1
GCA_030655675_1	echB	1
GCA_030655675_1	ehaQ	1
GCA_030655675_1	ehbE	1
GCA_030655675_1	ehbH	3
GCA_030655675_1	eno	1
GCA_030655675_1	fbaA	1
GCA_030655675_1	fdhA	1
GCA_030655675_1	fdhB	1
GCA_030655675_1	fdhF	1
GCA_030655675_1	fdoH	2
GCA_030655675_1	fdoI	1
GCA_030655675_1	folA	2
GCA_030655675_1	fpoA	1
GCA_030655675_1	fpoB	3
GCA_030655675_1	fpoC	2
GCA_030655675_1	fpoD	1
GCA_030655675_1	fpoF	1
GCA_030655675_1	fpoH	1
GCA_030655675_1	fpoI	1
GCA_030655675_1	fpoJ	2
GCA_030655675_1	fpoK	1
GCA_030655675_1	fpoL	2
GCA_030655675_1	fpoM	2
GCA_030655675_1	fpoN	1
GCA_030655675_1	fpoO	1
GCA_030655675_1	frhB	1
GCA_030655675_1	frmA	1
GCA_030655675_1	ftr	1
GCA_030655675_1	fwdB	2
GCA_030655675_1	fwdC	1
GCA_030655675_1	fwdG	2
GCA_030655675_1	gfa	1
GCA_030655675_1	glyA	2
GCA_030655675_1	gpmI	3
GCA_030655675_1	hdrA1	3
GCA_030655675_1	hdrA2	2
GCA_030655675_1	hdrB1	3
GCA_030655675_1	hdrC1	1
GCA_030655675_1	hdrC2	1
GCA_030655675_1	hdrD	5
GCA_030655675_1	hdrE	1
GCA_030655675_1	hxlA	1
GCA_030655675_1	hxlB	1
GCA_030655675_1	mauC	1
GCA_030655675_1	mbhJ	1
GCA_030655675_1	mch	1
GCA_030655675_1	mcrA	1
GCA_030655675_1	mcrB	1
GCA_030655675_1	mcrC	1
GCA_030655675_1	mcrD	1
GCA_030655675_1	mcrG	1
GCA_030655675_1	mdh-K00024	1
GCA_030655675_1	mer	2
GCA_030655675_1	mtaA	1
GCA_030655675_1	mtbA	1
GCA_030655675_1	mtbB	2
GCA_030655675_1	mtbC	1
GCA_030655675_1	mtd	1
GCA_030655675_1	mtkB	1
GCA_030655675_1	mtmB	2
GCA_030655675_1	mtmC	1
GCA_030655675_1	mtrA	3
GCA_030655675_1	mtrB	2
GCA_030655675_1	mtrC	2
GCA_030655675_1	mtrD	2
GCA_030655675_1	mtrE	2
GCA_030655675_1	mtrF	2
GCA_030655675_1	mtrG	2
GCA_030655675_1	mtrH	4
GCA_030655675_1	mttB	2
GCA_030655675_1	mttC	1
GCA_030655675_1	mvhD	2
GCA_030655675_1	narB	1
GCA_030655675_1	narH	1
GCA_030655675_1	pfkC	2
GCA_030655675_1	pfp	3
GCA_030655675_1	porA	2
GCA_030655675_1	porB	1
GCA_030655675_1	porD	1
GCA_030655675_1	porG	2
GCA_030655675_1	pps	2
GCA_030655675_1	pqqE	8
GCA_030655675_1	pta	4
GCA_030655675_1	rnfA	1
GCA_030655675_1	rnfB	5
GCA_030655675_1	rnfC	3
GCA_030655675_1	rnfD	1
GCA_030655675_1	rnfE	2
GCA_030655675_1	rnfG	1
GCA_030655675_1	serA	2
GCA_030655675_1	serB	1
GCA_030656095_1	acdA	1
GCA_030656095_1	ackA	1
GCA_030656095_1	apgM	1
GCA_030656095_1	cooS	1
GCA_030656095_1	echB	1
GCA_030656095_1	ehbA	2
GCA_030656095_1	ehbE	1
GCA_030656095_1	ehbH	1
GCA_030656095_1	ehbI	1
GCA_030656095_1	eno	5
GCA_030656095_1	fbaA	2
GCA_030656095_1	fchA	1
GCA_030656095_1	fdhA	3
GCA_030656095_1	fdoG	1
GCA_030656095_1	folA	2
GCA_030656095_1	fpoB	1
GCA_030656095_1	frhD	1
GCA_030656095_1	frmA	2
GCA_030656095_1	gck	1
GCA_030656095_1	glpX	1
GCA_030656095_1	glyA	7
GCA_030656095_1	gpmB	4
GCA_030656095_1	hprA	2
GCA_030656095_1	hxlA	1
GCA_030656095_1	hxlB	1
GCA_030656095_1	mbhJ	1
GCA_030656095_1	mbhK	1
GCA_030656095_1	mbhL	1
GCA_030656095_1	mcl	1
GCA_030656095_1	mdh	2
GCA_030656095_1	mdh-K00024	1
GCA_030656095_1	metF	1
GCA_030656095_1	mtkA	1
GCA_030656095_1	napH	1
GCA_030656095_1	pfkA	1
GCA_030656095_1	pfkB	1
GCA_030656095_1	pfp	2
GCA_030656095_1	porA	3
GCA_030656095_1	porB	4
GCA_030656095_1	porD	6
GCA_030656095_1	porG	3
GCA_030656095_1	pps	2
GCA_030656095_1	pqqE	2
GCA_030656095_1	pta	6
GCA_030656095_1	rnfB	4
GCA_030656095_1	rnfE	1
GCA_030656095_1	serA	3
GCA_030656095_1	serB	1
GCA_030656095_1	serC	1
GCA_030666935_1	ackA	3
GCA_030666935_1	acs	1
GCA_030666935_1	acsD	1
GCA_030666935_1	apgM	2
GCA_030666935_1	ehbA	2
GCA_030666935_1	ehbE	1
GCA_030666935_1	ehbH	2
GCA_030666935_1	ehbI	2
GCA_030666935_1	eno	4
GCA_030666935_1	fae-hps	1
GCA_030666935_1	fbaA	2
GCA_030666935_1	fchA	1
GCA_030666935_1	fdhA	5
GCA_030666935_1	fdhA-K00148	4
GCA_030666935_1	fdoG	1
GCA_030666935_1	fdoH	1
GCA_030666935_1	folA	2
GCA_030666935_1	fpoB	1
GCA_030666935_1	fpoH	1
GCA_030666935_1	fpoL	1
GCA_030666935_1	frmA	5
GCA_030666935_1	glyA	2
GCA_030666935_1	gpmB	3
GCA_030666935_1	gpmI	2
GCA_030666935_1	hdrA2	2
GCA_030666935_1	hprA	3
GCA_030666935_1	mbhK	1
GCA_030666935_1	mbhL	1
GCA_030666935_1	mch	1
GCA_030666935_1	mcl	1
GCA_030666935_1	mdh	2
GCA_030666935_1	mdh-K00024	1
GCA_030666935_1	mtaA	1
GCA_030666935_1	mtbC	1
GCA_030666935_1	mtkA	1
GCA_030666935_1	mtkB	1
GCA_030666935_1	napH	1
GCA_030666935_1	narB	1
GCA_030666935_1	pfkA	2
GCA_030666935_1	pfkB	3
GCA_030666935_1	pfp	4
GCA_030666935_1	porA	1
GCA_030666935_1	porB	1
GCA_030666935_1	porG	3
GCA_030666935_1	pqqB	1
GCA_030666935_1	pqqE	2
GCA_030666935_1	pqqF	1
GCA_030666935_1	pta	4
GCA_030666935_1	rnfB	5
GCA_030666935_1	rnfC	1
GCA_030666935_1	serA	6
GCA_030666935_1	serB	2
GCA_030666935_1	serC	1
GCA_030666935_1	torA	1
GCA_030668065_1	acdA	2
GCA_030668065_1	acs	1
GCA_030668065_1	acsD	1
GCA_030668065_1	apgM	2
GCA_030668065_1	cdhA	2
GCA_030668065_1	cdhB	1
GCA_030668065_1	cdhC	3
GCA_030668065_1	cdhD	2
GCA_030668065_1	cdhE	1
GCA_030668065_1	cooF	1
GCA_030668065_1	echA	1
GCA_030668065_1	ehaQ	1
GCA_030668065_1	ehaR	1
GCA_030668065_1	ehbA	1
GCA_030668065_1	ehbE	1
GCA_030668065_1	ehbH	1
GCA_030668065_1	ehbI	1
GCA_030668065_1	eno	1
GCA_030668065_1	fae-hps	1
GCA_030668065_1	fbaA	1
GCA_030668065_1	fdhA	1
GCA_030668065_1	fdhB	1
GCA_030668065_1	folA	1
GCA_030668065_1	fpoL	4
GCA_030668065_1	fpoM	2
GCA_030668065_1	fpoN	1
GCA_030668065_1	fqoA	1
GCA_030668065_1	fqoD	1
GCA_030668065_1	fqoF	1
GCA_030668065_1	fqoH	1
GCA_030668065_1	fqoJ	1
GCA_030668065_1	fqoK	1
GCA_030668065_1	fqoL	1
GCA_030668065_1	fqoM	1
GCA_030668065_1	fqoN	1
GCA_030668065_1	frhB	3
GCA_030668065_1	frmA	3
GCA_030668065_1	ftr	1
GCA_030668065_1	fwdB	1
GCA_030668065_1	fwdG	1
GCA_030668065_1	glyA	2
GCA_030668065_1	gpmI	1
GCA_030668065_1	hdrA2	4
GCA_030668065_1	hdrB1	2
GCA_030668065_1	hdrB2	1
GCA_030668065_1	hdrC2	1
GCA_030668065_1	hdrD	1
GCA_030668065_1	hxlA	3
GCA_030668065_1	hxlB	1
GCA_030668065_1	mch	2
GCA_030668065_1	mdh-K00024	3
GCA_030668065_1	mgsC	2
GCA_030668065_1	mtbC	1
GCA_030668065_1	mtd	1
GCA_030668065_1	mtdB	1
GCA_030668065_1	mtkA	4
GCA_030668065_1	mtrA	2
GCA_030668065_1	mtrB	1
GCA_030668065_1	mtrC	1
GCA_030668065_1	mtrD	1
GCA_030668065_1	mtrE	1
GCA_030668065_1	mtrG	1
GCA_030668065_1	mtrH	1
GCA_030668065_1	mvhD	2
GCA_030668065_1	mxaF	1
GCA_030668065_1	pfkA	2
GCA_030668065_1	pfkB	2
GCA_030668065_1	porA	1
GCA_030668065_1	porB	1
GCA_030668065_1	porD	2
GCA_030668065_1	porG	2
GCA_030668065_1	pps	1
GCA_030668065_1	pqqE	5
GCA_030668065_1	pta	1
GCA_030668065_1	rnfB	3
GCA_030668065_1	rnfC	1
GCA_030668065_1	serA	3
GCA_030671985_1	ackA	1
GCA_030671985_1	apgM	1
GCA_030671985_1	cooF	2
GCA_030671985_1	eno	2
GCA_030671985_1	fae-hps	1
GCA_030671985_1	fbaA	1
GCA_030671985_1	folA	3
GCA_030671985_1	fpoB	2
GCA_030671985_1	frmA	2
GCA_030671985_1	glpX	1
GCA_030671985_1	glyA	4
GCA_030671985_1	hdrA1	1
GCA_030671985_1	hdrA2	1
GCA_030671985_1	mdh-K00024	1
GCA_030671985_1	metF	2
GCA_030671985_1	mgsC	1
GCA_030671985_1	mmoC	1
GCA_030671985_1	mttC	1
GCA_030671985_1	narB	1
GCA_030671985_1	pfkA	2
GCA_030671985_1	pfkB	2
GCA_030671985_1	pfp	2
GCA_030671985_1	porA	1
GCA_030671985_1	porB	1
GCA_030671985_1	porG	1
GCA_030671985_1	pps	3
GCA_030671985_1	pqqF	1
GCA_030671985_1	pta	4
GCA_030671985_1	rnfA	2
GCA_030671985_1	rnfB	3
GCA_030671985_1	rnfC	1
GCA_030671985_1	rnfD	1
GCA_030671985_1	rnfE	2
GCA_030671985_1	rnfG	1
GCA_030671985_1	serA	1
GCA_030671985_1	serB	2
GCA_030671985_1	vhuD	1
GCA_030672345_1	ackA	1
GCA_030672345_1	acs	2
GCA_030672345_1	apgM	2
GCA_030672345_1	cdhA	1
GCA_030672345_1	cdhB	1
GCA_030672345_1	cdhC	1
GCA_030672345_1	cdhD	1
GCA_030672345_1	cdhE	1
GCA_030672345_1	cooF	1
GCA_030672345_1	ehaQ	1
GCA_030672345_1	ehaR	1
GCA_030672345_1	ehbE	2
GCA_030672345_1	ehbH	6
GCA_030672345_1	eno	2
GCA_030672345_1	fae-hps	2
GCA_030672345_1	fbaA	2
GCA_030672345_1	fbp	1
GCA_030672345_1	fdhA	1
GCA_030672345_1	folA	2
GCA_030672345_1	fpoB	1
GCA_030672345_1	fpoC	2
GCA_030672345_1	fpoF	1
GCA_030672345_1	fpoM	1
GCA_030672345_1	frmA	1
GCA_030672345_1	ftr	1
GCA_030672345_1	fwdB	1
GCA_030672345_1	fwdG	2
GCA_030672345_1	glpX	1
GCA_030672345_1	glyA	2
GCA_030672345_1	gpmI	1
GCA_030672345_1	hdrA1	1
GCA_030672345_1	hdrA2	5
GCA_030672345_1	hdrB1	1
GCA_030672345_1	hdrC2	1
GCA_030672345_1	hdrD	4
GCA_030672345_1	hxlB	1
GCA_030672345_1	mch	2
GCA_030672345_1	mdh-K00024	1
GCA_030672345_1	mer	1
GCA_030672345_1	mtd	1
GCA_030672345_1	mtrA	2
GCA_030672345_1	mtrB	1
GCA_030672345_1	mtrC	1
GCA_030672345_1	mtrD	1
GCA_030672345_1	mtrE	1
GCA_030672345_1	mtrF	1
GCA_030672345_1	mtrG	1
GCA_030672345_1	mtrH	1
GCA_030672345_1	mvhD	1
GCA_030672345_1	narH	1
GCA_030672345_1	nirK	1
GCA_030672345_1	pfkC	1
GCA_030672345_1	pfp	1
GCA_030672345_1	porA	2
GCA_030672345_1	porB	2
GCA_030672345_1	porD	2
GCA_030672345_1	porG	2
GCA_030672345_1	pps	1
GCA_030672345_1	pqqE	6
GCA_030672345_1	pta	2
GCA_030672345_1	rnfA	1
GCA_030672345_1	rnfB	2
GCA_030672345_1	rnfC	1
GCA_030672345_1	serA	1
GCA_030672345_1	serB	1
GCA_030672345_1	xoxF1	1
GCA_030673425_1	acdA	1
GCA_030673425_1	ackA	1
GCA_030673425_1	acs	1
GCA_030673425_1	echE	1
GCA_030673425_1	ehbI	1
GCA_030673425_1	eno	2
GCA_030673425_1	fbaA	1
GCA_030673425_1	fdhA-K00148	1
GCA_030673425_1	fdhB	1
GCA_030673425_1	folA	2
GCA_030673425_1	fpoC	2
GCA_030673425_1	fpoH	1
GCA_030673425_1	fpoL	1
GCA_030673425_1	frhD	1
GCA_030673425_1	glyA	3
GCA_030673425_1	hxlB	1
GCA_030673425_1	mauC	2
GCA_030673425_1	mbhJ	1
GCA_030673425_1	mdh-K00024	2
GCA_030673425_1	mmoC	1
GCA_030673425_1	mxaF	1
GCA_030673425_1	pfkA	1
GCA_030673425_1	pfp	3
GCA_030673425_1	porA	2
GCA_030673425_1	porD	1
GCA_030673425_1	porG	2
GCA_030673425_1	pps	1
GCA_030673425_1	pqqE	2
GCA_030673425_1	pta	2
GCA_030673425_1	rnfB	6
GCA_030673425_1	rnfC	2
GCA_030673425_1	rnfD	1
GCA_030673425_1	rnfE	2
GCA_030673425_1	serA	2
GCA_030673425_1	serB	3
GCA_030673425_1	torZ	1
GCA_030691545_1	acdA	2
GCA_030691545_1	ackA	1
GCA_030691545_1	acs	7
GCA_030691545_1	acsD	2
GCA_030691545_1	amoB	1
GCA_030691545_1	apgM	3
GCA_030691545_1	echE	1
GCA_030691545_1	ehbI	1
GCA_030691545_1	eno	5
GCA_030691545_1	fae-hps	1
GCA_030691545_1	fbaA	5
GCA_030691545_1	fdhA	1
GCA_030691545_1	fdhA-K00148	6
GCA_030691545_1	fdhB	2
GCA_030691545_1	fdoH	1
GCA_030691545_1	folA	4
GCA_030691545_1	fpoL	1
GCA_030691545_1	fpoN	1
GCA_030691545_1	fqoH	1
GCA_030691545_1	frhB	1
GCA_030691545_1	frhD	1
GCA_030691545_1	frmA	4
GCA_030691545_1	glyA	5
GCA_030691545_1	gpmI	1
GCA_030691545_1	hdrA2	11
GCA_030691545_1	hdrB1	4
GCA_030691545_1	hdrC2	5
GCA_030691545_1	hdrD	1
GCA_030691545_1	hprA	2
GCA_030691545_1	hxlB	2
GCA_030691545_1	mauC	1
GCA_030691545_1	mbhJ	1
GCA_030691545_1	mbhL	1
GCA_030691545_1	mdh	1
GCA_030691545_1	mgsC	2
GCA_030691545_1	mmoC	1
GCA_030691545_1	mtbC	2
GCA_030691545_1	mtkA	1
GCA_030691545_1	mttB	2
GCA_030691545_1	mvhA	2
GCA_030691545_1	mvhD	6
GCA_030691545_1	mvhG	1
GCA_030691545_1	napH	1
GCA_030691545_1	pfkA	3
GCA_030691545_1	pfkB	2
GCA_030691545_1	pfp	6
GCA_030691545_1	porA	2
GCA_030691545_1	porB	1
GCA_030691545_1	porD	1
GCA_030691545_1	porG	2
GCA_030691545_1	pps	1
GCA_030691545_1	pqqB	1
GCA_030691545_1	pqqE	4
GCA_030691545_1	pqqF	2
GCA_030691545_1	pta	3
GCA_030691545_1	rnfA	2
GCA_030691545_1	rnfB	3
GCA_030691545_1	rnfC	4
GCA_030691545_1	rnfD	2
GCA_030691545_1	rnfE	1
GCA_030691545_1	rnfG	1
GCA_030691545_1	serA	3
GCA_030691545_1	serB	1
GCA_030691545_1	vhcG	1
GCA_030691545_1	vhuD	2
GCA_030691545_1	xoxF5	1
GCA_030698575_1	acdA	34
GCA_030698575_1	acdB	2
GCA_030698575_1	ackA	1
GCA_030698575_1	acs	8
GCA_030698575_1	apgM	1
GCA_030698575_1	cdhE	1
GCA_030698575_1	cooF	1
GCA_030698575_1	dcmA	3
GCA_030698575_1	echB	1
GCA_030698575_1	eno	3
GCA_030698575_1	fbaA	2
GCA_030698575_1	fdhA	1
GCA_030698575_1	fdhA-K00148	1
GCA_030698575_1	fdhB	4
GCA_030698575_1	fdhF	4
GCA_030698575_1	fdwB	1
GCA_030698575_1	folA	7
GCA_030698575_1	fpoB	1
GCA_030698575_1	fpoC	1
GCA_030698575_1	fpoH	1
GCA_030698575_1	fpoJ	1
GCA_030698575_1	fpoK	1
GCA_030698575_1	fpoM	1
GCA_030698575_1	fpoN	1
GCA_030698575_1	frmA	6
GCA_030698575_1	gck	1
GCA_030698575_1	glpX	2
GCA_030698575_1	glyA	10
GCA_030698575_1	gpmB	3
GCA_030698575_1	gpmI	3
GCA_030698575_1	hdrA2	1
GCA_030698575_1	hdrD	2
GCA_030698575_1	hprA	1
GCA_030698575_1	hxlB	2
GCA_030698575_1	mauC	4
GCA_030698575_1	mbhJ	1
GCA_030698575_1	mcl	5
GCA_030698575_1	mdh-K00024	2
GCA_030698575_1	mer	13
GCA_030698575_1	metF	2
GCA_030698575_1	mtaA	1
GCA_030698575_1	mtkA	3
GCA_030698575_1	mtkB	2
GCA_030698575_1	mvhD	1
GCA_030698575_1	narB	3
GCA_030698575_1	narG	5
GCA_030698575_1	narH	4
GCA_030698575_1	narZ	1
GCA_030698575_1	nirK	2
GCA_030698575_1	nxrA	2
GCA_030698575_1	pfkA	2
GCA_030698575_1	pfkB	1
GCA_030698575_1	pfp	6
GCA_030698575_1	porA	3
GCA_030698575_1	porD	1
GCA_030698575_1	pps	2
GCA_030698575_1	pqqA	1
GCA_030698575_1	pqqE	5
GCA_030698575_1	pqqF	2
GCA_030698575_1	pta	5
GCA_030698575_1	rnfA	2
GCA_030698575_1	rnfB	1
GCA_030698575_1	rnfC	1
GCA_030698575_1	rnfD	2
GCA_030698575_1	rnfE	2
GCA_030698575_1	rnfG	2
GCA_030698575_1	serA	4
GCA_030698575_1	serB	2
GCA_030698575_1	torZ	1
GCA_030947645_1	acdA	6
GCA_030947645_1	acdB	1
GCA_030947645_1	ackA	1
GCA_030947645_1	acs	3
GCA_030947645_1	eno	2
GCA_030947645_1	fbaA	1
GCA_030947645_1	fdhA-K00148	4
GCA_030947645_1	fdhF	1
GCA_030947645_1	fdwB	2
GCA_030947645_1	folA	6
GCA_030947645_1	fpoC	1
GCA_030947645_1	fpoH	1
GCA_030947645_1	fpoJ	1
GCA_030947645_1	fpoK	1
GCA_030947645_1	fpoN	1
GCA_030947645_1	frhD	1
GCA_030947645_1	frmA	1
GCA_030947645_1	glpX	2
GCA_030947645_1	glyA	7
GCA_030947645_1	gpmI	2
GCA_030947645_1	hdrA1	1
GCA_030947645_1	hxlA	1
GCA_030947645_1	mauC	2
GCA_030947645_1	mcl	2
GCA_030947645_1	metF	2
GCA_030947645_1	mtkB	2
GCA_030947645_1	narB	2
GCA_030947645_1	nirK	1
GCA_030947645_1	pfp	1
GCA_030947645_1	pps	1
GCA_030947645_1	pqqB	1
GCA_030947645_1	pqqC	1
GCA_030947645_1	pqqD	1
GCA_030947645_1	pqqE	2
GCA_030947645_1	pqqF	2
GCA_030947645_1	pta	3
GCA_030947645_1	rnfE	1
GCA_030947645_1	serA	2
GCA_030947645_1	serB	2
GCA_030947645_1	vhtG	2
GCA_030948025_1	acdA	4
GCA_030948025_1	acdB	2
GCA_030948025_1	ackA	3
GCA_030948025_1	acs	3
GCA_030948025_1	amoB	1
GCA_030948025_1	eno	4
GCA_030948025_1	fae	1
GCA_030948025_1	fae-hps	1
GCA_030948025_1	fbaA	2
GCA_030948025_1	fbaB	1
GCA_030948025_1	fbp	2
GCA_030948025_1	fchA	1
GCA_030948025_1	fdhA	2
GCA_030948025_1	fdhB	1
GCA_030948025_1	fdhF	1
GCA_030948025_1	fdoI	1
GCA_030948025_1	fdsD	1
GCA_030948025_1	fdwB	4
GCA_030948025_1	folA	10
GCA_030948025_1	fpoA	1
GCA_030948025_1	fpoB	2
GCA_030948025_1	fpoD	1
GCA_030948025_1	fpoK	1
GCA_030948025_1	fpoL	1
GCA_030948025_1	fpoM	1
GCA_030948025_1	frmA	2
GCA_030948025_1	ftr	1
GCA_030948025_1	fwdB	1
GCA_030948025_1	gck	1
GCA_030948025_1	glpX	3
GCA_030948025_1	glyA	12
GCA_030948025_1	gpmB	1
GCA_030948025_1	hdrD	1
GCA_030948025_1	hprA	1
GCA_030948025_1	mauC	1
GCA_030948025_1	mch	2
GCA_030948025_1	mcl	2
GCA_030948025_1	mdh	1
GCA_030948025_1	mdh-K00024	1
GCA_030948025_1	metF	1
GCA_030948025_1	mtdA	1
GCA_030948025_1	mtdB	1
GCA_030948025_1	mtkA	2
GCA_030948025_1	mtkB	2
GCA_030948025_1	mxaD	1
GCA_030948025_1	mxaF	2
GCA_030948025_1	mxaJ	1
GCA_030948025_1	narB	5
GCA_030948025_1	narG	1
GCA_030948025_1	nirK	8
GCA_030948025_1	nirS	1
GCA_030948025_1	pfp	2
GCA_030948025_1	pmoA	1
GCA_030948025_1	pmoC	4
GCA_030948025_1	ppc	1
GCA_030948025_1	pps	1
GCA_030948025_1	pqqB	1
GCA_030948025_1	pqqC	1
GCA_030948025_1	pqqD	1
GCA_030948025_1	pqqE	1
GCA_030948025_1	pqqF	2
GCA_030948025_1	pta	3
GCA_030948025_1	rnfE	2
GCA_030948025_1	rnfG	1
GCA_030948025_1	serA	3
GCA_030948025_1	serB	3
GCA_030948025_1	serC	1
GCA_030948025_1	vhtG	1
GCA_030948025_1	xoxF5	1
GCA_031255895_1	acs	1
GCA_031255895_1	apgM	1
GCA_031255895_1	cooS	1
GCA_031255895_1	echE	1
GCA_031255895_1	ehaB	1
GCA_031255895_1	ehaC	1
GCA_031255895_1	ehaE	1
GCA_031255895_1	ehaF	1
GCA_031255895_1	ehaG	1
GCA_031255895_1	ehaH	1
GCA_031255895_1	ehaJ	1
GCA_031255895_1	ehaN	1
GCA_031255895_1	ehaO	1
GCA_031255895_1	ehbE	1
GCA_031255895_1	ehbI	1
GCA_031255895_1	fae-hps	1
GCA_031255895_1	fbp	2
GCA_031255895_1	fdhA	1
GCA_031255895_1	fdhA-K00148	1
GCA_031255895_1	folA	2
GCA_031255895_1	fpoC	1
GCA_031255895_1	fpoH	1
GCA_031255895_1	fpoN	1
GCA_031255895_1	frmA	1
GCA_031255895_1	ftr	1
GCA_031255895_1	fwdB	3
GCA_031255895_1	fwdC	1
GCA_031255895_1	fwdG	2
GCA_031255895_1	glyA	1
GCA_031255895_1	gpmI	1
GCA_031255895_1	hdrA2	1
GCA_031255895_1	hdrB2	1
GCA_031255895_1	hdrC2	1
GCA_031255895_1	hdrD	1
GCA_031255895_1	mbhJ	1
GCA_031255895_1	mbhK	1
GCA_031255895_1	mbhL	1
GCA_031255895_1	mdh-K00024	2
GCA_031255895_1	mer	1
GCA_031255895_1	mtd	1
GCA_031255895_1	mtkB	1
GCA_031255895_1	mtrH	1
GCA_031255895_1	mvhD	1
GCA_031255895_1	narH	1
GCA_031255895_1	pfkB	1
GCA_031255895_1	pps	1
GCA_031255895_1	pqqE	1
GCA_031255895_1	rnfB	3
GCA_031255895_1	rnfE	1
GCA_031255895_1	serA	3
GCA_031406795_1	acdA	5
GCA_031406795_1	ackA	5
GCA_031406795_1	acs	8
GCA_031406795_1	acsC	3
GCA_031406795_1	acsD	3
GCA_031406795_1	apgM	2
GCA_031406795_1	cdhC	1
GCA_031406795_1	cdhE	2
GCA_031406795_1	cooF	1
GCA_031406795_1	cooS	2
GCA_031406795_1	eno	4
GCA_031406795_1	fbaA	3
GCA_031406795_1	fdhA	5
GCA_031406795_1	fdhB	2
GCA_031406795_1	fdoH	2
GCA_031406795_1	fdwB	1
GCA_031406795_1	folA	4
GCA_031406795_1	fpoA	1
GCA_031406795_1	fpoB	5
GCA_031406795_1	fpoC	1
GCA_031406795_1	fpoH	2
GCA_031406795_1	fpoJ	1
GCA_031406795_1	fpoK	2
GCA_031406795_1	fpoL	1
GCA_031406795_1	fpoM	2
GCA_031406795_1	fpoN	2
GCA_031406795_1	frhB	1
GCA_031406795_1	frhD	1
GCA_031406795_1	frmA	4
GCA_031406795_1	glpX	1
GCA_031406795_1	glyA	3
GCA_031406795_1	gpmB	2
GCA_031406795_1	gpmI	2
GCA_031406795_1	hdrA1	5
GCA_031406795_1	hdrA2	5
GCA_031406795_1	hdrB1	1
GCA_031406795_1	hdrC1	1
GCA_031406795_1	hdrD	3
GCA_031406795_1	hdrE	1
GCA_031406795_1	hxlB	1
GCA_031406795_1	mauC	1
GCA_031406795_1	mbhJ	1
GCA_031406795_1	mcl	1
GCA_031406795_1	mdh-K00024	1
GCA_031406795_1	metF	2
GCA_031406795_1	mgsC	3
GCA_031406795_1	mmoC	1
GCA_031406795_1	mtaA	3
GCA_031406795_1	mtaB	1
GCA_031406795_1	mtbA	2
GCA_031406795_1	mtbC	3
GCA_031406795_1	mtkA	2
GCA_031406795_1	mtkB	2
GCA_031406795_1	mtrH	1
GCA_031406795_1	mvhA	1
GCA_031406795_1	mvhD	3
GCA_031406795_1	mxaC	1
GCA_031406795_1	napH	2
GCA_031406795_1	narH	1
GCA_031406795_1	nirK	1
GCA_031406795_1	nirS	1
GCA_031406795_1	nrfA	1
GCA_031406795_1	pfkA	1
GCA_031406795_1	pfkB	1
GCA_031406795_1	pfp	4
GCA_031406795_1	porA	4
GCA_031406795_1	porB	3
GCA_031406795_1	porD	1
GCA_031406795_1	porG	2
GCA_031406795_1	pps	2
GCA_031406795_1	pqqE	11
GCA_031406795_1	pqqF	2
GCA_031406795_1	pta	1
GCA_031406795_1	rnfB	6
GCA_031406795_1	rnfC	2
GCA_031406795_1	rnfD	1
GCA_031406795_1	rnfE	2
GCA_031406795_1	serA	3
GCA_031406795_1	serB	3
GCA_031406795_1	serC	1
GCA_031406795_1	vhcA	1
GCA_031406795_1	vhuD	2
GCA_031406795_1	vhuG	1
GCA_031432495_1	acdA	8
GCA_031432495_1	acs	7
GCA_031432495_1	apgM	1
GCA_031432495_1	ehbA	1
GCA_031432495_1	ehbE	1
GCA_031432495_1	eno	2
GCA_031432495_1	fbaA	2
GCA_031432495_1	fbp	1
GCA_031432495_1	fdhA	1
GCA_031432495_1	fdhA-K00148	2
GCA_031432495_1	fdoG	1
GCA_031432495_1	folA	4
GCA_031432495_1	fpoA	1
GCA_031432495_1	fpoB	1
GCA_031432495_1	fpoD	1
GCA_031432495_1	fpoH	1
GCA_031432495_1	fpoJ	2
GCA_031432495_1	fpoK	2
GCA_031432495_1	fpoL	2
GCA_031432495_1	fpoM	2
GCA_031432495_1	fpoN	2
GCA_031432495_1	frmA	3
GCA_031432495_1	gck	1
GCA_031432495_1	glpX	2
GCA_031432495_1	glyA	4
GCA_031432495_1	gpmB	2
GCA_031432495_1	gpmI	2
GCA_031432495_1	hdrD	2
GCA_031432495_1	hprA	2
GCA_031432495_1	mauC	1
GCA_031432495_1	mcl	3
GCA_031432495_1	mdh-K00024	2
GCA_031432495_1	mer	2
GCA_031432495_1	metF	1
GCA_031432495_1	mgdA	1
GCA_031432495_1	mgsC	1
GCA_031432495_1	mtbC	2
GCA_031432495_1	mtkA	1
GCA_031432495_1	mtkB	3
GCA_031432495_1	narH	1
GCA_031432495_1	nirK	2
GCA_031432495_1	pfkA	1
GCA_031432495_1	pfkB	2
GCA_031432495_1	pfp	3
GCA_031432495_1	porA	2
GCA_031432495_1	porB	2
GCA_031432495_1	porD	1
GCA_031432495_1	porG	1
GCA_031432495_1	pps	2
GCA_031432495_1	pqqE	1
GCA_031432495_1	pqqF	1
GCA_031432495_1	pta	3
GCA_031432495_1	rnfE	2
GCA_031432495_1	serA	5
GCA_031432495_1	serB	1
GCA_031432495_1	vhuG	1
GCA_031551405_1	ackA	1
GCA_031551405_1	acsD	1
GCA_031551405_1	apgM	1
GCA_031551405_1	eno	2
GCA_031551405_1	fbaA	1
GCA_031551405_1	folA	1
GCA_031551405_1	fpoB	1
GCA_031551405_1	frmA	2
GCA_031551405_1	glyA	3
GCA_031551405_1	hxlB	1
GCA_031551405_1	mdh	1
GCA_031551405_1	mgsA	1
GCA_031551405_1	mgsC	1
GCA_031551405_1	pfkA	2
GCA_031551405_1	pfkB	1
GCA_031551405_1	pfp	3
GCA_031551405_1	porA	1
GCA_031551405_1	porB	1
GCA_031551405_1	porG	1
GCA_031551405_1	pps	1
GCA_031551405_1	pqqF	1
GCA_031551405_1	pta	3
GCA_031551405_1	rnfB	4
GCA_031551405_1	rnfE	2
GCA_031551405_1	serA	2
GCA_031551405_1	serB	2
GCA_031960865_1	acdA	8
GCA_031960865_1	ackA	1
GCA_031960865_1	acs	3
GCA_031960865_1	acsD	1
GCA_031960865_1	apgM	1
GCA_031960865_1	cooF	3
GCA_031960865_1	cooS	1
GCA_031960865_1	echE	1
GCA_031960865_1	eno	3
GCA_031960865_1	fbaA	1
GCA_031960865_1	fbaB	1
GCA_031960865_1	fbp	1
GCA_031960865_1	fdhA	1
GCA_031960865_1	fdhF	1
GCA_031960865_1	fdoH	1
GCA_031960865_1	folA	2
GCA_031960865_1	fpoA	1
GCA_031960865_1	fpoB	1
GCA_031960865_1	fpoC	1
GCA_031960865_1	fpoD	1
GCA_031960865_1	fpoI	1
GCA_031960865_1	fpoJ	1
GCA_031960865_1	fpoK	1
GCA_031960865_1	fpoL	1
GCA_031960865_1	fpoM	2
GCA_031960865_1	frhA	1
GCA_031960865_1	frhD	1
GCA_031960865_1	frmA	2
GCA_031960865_1	glyA	4
GCA_031960865_1	gpmB	1
GCA_031960865_1	gpmI	1
GCA_031960865_1	hdrD	4
GCA_031960865_1	hprA	1
GCA_031960865_1	hxlB	1
GCA_031960865_1	mbhJ	1
GCA_031960865_1	mcl	1
GCA_031960865_1	mdh	2
GCA_031960865_1	mdh-K00024	2
GCA_031960865_1	metF	3
GCA_031960865_1	mtkA	1
GCA_031960865_1	mtkB	1
GCA_031960865_1	narB	1
GCA_031960865_1	narG	1
GCA_031960865_1	narH	2
GCA_031960865_1	narZ	2
GCA_031960865_1	pfkA	1
GCA_031960865_1	pfp	3
GCA_031960865_1	porA	3
GCA_031960865_1	porB	1
GCA_031960865_1	porD	1
GCA_031960865_1	porG	1
GCA_031960865_1	pps	1
GCA_031960865_1	pqqB	1
GCA_031960865_1	pqqE	1
GCA_031960865_1	pqqF	1
GCA_031960865_1	pta	4
GCA_031960865_1	rnfB	4
GCA_031960865_1	rnfE	1
GCA_031960865_1	serA	2
GCA_031960865_1	serB	3
GCA_031960865_1	torA	1
GCA_031960865_1	torY	1
GCA_034658995_1	acs	1
GCA_034658995_1	apgM	1
GCA_034658995_1	cdhC	1
GCA_034658995_1	cdhE	2
GCA_034658995_1	cooF	1
GCA_034658995_1	cooS	1
GCA_034658995_1	ehaQ	1
GCA_034658995_1	ehaR	1
GCA_034658995_1	ehbE	1
GCA_034658995_1	ehbH	3
GCA_034658995_1	eno	2
GCA_034658995_1	fae-hps	1
GCA_034658995_1	fbaA	1
GCA_034658995_1	folA	1
GCA_034658995_1	fpoB	1
GCA_034658995_1	fpoC	1
GCA_034658995_1	fpoF	1
GCA_034658995_1	fpoK	1
GCA_034658995_1	fpoL	3
GCA_034658995_1	fpoM	2
GCA_034658995_1	fpoN	1
GCA_034658995_1	frmA	2
GCA_034658995_1	ftr	1
GCA_034658995_1	fwdB	1
GCA_034658995_1	fwdC	1
GCA_034658995_1	fwdG	1
GCA_034658995_1	glpX	1
GCA_034658995_1	glyA	1
GCA_034658995_1	gpmI	2
GCA_034658995_1	hdrA2	3
GCA_034658995_1	hdrB1	2
GCA_034658995_1	hdrC2	1
GCA_034658995_1	hdrD	5
GCA_034658995_1	hdrE	1
GCA_034658995_1	hxlA	1
GCA_034658995_1	hxlB	1
GCA_034658995_1	mauC	1
GCA_034658995_1	mch	2
GCA_034658995_1	mcrB	1
GCA_034658995_1	mcrC	1
GCA_034658995_1	mcrD	1
GCA_034658995_1	mcrG	1
GCA_034658995_1	mdh-K00024	1
GCA_034658995_1	mer	1
GCA_034658995_1	mtd	1
GCA_034658995_1	mtdB	1
GCA_034658995_1	mtkA	3
GCA_034658995_1	mtrA	2
GCA_034658995_1	mtrB	1
GCA_034658995_1	mtrC	1
GCA_034658995_1	mtrD	1
GCA_034658995_1	mtrE	1
GCA_034658995_1	mtrF	1
GCA_034658995_1	mtrG	1
GCA_034658995_1	mtrH	1
GCA_034658995_1	mvhA	1
GCA_034658995_1	mvhD	1
GCA_034658995_1	mxaL	1
GCA_034658995_1	narH	1
GCA_034658995_1	nirK	1
GCA_034658995_1	pfkC	1
GCA_034658995_1	porA	2
GCA_034658995_1	porB	2
GCA_034658995_1	porD	2
GCA_034658995_1	porG	2
GCA_034658995_1	pps	1
GCA_034658995_1	pqqE	4
GCA_034658995_1	pta	2
GCA_034658995_1	rnfA	1
GCA_034658995_1	rnfB	4
GCA_034658995_1	rnfC	1
GCA_034658995_1	rnfD	1
GCA_034658995_1	rnfE	1
GCA_034658995_1	rnfG	1
GCA_034658995_1	serA	1
GCA_034658995_1	serB	1
GCA_034658995_1	serC	1
GCA_034658995_1	vhcG	1
GCA_034660415_1	acdA	2
GCA_034660415_1	acs	4
GCA_034660415_1	acsD	1
GCA_034660415_1	apgM	2
GCA_034660415_1	cdhA	2
GCA_034660415_1	cdhB	1
GCA_034660415_1	cdhC	2
GCA_034660415_1	cdhD	1
GCA_034660415_1	cdhE	1
GCA_034660415_1	echA	2
GCA_034660415_1	ehaQ	1
GCA_034660415_1	ehaR	1
GCA_034660415_1	ehbA	1
GCA_034660415_1	ehbE	1
GCA_034660415_1	ehbH	2
GCA_034660415_1	eno	2
GCA_034660415_1	fae-hps	1
GCA_034660415_1	fbaA	1
GCA_034660415_1	fdhA	1
GCA_034660415_1	fdhB	1
GCA_034660415_1	fdhF	1
GCA_034660415_1	folA	3
GCA_034660415_1	fpoC	3
GCA_034660415_1	fpoL	2
GCA_034660415_1	fpoM	1
GCA_034660415_1	fpoN	1
GCA_034660415_1	fqoA	1
GCA_034660415_1	fqoD	1
GCA_034660415_1	fqoF	1
GCA_034660415_1	fqoH	1
GCA_034660415_1	fqoJ	1
GCA_034660415_1	fqoK	1
GCA_034660415_1	fqoL	1
GCA_034660415_1	fqoM	2
GCA_034660415_1	fqoN	1
GCA_034660415_1	frhB	5
GCA_034660415_1	frmA	2
GCA_034660415_1	ftr	2
GCA_034660415_1	fwdB	2
GCA_034660415_1	fwdC	1
GCA_034660415_1	fwdG	1
GCA_034660415_1	gck	3
GCA_034660415_1	glyA	3
GCA_034660415_1	gpmI	1
GCA_034660415_1	hdrA2	4
GCA_034660415_1	hdrB2	1
GCA_034660415_1	hdrC2	2
GCA_034660415_1	hdrD	1
GCA_034660415_1	hxlA	1
GCA_034660415_1	hxlB	1
GCA_034660415_1	mch	2
GCA_034660415_1	mcrA	1
GCA_034660415_1	mcrB	1
GCA_034660415_1	mcrC	1
GCA_034660415_1	mcrG	1
GCA_034660415_1	mdh-K00024	1
GCA_034660415_1	mgsC	1
GCA_034660415_1	mtbC	1
GCA_034660415_1	mtd	1
GCA_034660415_1	mtdB	1
GCA_034660415_1	mtkA	2
GCA_034660415_1	mtkB	2
GCA_034660415_1	mtrA	2
GCA_034660415_1	mtrE	1
GCA_034660415_1	mtrG	1
GCA_034660415_1	mtrH	1
GCA_034660415_1	mvhD	2
GCA_034660415_1	mxaF	1
GCA_034660415_1	narH	1
GCA_034660415_1	pfkA	1
GCA_034660415_1	porA	2
GCA_034660415_1	porB	2
GCA_034660415_1	porD	3
GCA_034660415_1	porG	2
GCA_034660415_1	pps	2
GCA_034660415_1	pqqE	6
GCA_034660415_1	pta	1
GCA_034660415_1	rnfB	2
GCA_034660415_1	rnfC	2
GCA_034660415_1	serA	3
GCA_034679345_1	acdA	9
GCA_034679345_1	ackA	1
GCA_034679345_1	acs	4
GCA_034679345_1	echB	1
GCA_034679345_1	eno	3
GCA_034679345_1	fbaA	3
GCA_034679345_1	fbp	1
GCA_034679345_1	fchA	1
GCA_034679345_1	fdhA	1
GCA_034679345_1	fdhB	2
GCA_034679345_1	fdhF	1
GCA_034679345_1	fdoH	2
GCA_034679345_1	fdwB	2
GCA_034679345_1	fghA	1
GCA_034679345_1	folA	1
GCA_034679345_1	fpoA	1
GCA_034679345_1	fpoB	3
GCA_034679345_1	fpoC	1
GCA_034679345_1	fpoD	1
GCA_034679345_1	fpoH	3
GCA_034679345_1	fpoJ	1
GCA_034679345_1	fpoK	1
GCA_034679345_1	fpoL	3
GCA_034679345_1	fpoM	1
GCA_034679345_1	fpoN	2
GCA_034679345_1	frhD	1
GCA_034679345_1	frmA	2
GCA_034679345_1	frmB	1
GCA_034679345_1	gck	1
GCA_034679345_1	glyA	5
GCA_034679345_1	gpmI	1
GCA_034679345_1	hdrA2	1
GCA_034679345_1	hdrB1	1
GCA_034679345_1	hdrC2	1
GCA_034679345_1	hdrD	1
GCA_034679345_1	hxlB	1
GCA_034679345_1	mauC	2
GCA_034679345_1	mbhJ	2
GCA_034679345_1	mbhL	1
GCA_034679345_1	mcl	2
GCA_034679345_1	mdh	1
GCA_034679345_1	mdh-K00024	1
GCA_034679345_1	metF	2
GCA_034679345_1	mmoC	2
GCA_034679345_1	mtbC	2
GCA_034679345_1	mtkA	1
GCA_034679345_1	mtkB	1
GCA_034679345_1	mttB	1
GCA_034679345_1	mvhD	1
GCA_034679345_1	mxaC	2
GCA_034679345_1	napH	1
GCA_034679345_1	nirK	2
GCA_034679345_1	nrfA	1
GCA_034679345_1	nrfH	1
GCA_034679345_1	pfkA	3
GCA_034679345_1	pfp	3
GCA_034679345_1	porA	3
GCA_034679345_1	porB	1
GCA_034679345_1	pps	3
GCA_034679345_1	pqqE	2
GCA_034679345_1	pqqF	4
GCA_034679345_1	pta	5
GCA_034679345_1	rnfB	4
GCA_034679345_1	rnfE	2
GCA_034679345_1	serA	3
GCA_034679345_1	serB	3
GCA_034679345_1	vhcA	1
GCA_034679345_1	vhcG	1
GCA_034717985_1	acdA	2
GCA_034717985_1	ackA	2
GCA_034717985_1	apgM	2
GCA_034717985_1	fae-hps	1
GCA_034717985_1	fbaB	1
GCA_034717985_1	folA	1
GCA_034717985_1	frmA	2
GCA_034717985_1	glyA	3
GCA_034717985_1	gpmI	1
GCA_034717985_1	mdh-K00024	1
GCA_034717985_1	pfkA	1
GCA_034717985_1	pfp	5
GCA_034717985_1	porA	1
GCA_034717985_1	pps	2
GCA_034717985_1	pta	3
GCA_034717985_1	rnfA	1
GCA_034717985_1	rnfB	3
GCA_034717985_1	rnfE	2
GCA_034717985_1	serA	2
GCA_034717985_1	serB	2
GCA_035249825_1	acdA	7
GCA_035249825_1	ackA	2
GCA_035249825_1	acs	5
GCA_035249825_1	eno	2
GCA_035249825_1	fae	1
GCA_035249825_1	fbaA	1
GCA_035249825_1	fbp	1
GCA_035249825_1	fchA	1
GCA_035249825_1	fdhA	4
GCA_035249825_1	fdhA-K00148	1
GCA_035249825_1	fdhB	1
GCA_035249825_1	fdhF	1
GCA_035249825_1	fdm	1
GCA_035249825_1	fdoH	1
GCA_035249825_1	fdwB	2
GCA_035249825_1	folA	7
GCA_035249825_1	fpoB	1
GCA_035249825_1	fpoC	1
GCA_035249825_1	fpoH	1
GCA_035249825_1	fpoJ	1
GCA_035249825_1	fpoK	1
GCA_035249825_1	fpoL	1
GCA_035249825_1	fpoM	1
GCA_035249825_1	frmA	4
GCA_035249825_1	ftr	1
GCA_035249825_1	fwdB	1
GCA_035249825_1	gck	1
GCA_035249825_1	gfa	3
GCA_035249825_1	glpX	1
GCA_035249825_1	glyA	3
GCA_035249825_1	gpmB	1
GCA_035249825_1	gpmI	2
GCA_035249825_1	hxlB	1
GCA_035249825_1	mauC	7
GCA_035249825_1	mch	2
GCA_035249825_1	mcl	2
GCA_035249825_1	mdh-K00024	2
GCA_035249825_1	mgsC	1
GCA_035249825_1	mtbC	1
GCA_035249825_1	mtdA	1
GCA_035249825_1	mtdB	1
GCA_035249825_1	mtkA	1
GCA_035249825_1	mtkB	2
GCA_035249825_1	mxaC	1
GCA_035249825_1	mxaF	5
GCA_035249825_1	nirK	7
GCA_035249825_1	pfkA	2
GCA_035249825_1	pfkB	1
GCA_035249825_1	pfp	1
GCA_035249825_1	porD	1
GCA_035249825_1	ppc	1
GCA_035249825_1	pps	2
GCA_035249825_1	pqqB	1
GCA_035249825_1	pqqC	1
GCA_035249825_1	pqqD	1
GCA_035249825_1	pqqE	1
GCA_035249825_1	pqqF	1
GCA_035249825_1	pta	2
GCA_035249825_1	rnfE	1
GCA_035249825_1	serA	3
GCA_035249825_1	serB	1
GCA_035249825_1	serC	1
GCA_035249825_1	xoxF4	1
GCA_035249825_1	xoxF5	2
GCA_035288405_1	acdA	9
GCA_035288405_1	ackA	1
GCA_035288405_1	acs	12
GCA_035288405_1	cooF	4
GCA_035288405_1	dcmA	1
GCA_035288405_1	eno	3
GCA_035288405_1	fae-hps	1
GCA_035288405_1	fbaA	2
GCA_035288405_1	fbp	3
GCA_035288405_1	fdhA	2
GCA_035288405_1	fdhA-K00148	1
GCA_035288405_1	fdhB	3
GCA_035288405_1	fdhF	3
GCA_035288405_1	fdoG	8
GCA_035288405_1	fdoH	3
GCA_035288405_1	fdoI	1
GCA_035288405_1	fdwB	2
GCA_035288405_1	folA	3
GCA_035288405_1	fpoA	2
GCA_035288405_1	fpoB	1
GCA_035288405_1	fpoD	1
GCA_035288405_1	fpoH	1
GCA_035288405_1	fpoK	2
GCA_035288405_1	fpoL	2
GCA_035288405_1	fpoM	2
GCA_035288405_1	fpoN	2
GCA_035288405_1	frhB	1
GCA_035288405_1	frmA	2
GCA_035288405_1	glpX	1
GCA_035288405_1	glyA	2
GCA_035288405_1	gpmI	2
GCA_035288405_1	hdrA2	1
GCA_035288405_1	hdrD	2
GCA_035288405_1	hxlB	1
GCA_035288405_1	mcl	1
GCA_035288405_1	mdh-K00024	3
GCA_035288405_1	mer	17
GCA_035288405_1	mgsC	1
GCA_035288405_1	mtkA	1
GCA_035288405_1	mtkB	1
GCA_035288405_1	mxaF	1
GCA_035288405_1	narB	2
GCA_035288405_1	narH	1
GCA_035288405_1	nirK	3
GCA_035288405_1	pfkA	2
GCA_035288405_1	pfp	3
GCA_035288405_1	porA	3
GCA_035288405_1	porB	3
GCA_035288405_1	porD	1
GCA_035288405_1	porG	3
GCA_035288405_1	pps	1
GCA_035288405_1	pqqE	3
GCA_035288405_1	pqqF	2
GCA_035288405_1	pta	4
GCA_035288405_1	rnfB	3
GCA_035288405_1	rnfE	2
GCA_035288405_1	serA	4
GCA_035288405_1	serB	1
GCA_035288405_1	torA	2
GCA_035288405_1	torZ	2
GCA_035342415_1	acs	3
GCA_035342415_1	apgM	1
GCA_035342415_1	cooF	1
GCA_035342415_1	cooS	1
GCA_035342415_1	ehbA	1
GCA_035342415_1	ehbB	1
GCA_035342415_1	ehbC	1
GCA_035342415_1	ehbD	1
GCA_035342415_1	ehbE	1
GCA_035342415_1	ehbF	1
GCA_035342415_1	ehbI	1
GCA_035342415_1	ehbK	2
GCA_035342415_1	ehbL	1
GCA_035342415_1	ehbO	1
GCA_035342415_1	ehbP	1
GCA_035342415_1	eno	3
GCA_035342415_1	fbp	1
GCA_035342415_1	folA	2
GCA_035342415_1	fpoC	2
GCA_035342415_1	fpoF	1
GCA_035342415_1	frhA	1
GCA_035342415_1	frhB	2
GCA_035342415_1	frhD	1
GCA_035342415_1	frmA	3
GCA_035342415_1	glyA	1
GCA_035342415_1	hdrA1	1
GCA_035342415_1	hdrA2	2
GCA_035342415_1	hdrB2	1
GCA_035342415_1	hdrC2	2
GCA_035342415_1	hdrD	1
GCA_035342415_1	hxlA	1
GCA_035342415_1	hxlB	2
GCA_035342415_1	mbhJ	1
GCA_035342415_1	mcl	1
GCA_035342415_1	mcrA	1
GCA_035342415_1	mcrB	1
GCA_035342415_1	mcrC	1
GCA_035342415_1	mmoC	1
GCA_035342415_1	mtaA	1
GCA_035342415_1	mtbC	1
GCA_035342415_1	mtkB	1
GCA_035342415_1	mtsA	2
GCA_035342415_1	mvhA	1
GCA_035342415_1	mvhD	1
GCA_035342415_1	mvhG	1
GCA_035342415_1	narB	2
GCA_035342415_1	narH	1
GCA_035342415_1	pfkB	1
GCA_035342415_1	pfp	1
GCA_035342415_1	porA	3
GCA_035342415_1	porB	2
GCA_035342415_1	porD	1
GCA_035342415_1	porG	2
GCA_035342415_1	ppc	2
GCA_035342415_1	pps	2
GCA_035342415_1	pqqE	3
GCA_035342415_1	pta	2
GCA_035342415_1	rnfB	1
GCA_035342415_1	rnfC	1
GCA_035342415_1	serA	3
GCA_035342415_1	serB	1
GCA_035342415_1	vhcD	1
GCA_035353495_1	acdA	2
GCA_035353495_1	ackA	5
GCA_035353495_1	acs	6
GCA_035353495_1	acsD	1
GCA_035353495_1	cdhE	1
GCA_035353495_1	cooF	2
GCA_035353495_1	dcmR	1
GCA_035353495_1	echB	2
GCA_035353495_1	echE	2
GCA_035353495_1	ehbI	1
GCA_035353495_1	eno	2
GCA_035353495_1	fbaA	2
GCA_035353495_1	fdhA-K00148	1
GCA_035353495_1	fdwB	1
GCA_035353495_1	folA	2
GCA_035353495_1	fpoB	3
GCA_035353495_1	fpoM	1
GCA_035353495_1	fpoN	1
GCA_035353495_1	frmA	4
GCA_035353495_1	gfa	1
GCA_035353495_1	glyA	3
GCA_035353495_1	gpmB	1
GCA_035353495_1	gpmI	2
GCA_035353495_1	hdrA2	1
GCA_035353495_1	mbhJ	4
GCA_035353495_1	mbhL	1
GCA_035353495_1	mdh	2
GCA_035353495_1	mdh-K00024	1
GCA_035353495_1	mgsC	1
GCA_035353495_1	mtkB	1
GCA_035353495_1	narB	2
GCA_035353495_1	pfkB	2
GCA_035353495_1	pfp	3
GCA_035353495_1	porA	1
GCA_035353495_1	porB	1
GCA_035353495_1	pps	1
GCA_035353495_1	pqqE	19
GCA_035353495_1	pqqF	1
GCA_035353495_1	pta	5
GCA_035353495_1	rnfA	1
GCA_035353495_1	rnfB	5
GCA_035353495_1	rnfC	4
GCA_035353495_1	rnfD	1
GCA_035353495_1	rnfE	2
GCA_035353495_1	rnfG	2
GCA_035353495_1	serA	5
GCA_035353495_1	serB	2
GCA_035353495_1	serC	1
GCA_035353495_1	thrH	1
GCA_035359435_1	acdA	2
GCA_035359435_1	ackA	1
GCA_035359435_1	acs	3
GCA_035359435_1	acsC	1
GCA_035359435_1	acsD	1
GCA_035359435_1	amoB	1
GCA_035359435_1	apgM	2
GCA_035359435_1	cdhE	1
GCA_035359435_1	cooF	3
GCA_035359435_1	cooS	1
GCA_035359435_1	echE	1
GCA_035359435_1	ehbI	1
GCA_035359435_1	eno	2
GCA_035359435_1	fbaA	3
GCA_035359435_1	fdhA	2
GCA_035359435_1	fdhB	2
GCA_035359435_1	folA	5
GCA_035359435_1	fpoH	1
GCA_035359435_1	fpoL	2
GCA_035359435_1	frhD	1
GCA_035359435_1	frmA	2
GCA_035359435_1	gck	1
GCA_035359435_1	gfa	1
GCA_035359435_1	glpX	2
GCA_035359435_1	glyA	1
GCA_035359435_1	hdrA1	2
GCA_035359435_1	mbhJ	2
GCA_035359435_1	mdh	1
GCA_035359435_1	mdh-K00024	1
GCA_035359435_1	mgsC	1
GCA_035359435_1	mmoC	1
GCA_035359435_1	mtbA	1
GCA_035359435_1	mvhA	1
GCA_035359435_1	mvhD	1
GCA_035359435_1	mvhG	1
GCA_035359435_1	mxaC	1
GCA_035359435_1	mxaF	1
GCA_035359435_1	narB	3
GCA_035359435_1	pfkA	2
GCA_035359435_1	pfp	3
GCA_035359435_1	porA	1
GCA_035359435_1	porB	1
GCA_035359435_1	porD	1
GCA_035359435_1	pqqE	8
GCA_035359435_1	pta	6
GCA_035359435_1	rnfA	1
GCA_035359435_1	rnfB	4
GCA_035359435_1	rnfC	3
GCA_035359435_1	rnfD	1
GCA_035359435_1	rnfE	2
GCA_035359435_1	rnfG	2
GCA_035359435_1	serA	3
GCA_035359435_1	serB	3
GCA_035359435_1	serC	1
GCA_035359435_1	vhcA	1
GCA_035359435_1	vhcG	1
GCA_035379745_1	acdA	2
GCA_035379745_1	ackA	1
GCA_035379745_1	acs	4
GCA_035379745_1	apgM	1
GCA_035379745_1	cooS	1
GCA_035379745_1	echB	1
GCA_035379745_1	ehbC	2
GCA_035379745_1	ehbE	1
GCA_035379745_1	ehbH	2
GCA_035379745_1	ehbI	3
GCA_035379745_1	eno	2
GCA_035379745_1	fbaA	1
GCA_035379745_1	fchA	1
GCA_035379745_1	fdwB	1
GCA_035379745_1	folA	4
GCA_035379745_1	fpoD	1
GCA_035379745_1	fpoL	1
GCA_035379745_1	fpoM	1
GCA_035379745_1	frhG	1
GCA_035379745_1	frmA	1
GCA_035379745_1	glyA	3
GCA_035379745_1	gpmI	1
GCA_035379745_1	hdrA1	1
GCA_035379745_1	hprA	1
GCA_035379745_1	hxlB	1
GCA_035379745_1	mauC	1
GCA_035379745_1	mbhJ	1
GCA_035379745_1	mdh-K00024	2
GCA_035379745_1	metF	1
GCA_035379745_1	mmoC	1
GCA_035379745_1	mtkB	1
GCA_035379745_1	mxaC	1
GCA_035379745_1	narH	1
GCA_035379745_1	pfkA	1
GCA_035379745_1	pfkB	1
GCA_035379745_1	pfp	2
GCA_035379745_1	porA	2
GCA_035379745_1	porB	1
GCA_035379745_1	porG	2
GCA_035379745_1	pps	2
GCA_035379745_1	pqqE	11
GCA_035379745_1	pqqF	2
GCA_035379745_1	pta	5
GCA_035379745_1	rnfA	1
GCA_035379745_1	rnfB	8
GCA_035379745_1	rnfC	2
GCA_035379745_1	rnfD	1
GCA_035379745_1	rnfE	1
GCA_035379745_1	rnfG	1
GCA_035379745_1	serA	5
GCA_035379745_1	serB	3
GCA_035379745_1	serC	1
GCA_035379745_1	vhcG	1
GCA_035379745_1	vhuA	1
GCA_035380865_1	acdA	7
GCA_035380865_1	acdB	2
GCA_035380865_1	acs	1
GCA_035380865_1	acsD	1
GCA_035380865_1	apgM	1
GCA_035380865_1	cooF	1
GCA_035380865_1	cooS	1
GCA_035380865_1	eno	2
GCA_035380865_1	fbaA	4
GCA_035380865_1	fdhA	2
GCA_035380865_1	fdhA-K00148	1
GCA_035380865_1	fdhB	1
GCA_035380865_1	fdm	1
GCA_035380865_1	fdoH	1
GCA_035380865_1	folA	1
GCA_035380865_1	fpoB	1
GCA_035380865_1	frmA	2
GCA_035380865_1	glyA	3
GCA_035380865_1	gpmB	4
GCA_035380865_1	hdrA1	1
GCA_035380865_1	hdrA2	2
GCA_035380865_1	hdrB2	1
GCA_035380865_1	hdrC2	1
GCA_035380865_1	hdrD	4
GCA_035380865_1	hxlB	1
GCA_035380865_1	mcl	1
GCA_035380865_1	mdh	2
GCA_035380865_1	mdh-K00024	1
GCA_035380865_1	mgsC	1
GCA_035380865_1	mtaA	3
GCA_035380865_1	mtbC	1
GCA_035380865_1	mtkB	1
GCA_035380865_1	mvhA	2
GCA_035380865_1	mvhG	1
GCA_035380865_1	mxaF	1
GCA_035380865_1	narB	2
GCA_035380865_1	pfkA	1
GCA_035380865_1	pfkB	1
GCA_035380865_1	pfp	2
GCA_035380865_1	porA	5
GCA_035380865_1	porB	4
GCA_035380865_1	porD	3
GCA_035380865_1	porG	3
GCA_035380865_1	pps	3
GCA_035380865_1	pqqE	16
GCA_035380865_1	pqqF	1
GCA_035380865_1	pta	4
GCA_035380865_1	rnfA	2
GCA_035380865_1	rnfB	4
GCA_035380865_1	rnfC	3
GCA_035380865_1	rnfD	2
GCA_035380865_1	rnfE	2
GCA_035380865_1	rnfG	2
GCA_035380865_1	serA	2
GCA_035380865_1	torZ	1
GCA_035380865_1	vhtG	1
GCA_035380865_1	vhuD	2
GCA_035391185_1	ackA	1
GCA_035391185_1	acs	5
GCA_035391185_1	apgM	1
GCA_035391185_1	cdhA	2
GCA_035391185_1	cdhB	1
GCA_035391185_1	cdhE	1
GCA_035391185_1	cooS	1
GCA_035391185_1	ehaQ	1
GCA_035391185_1	ehbQ	1
GCA_035391185_1	eno	2
GCA_035391185_1	fae-hps	1
GCA_035391185_1	fbp	2
GCA_035391185_1	fdhA	5
GCA_035391185_1	fmdB	2
GCA_035391185_1	fmdC	2
GCA_035391185_1	folA	1
GCA_035391185_1	fpoC	3
GCA_035391185_1	fpoO	1
GCA_035391185_1	frhB	1
GCA_035391185_1	frmA	2
GCA_035391185_1	ftr	2
GCA_035391185_1	fwdB	1
GCA_035391185_1	fwdG	1
GCA_035391185_1	gfa	1
GCA_035391185_1	glyA	1
GCA_035391185_1	gpmI	1
GCA_035391185_1	hdrA1	1
GCA_035391185_1	hdrA2	1
GCA_035391185_1	hdrD	2
GCA_035391185_1	hxlA	1
GCA_035391185_1	hxlB	1
GCA_035391185_1	mch	1
GCA_035391185_1	mcrA	2
GCA_035391185_1	mcrB	1
GCA_035391185_1	mcrC	1
GCA_035391185_1	mcrD	1
GCA_035391185_1	mcrG	1
GCA_035391185_1	mdh-K00024	1
GCA_035391185_1	mer	1
GCA_035391185_1	metF	1
GCA_035391185_1	mgsC	2
GCA_035391185_1	mtd	1
GCA_035391185_1	mtdB	1
GCA_035391185_1	mtkA	2
GCA_035391185_1	mtkB	1
GCA_035391185_1	mtrA	3
GCA_035391185_1	mtrB	1
GCA_035391185_1	mtrC	1
GCA_035391185_1	mtrD	1
GCA_035391185_1	mtrE	1
GCA_035391185_1	mtrF	1
GCA_035391185_1	mtrG	1
GCA_035391185_1	mtrH	3
GCA_035391185_1	narH	1
GCA_035391185_1	pfkB	2
GCA_035391185_1	pfp	1
GCA_035391185_1	porA	3
GCA_035391185_1	porB	1
GCA_035391185_1	porD	2
GCA_035391185_1	porG	1
GCA_035391185_1	pps	1
GCA_035391185_1	pqqE	8
GCA_035391185_1	rnfB	6
GCA_035391185_1	serA	1
GCA_035391185_1	serB	1
GCA_035391185_1	xoxF4	1
GCA_035391585_1	acdA	2
GCA_035391585_1	cooF	1
GCA_035391585_1	eno	1
GCA_035391585_1	fchA	1
GCA_035391585_1	fdhB	1
GCA_035391585_1	folA	1
GCA_035391585_1	fpoB	1
GCA_035391585_1	fpoD	1
GCA_035391585_1	fpoH	1
GCA_035391585_1	fpoM	1
GCA_035391585_1	fpoN	1
GCA_035391585_1	glyA	1
GCA_035391585_1	gpmI	1
GCA_035391585_1	hxlA	1
GCA_035391585_1	mmoC	2
GCA_035391585_1	mtkA	1
GCA_035391585_1	pfkA	1
GCA_035391585_1	pfp	1
GCA_035391585_1	porA	4
GCA_035391585_1	porB	2
GCA_035391585_1	porG	2
GCA_035391585_1	pps	1
GCA_035391585_1	pta	3
GCA_035391585_1	rnfB	2
GCA_035391585_1	rnfD	1
GCA_035391585_1	serA	3
GCA_035391585_1	serB	1
GCA_035404685_1	acs	4
GCA_035404685_1	apgM	2
GCA_035404685_1	cooF	2
GCA_035404685_1	cooS	2
GCA_035404685_1	ehbA	1
GCA_035404685_1	ehbC	1
GCA_035404685_1	ehbD	1
GCA_035404685_1	ehbE	1
GCA_035404685_1	ehbF	2
GCA_035404685_1	ehbI	1
GCA_035404685_1	ehbK	1
GCA_035404685_1	ehbL	1
GCA_035404685_1	ehbM	1
GCA_035404685_1	ehbN	2
GCA_035404685_1	ehbO	1
GCA_035404685_1	ehbP	1
GCA_035404685_1	eno	2
GCA_035404685_1	fdhA	1
GCA_035404685_1	fdhB	2
GCA_035404685_1	folA	1
GCA_035404685_1	fpoC	1
GCA_035404685_1	fqoF	1
GCA_035404685_1	frhD	1
GCA_035404685_1	frmA	2
GCA_035404685_1	glyA	4
GCA_035404685_1	gpmB	1
GCA_035404685_1	hdrA1	1
GCA_035404685_1	hdrA2	3
GCA_035404685_1	hdrB1	2
GCA_035404685_1	hdrB2	2
GCA_035404685_1	hdrC1	4
GCA_035404685_1	hdrD	5
GCA_035404685_1	mcrA	1
GCA_035404685_1	mcrB	1
GCA_035404685_1	mcrC	1
GCA_035404685_1	mcrD	1
GCA_035404685_1	mcrG	1
GCA_035404685_1	mtaA	5
GCA_035404685_1	mtaC	1
GCA_035404685_1	mtbC	2
GCA_035404685_1	mtkA	1
GCA_035404685_1	mtkB	2
GCA_035404685_1	mtsA	2
GCA_035404685_1	mttC	1
GCA_035404685_1	mvhA	1
GCA_035404685_1	mvhD	4
GCA_035404685_1	mvhG	1
GCA_035404685_1	mxaF	1
GCA_035404685_1	narH	1
GCA_035404685_1	porA	3
GCA_035404685_1	porB	3
GCA_035404685_1	porD	3
GCA_035404685_1	porG	4
GCA_035404685_1	pps	3
GCA_035404685_1	pqqB	1
GCA_035404685_1	pqqE	2
GCA_035404685_1	pta	1
GCA_035404685_1	serA	4
GCA_035404685_1	serB	3
GCA_035484035_1	acdA	2
GCA_035484035_1	ackA	2
GCA_035484035_1	acs	11
GCA_035484035_1	eno	6
GCA_035484035_1	fbaA	11
GCA_035484035_1	fbp	5
GCA_035484035_1	fdhA	2
GCA_035484035_1	fdhA-K00148	5
GCA_035484035_1	fdhB	1
GCA_035484035_1	fdhF	1
GCA_035484035_1	fdm	1
GCA_035484035_1	fdwB	2
GCA_035484035_1	folA	8
GCA_035484035_1	fpoB	3
GCA_035484035_1	fpoH	1
GCA_035484035_1	fpoK	1
GCA_035484035_1	fpoL	1
GCA_035484035_1	fpoM	2
GCA_035484035_1	frhD	1
GCA_035484035_1	frmA	4
GCA_035484035_1	glpX	1
GCA_035484035_1	glyA	7
GCA_035484035_1	gpmB	4
GCA_035484035_1	gpmI	1
GCA_035484035_1	hdrD	3
GCA_035484035_1	hprA	6
GCA_035484035_1	hxlB	4
GCA_035484035_1	mauE	1
GCA_035484035_1	mbhJ	1
GCA_035484035_1	mbhL	1
GCA_035484035_1	mdh	2
GCA_035484035_1	mdh-K00024	5
GCA_035484035_1	metF	4
GCA_035484035_1	mgsC	1
GCA_035484035_1	mtbC	2
GCA_035484035_1	mtkA	1
GCA_035484035_1	mtkB	1
GCA_035484035_1	mxaC	2
GCA_035484035_1	narB	6
GCA_035484035_1	narH	1
GCA_035484035_1	nirK	1
GCA_035484035_1	pfkA	6
GCA_035484035_1	pfkB	4
GCA_035484035_1	pfp	3
GCA_035484035_1	porA	1
GCA_035484035_1	ppc	1
GCA_035484035_1	pps	3
GCA_035484035_1	pqqE	1
GCA_035484035_1	pqqF	2
GCA_035484035_1	pta	1
GCA_035484035_1	rnfB	1
GCA_035484035_1	rnfE	1
GCA_035484035_1	serA	10
GCA_035484035_1	serB	1
GCA_035484035_1	tmm	2
GCA_035484035_1	vhtG	1
GCA_035489015_1	acdA	24
GCA_035489015_1	acdB	3
GCA_035489015_1	ackA	4
GCA_035489015_1	acs	18
GCA_035489015_1	cooF	4
GCA_035489015_1	eno	2
GCA_035489015_1	fbaA	2
GCA_035489015_1	fbaB	1
GCA_035489015_1	fbp	2
GCA_035489015_1	fdhA	4
GCA_035489015_1	fdhA-K00148	2
GCA_035489015_1	fdhB	3
GCA_035489015_1	fdm	1
GCA_035489015_1	fdoG	2
GCA_035489015_1	fdwB	3
GCA_035489015_1	folA	10
GCA_035489015_1	fpoB	3
GCA_035489015_1	fpoC	1
GCA_035489015_1	fpoH	1
GCA_035489015_1	fpoK	1
GCA_035489015_1	fpoL	1
GCA_035489015_1	fpoM	1
GCA_035489015_1	frmA	4
GCA_035489015_1	gck	1
GCA_035489015_1	gfa	2
GCA_035489015_1	glpX	2
GCA_035489015_1	glyA	9
GCA_035489015_1	gpmB	2
GCA_035489015_1	gpmI	2
GCA_035489015_1	hdrA2	1
GCA_035489015_1	hdrD	3
GCA_035489015_1	hmd	1
GCA_035489015_1	hprA	3
GCA_035489015_1	hxlA	1
GCA_035489015_1	hxlB	1
GCA_035489015_1	mauC	4
GCA_035489015_1	mcl	2
GCA_035489015_1	mdh	1
GCA_035489015_1	mdh-K00024	10
GCA_035489015_1	mer	1
GCA_035489015_1	metF	1
GCA_035489015_1	mgsC	1
GCA_035489015_1	mmoC	1
GCA_035489015_1	mtbC	10
GCA_035489015_1	mtkA	1
GCA_035489015_1	mtkB	2
GCA_035489015_1	narB	6
GCA_035489015_1	narH	1
GCA_035489015_1	nirK	3
GCA_035489015_1	pfkA	3
GCA_035489015_1	pfkB	2
GCA_035489015_1	pfp	3
GCA_035489015_1	porA	1
GCA_035489015_1	ppc	2
GCA_035489015_1	pps	2
GCA_035489015_1	pqqD	1
GCA_035489015_1	pqqE	3
GCA_035489015_1	pqqF	5
GCA_035489015_1	pta	3
GCA_035489015_1	rnfE	3
GCA_035489015_1	serA	9
GCA_035489015_1	serB	4
GCA_035489015_1	serC	2
GCA_035489015_1	tmm	1
GCA_035489015_1	xoxF5	1
GCA_035530415_1	acdA	1
GCA_035530415_1	ackA	1
GCA_035530415_1	acs	1
GCA_035530415_1	acsD	1
GCA_035530415_1	apgM	1
GCA_035530415_1	cdhA	1
GCA_035530415_1	cdhB	1
GCA_035530415_1	cdhC	2
GCA_035530415_1	cdhD	1
GCA_035530415_1	cdhE	3
GCA_035530415_1	cooS	1
GCA_035530415_1	cytC	1
GCA_035530415_1	echB	1
GCA_035530415_1	ehaQ	1
GCA_035530415_1	ehbE	1
GCA_035530415_1	ehbH	1
GCA_035530415_1	ehbI	1
GCA_035530415_1	eno	3
GCA_035530415_1	fae-hps	1
GCA_035530415_1	fbaA	1
GCA_035530415_1	fbp	1
GCA_035530415_1	fdhA-K00148	1
GCA_035530415_1	folA	4
GCA_035530415_1	fpoA	1
GCA_035530415_1	fpoB	1
GCA_035530415_1	fpoC	6
GCA_035530415_1	fpoD	1
GCA_035530415_1	fpoF	1
GCA_035530415_1	fpoH	1
GCA_035530415_1	fpoI	1
GCA_035530415_1	fpoJ	2
GCA_035530415_1	fpoK	1
GCA_035530415_1	fpoL	2
GCA_035530415_1	fpoM	1
GCA_035530415_1	fpoN	3
GCA_035530415_1	fpoO	1
GCA_035530415_1	frhB	1
GCA_035530415_1	frmA	2
GCA_035530415_1	ftr	1
GCA_035530415_1	fwdB	2
GCA_035530415_1	fwdC	1
GCA_035530415_1	fwdF	1
GCA_035530415_1	fwdG	1
GCA_035530415_1	glyA	3
GCA_035530415_1	gpmI	2
GCA_035530415_1	hdrA2	2
GCA_035530415_1	hdrB2	1
GCA_035530415_1	hdrC2	2
GCA_035530415_1	hdrD	5
GCA_035530415_1	hdrE	1
GCA_035530415_1	hxlA	1
GCA_035530415_1	hxlB	1
GCA_035530415_1	mbhJ	1
GCA_035530415_1	mch	2
GCA_035530415_1	mcrB	1
GCA_035530415_1	mcrC	1
GCA_035530415_1	mcrD	1
GCA_035530415_1	mdh-K00024	1
GCA_035530415_1	mer	2
GCA_035530415_1	mgsC	1
GCA_035530415_1	mtd	1
GCA_035530415_1	mtkB	1
GCA_035530415_1	mtrA	3
GCA_035530415_1	mtrB	1
GCA_035530415_1	mtrC	1
GCA_035530415_1	mtrD	1
GCA_035530415_1	mtrE	1
GCA_035530415_1	mtrF	1
GCA_035530415_1	mtrG	1
GCA_035530415_1	mtrH	2
GCA_035530415_1	mvhD	1
GCA_035530415_1	narB	1
GCA_035530415_1	narH	1
GCA_035530415_1	pfp	1
GCA_035530415_1	porA	4
GCA_035530415_1	porB	4
GCA_035530415_1	porD	2
GCA_035530415_1	porG	1
GCA_035530415_1	pps	2
GCA_035530415_1	pqqB	1
GCA_035530415_1	pqqE	4
GCA_035530415_1	rnfA	1
GCA_035530415_1	rnfB	5
GCA_035530415_1	rnfC	2
GCA_035530415_1	rnfD	1
GCA_035530415_1	rnfE	2
GCA_035530415_1	rnfG	1
GCA_035530415_1	serA	2
GCA_035542955_1	acdA	4
GCA_035542955_1	ackA	1
GCA_035542955_1	acs	1
GCA_035542955_1	apgM	1
GCA_035542955_1	eno	1
GCA_035542955_1	fbaA	1
GCA_035542955_1	fbp	1
GCA_035542955_1	fdhA	1
GCA_035542955_1	fdhA-K00148	1
GCA_035542955_1	fdhF	1
GCA_035542955_1	fdwB	2
GCA_035542955_1	fghA	2
GCA_035542955_1	folA	1
GCA_035542955_1	fpoB	2
GCA_035542955_1	frmA	1
GCA_035542955_1	glyA	4
GCA_035542955_1	gpmB	1
GCA_035542955_1	hdrD	1
GCA_035542955_1	hprA	1
GCA_035542955_1	hxlA	1
GCA_035542955_1	mauC	1
GCA_035542955_1	mdh-K00024	1
GCA_035542955_1	mer	1
GCA_035542955_1	mtaA	2
GCA_035542955_1	mtbC	2
GCA_035542955_1	mttB	1
GCA_035542955_1	mttC	1
GCA_035542955_1	mxaC	1
GCA_035542955_1	napH	1
GCA_035542955_1	narB	1
GCA_035542955_1	nrfH	1
GCA_035542955_1	pfkA	1
GCA_035542955_1	pfp	1
GCA_035542955_1	porA	2
GCA_035542955_1	porB	3
GCA_035542955_1	porD	1
GCA_035542955_1	porG	2
GCA_035542955_1	pps	1
GCA_035542955_1	pqqF	1
GCA_035542955_1	pta	3
GCA_035542955_1	rnfA	1
GCA_035542955_1	rnfB	2
GCA_035542955_1	rnfC	1
GCA_035542955_1	rnfD	1
GCA_035542955_1	rnfE	1
GCA_035542955_1	serA	2
GCA_035542955_1	vhcA	1
GCA_035542955_1	vhuG	1
GCA_035561835_1	acdA	4
GCA_035561835_1	ackA	1
GCA_035561835_1	acs	6
GCA_035561835_1	apgM	2
GCA_035561835_1	cooF	1
GCA_035561835_1	echB	1
GCA_035561835_1	eno	5
GCA_035561835_1	fae	1
GCA_035561835_1	fbaA	2
GCA_035561835_1	fbaB	1
GCA_035561835_1	fbp	1
GCA_035561835_1	fdhA-K00148	1
GCA_035561835_1	fdhB	1
GCA_035561835_1	fdhF	1
GCA_035561835_1	fdoI	1
GCA_035561835_1	fdwB	2
GCA_035561835_1	folA	5
GCA_035561835_1	fpoA	2
GCA_035561835_1	fpoB	3
GCA_035561835_1	fpoC	2
GCA_035561835_1	fpoD	1
GCA_035561835_1	fpoH	2
GCA_035561835_1	fpoJ	2
GCA_035561835_1	fpoK	2
GCA_035561835_1	fpoL	2
GCA_035561835_1	fpoM	3
GCA_035561835_1	fpoN	1
GCA_035561835_1	frmA	4
GCA_035561835_1	ftr	1
GCA_035561835_1	fwdB	1
GCA_035561835_1	fwdC	1
GCA_035561835_1	gfa	1
GCA_035561835_1	glpX	4
GCA_035561835_1	glyA	6
GCA_035561835_1	hdrD	2
GCA_035561835_1	hxlB	1
GCA_035561835_1	mauC	2
GCA_035561835_1	mbhJ	1
GCA_035561835_1	mch	1
GCA_035561835_1	mcl	3
GCA_035561835_1	mdh-K00024	1
GCA_035561835_1	metF	1
GCA_035561835_1	mgsC	1
GCA_035561835_1	mtdB	1
GCA_035561835_1	mtkA	1
GCA_035561835_1	mtkB	1
GCA_035561835_1	mtsA	1
GCA_035561835_1	mxaF	2
GCA_035561835_1	mxaG	1
GCA_035561835_1	narB	3
GCA_035561835_1	nirK	1
GCA_035561835_1	nirS	2
GCA_035561835_1	pfkB	1
GCA_035561835_1	pfp	5
GCA_035561835_1	pmoA	1
GCA_035561835_1	pmoB	1
GCA_035561835_1	pmoC	1
GCA_035561835_1	porA	1
GCA_035561835_1	porB	2
GCA_035561835_1	ppc	1
GCA_035561835_1	pps	2
GCA_035561835_1	pqqA	1
GCA_035561835_1	pqqE	3
GCA_035561835_1	pqqF	2
GCA_035561835_1	pta	1
GCA_035561835_1	rnfB	3
GCA_035561835_1	rnfG	1
GCA_035561835_1	serA	4
GCA_035561835_1	serB	2
GCA_036381125_1	acdA	12
GCA_036381125_1	ackA	4
GCA_036381125_1	acs	13
GCA_036381125_1	acsD	1
GCA_036381125_1	ehbE	1
GCA_036381125_1	eno	2
GCA_036381125_1	fbaA	5
GCA_036381125_1	fbp	1
GCA_036381125_1	fdhA	6
GCA_036381125_1	fdhA-K00148	2
GCA_036381125_1	fdhB	3
GCA_036381125_1	fdm	2
GCA_036381125_1	fdoG	1
GCA_036381125_1	fdoH	1
GCA_036381125_1	folA	9
GCA_036381125_1	fpoC	1
GCA_036381125_1	fpoF	1
GCA_036381125_1	fpoL	2
GCA_036381125_1	fpoM	2
GCA_036381125_1	fpoN	2
GCA_036381125_1	frmA	3
GCA_036381125_1	gfa	1
GCA_036381125_1	glpX	2
GCA_036381125_1	glyA	7
GCA_036381125_1	gpmB	4
GCA_036381125_1	gpmI	2
GCA_036381125_1	hdrD	2
GCA_036381125_1	hprA	3
GCA_036381125_1	hxlA	1
GCA_036381125_1	hxlB	1
GCA_036381125_1	mauC	4
GCA_036381125_1	mbhJ	1
GCA_036381125_1	mcl	3
GCA_036381125_1	mdh	2
GCA_036381125_1	mdh-K00024	2
GCA_036381125_1	mtkA	4
GCA_036381125_1	mtkB	3
GCA_036381125_1	narG	1
GCA_036381125_1	narH	2
GCA_036381125_1	nirK	4
GCA_036381125_1	nirS	1
GCA_036381125_1	nrfA	1
GCA_036381125_1	nrfH	1
GCA_036381125_1	pfkA	3
GCA_036381125_1	pfkB	1
GCA_036381125_1	pfp	4
GCA_036381125_1	porA	3
GCA_036381125_1	porB	2
GCA_036381125_1	porD	3
GCA_036381125_1	pps	3
GCA_036381125_1	pqqE	4
GCA_036381125_1	pqqF	3
GCA_036381125_1	pta	4
GCA_036381125_1	rnfE	2
GCA_036381125_1	serA	11
GCA_036381125_1	serB	1
GCA_036381125_1	serC	2
GCA_036381125_1	torA	2
GCA_036444275_1	acs	3
GCA_036444275_1	acsD	1
GCA_036444275_1	apgM	2
GCA_036444275_1	cdhA	1
GCA_036444275_1	cdhB	1
GCA_036444275_1	cdhC	1
GCA_036444275_1	cdhD	1
GCA_036444275_1	cdhE	1
GCA_036444275_1	ehbA	1
GCA_036444275_1	ehbH	1
GCA_036444275_1	ehbQ	1
GCA_036444275_1	eno	2
GCA_036444275_1	fae-hps	2
GCA_036444275_1	fdoG	1
GCA_036444275_1	fdoI	1
GCA_036444275_1	folA	2
GCA_036444275_1	fpoA	1
GCA_036444275_1	fpoC	2
GCA_036444275_1	fpoD	1
GCA_036444275_1	fpoH	1
GCA_036444275_1	fpoJ	1
GCA_036444275_1	fpoK	1
GCA_036444275_1	fpoL	3
GCA_036444275_1	fpoM	1
GCA_036444275_1	fpoN	1
GCA_036444275_1	fqoF	2
GCA_036444275_1	frhB	3
GCA_036444275_1	frmA	1
GCA_036444275_1	ftr	2
GCA_036444275_1	fwdB	1
GCA_036444275_1	fwdC	1
GCA_036444275_1	fwdF	1
GCA_036444275_1	fwdG	2
GCA_036444275_1	gck	1
GCA_036444275_1	glyA	1
GCA_036444275_1	gpmI	1
GCA_036444275_1	hdrA1	3
GCA_036444275_1	hdrA2	3
GCA_036444275_1	hdrB1	1
GCA_036444275_1	hdrC2	1
GCA_036444275_1	hdrD	1
GCA_036444275_1	hxlA	1
GCA_036444275_1	hxlB	1
GCA_036444275_1	mch	2
GCA_036444275_1	mdh-K00024	1
GCA_036444275_1	mgsC	1
GCA_036444275_1	mtaA	2
GCA_036444275_1	mtbA	2
GCA_036444275_1	mtbC	2
GCA_036444275_1	mtd	1
GCA_036444275_1	mtrA	1
GCA_036444275_1	mtrH	1
GCA_036444275_1	mttC	1
GCA_036444275_1	mvhD	2
GCA_036444275_1	pfkB	1
GCA_036444275_1	pfp	1
GCA_036444275_1	porA	1
GCA_036444275_1	porB	1
GCA_036444275_1	porD	1
GCA_036444275_1	porG	1
GCA_036444275_1	pps	1
GCA_036444275_1	pqqE	3
GCA_036444275_1	pta	1
GCA_036444275_1	rnfB	2
GCA_036444275_1	rnfC	1
GCA_036444275_1	serA	4
GCA_036444275_1	serB	2
GCA_036444275_1	torD	1
GCA_036477985_1	acdA	24
GCA_036477985_1	acs	5
GCA_036477985_1	apgM	1
GCA_036477985_1	cooF	1
GCA_036477985_1	ehbA	1
GCA_036477985_1	ehbB	1
GCA_036477985_1	ehbC	1
GCA_036477985_1	eno	3
GCA_036477985_1	fbaA	6
GCA_036477985_1	fdhA	3
GCA_036477985_1	fdhA-K00148	6
GCA_036477985_1	fdhB	1
GCA_036477985_1	fdhF	2
GCA_036477985_1	fdoG	2
GCA_036477985_1	fdoH	1
GCA_036477985_1	fdwB	2
GCA_036477985_1	folA	8
GCA_036477985_1	fpoA	2
GCA_036477985_1	fpoB	3
GCA_036477985_1	fpoD	2
GCA_036477985_1	fpoH	1
GCA_036477985_1	fpoI	1
GCA_036477985_1	fpoJ	1
GCA_036477985_1	fpoK	1
GCA_036477985_1	fpoL	4
GCA_036477985_1	fpoM	2
GCA_036477985_1	fpoN	2
GCA_036477985_1	frhB	1
GCA_036477985_1	frmA	5
GCA_036477985_1	gck	1
GCA_036477985_1	gfa	1
GCA_036477985_1	glpX	1
GCA_036477985_1	glyA	5
GCA_036477985_1	gpmB	1
GCA_036477985_1	gpmI	2
GCA_036477985_1	hdrD	3
GCA_036477985_1	hprA	7
GCA_036477985_1	mcl	6
GCA_036477985_1	mdh	1
GCA_036477985_1	mdh-K00024	4
GCA_036477985_1	mer	8
GCA_036477985_1	metF	1
GCA_036477985_1	mgsC	4
GCA_036477985_1	mtkA	2
GCA_036477985_1	mtkB	4
GCA_036477985_1	narB	1
GCA_036477985_1	narH	1
GCA_036477985_1	nirK	2
GCA_036477985_1	nxrA	1
GCA_036477985_1	pfkA	1
GCA_036477985_1	pfkB	2
GCA_036477985_1	pfp	4
GCA_036477985_1	porA	4
GCA_036477985_1	porB	2
GCA_036477985_1	porD	2
GCA_036477985_1	porG	1
GCA_036477985_1	pps	1
GCA_036477985_1	pqqE	2
GCA_036477985_1	pqqF	1
GCA_036477985_1	pta	5
GCA_036477985_1	serA	12
GCA_036477985_1	serB	1
GCA_036477985_1	torA	3
GCA_036477985_1	torZ	1
GCA_036480675_1	acdA	7
GCA_036480675_1	acdB	1
GCA_036480675_1	ackA	5
GCA_036480675_1	acs	1
GCA_036480675_1	apgM	1
GCA_036480675_1	cdhE	1
GCA_036480675_1	eno	2
GCA_036480675_1	fbaA	2
GCA_036480675_1	fbp	2
GCA_036480675_1	fchA	1
GCA_036480675_1	fdhA-K00148	1
GCA_036480675_1	fdhB	3
GCA_036480675_1	fdhF	2
GCA_036480675_1	fdoH	1
GCA_036480675_1	fdoI	2
GCA_036480675_1	folA	3
GCA_036480675_1	fpoA	1
GCA_036480675_1	fpoB	1
GCA_036480675_1	fpoC	1
GCA_036480675_1	fpoD	2
GCA_036480675_1	fpoH	1
GCA_036480675_1	fpoJ	1
GCA_036480675_1	fpoL	1
GCA_036480675_1	fpoM	1
GCA_036480675_1	frhD	1
GCA_036480675_1	frmA	1
GCA_036480675_1	glpX	1
GCA_036480675_1	glyA	4
GCA_036480675_1	gpmI	4
GCA_036480675_1	hdrA1	5
GCA_036480675_1	hdrA2	4
GCA_036480675_1	hdrB1	3
GCA_036480675_1	hdrB2	2
GCA_036480675_1	hdrC2	3
GCA_036480675_1	hdrD	4
GCA_036480675_1	hxlB	2
GCA_036480675_1	mauC	1
GCA_036480675_1	mcl	1
GCA_036480675_1	mdh-K00024	1
GCA_036480675_1	mtkA	2
GCA_036480675_1	mtkB	1
GCA_036480675_1	mvhA	2
GCA_036480675_1	mvhD	4
GCA_036480675_1	napH	1
GCA_036480675_1	narG	1
GCA_036480675_1	narH	1
GCA_036480675_1	narZ	1
GCA_036480675_1	pfkA	1
GCA_036480675_1	pfp	1
GCA_036480675_1	porA	4
GCA_036480675_1	porB	4
GCA_036480675_1	porD	2
GCA_036480675_1	porG	5
GCA_036480675_1	pps	1
GCA_036480675_1	pqqE	8
GCA_036480675_1	pta	4
GCA_036480675_1	rnfB	4
GCA_036480675_1	rnfC	1
GCA_036480675_1	serA	1
GCA_036504475_1	ackA	1
GCA_036504475_1	acs	3
GCA_036504475_1	acsD	1
GCA_036504475_1	apgM	1
GCA_036504475_1	cdhA	1
GCA_036504475_1	cdhB	1
GCA_036504475_1	cdhC	1
GCA_036504475_1	cdhD	2
GCA_036504475_1	cdhE	5
GCA_036504475_1	cooF	1
GCA_036504475_1	cooS	2
GCA_036504475_1	echA	1
GCA_036504475_1	echB	2
GCA_036504475_1	echC	2
GCA_036504475_1	echE	1
GCA_036504475_1	ehaQ	1
GCA_036504475_1	eno	3
GCA_036504475_1	fae	1
GCA_036504475_1	fae-hps	1
GCA_036504475_1	fdhA	1
GCA_036504475_1	fmdB	2
GCA_036504475_1	fmdC	1
GCA_036504475_1	folA	2
GCA_036504475_1	fpoA	1
GCA_036504475_1	fpoB	2
GCA_036504475_1	fpoC	5
GCA_036504475_1	fpoD	1
GCA_036504475_1	fpoF	1
GCA_036504475_1	fpoH	1
GCA_036504475_1	fpoI	1
GCA_036504475_1	fpoJ	2
GCA_036504475_1	fpoK	1
GCA_036504475_1	fpoL	1
GCA_036504475_1	fpoM	1
GCA_036504475_1	fpoN	1
GCA_036504475_1	fpoO	1
GCA_036504475_1	frhA	1
GCA_036504475_1	frhB	1
GCA_036504475_1	frhD	1
GCA_036504475_1	frhG	1
GCA_036504475_1	ftr	1
GCA_036504475_1	fwdB	1
GCA_036504475_1	fwdG	2
GCA_036504475_1	gfa	1
GCA_036504475_1	glyA	1
GCA_036504475_1	gpmI	3
GCA_036504475_1	hdrA1	2
GCA_036504475_1	hdrB1	1
GCA_036504475_1	hdrB2	1
GCA_036504475_1	hdrC1	1
GCA_036504475_1	hdrC2	2
GCA_036504475_1	hdrD	4
GCA_036504475_1	hdrE	1
GCA_036504475_1	hxlA	1
GCA_036504475_1	hxlB	1
GCA_036504475_1	mauC	2
GCA_036504475_1	mbhJ	2
GCA_036504475_1	mch	1
GCA_036504475_1	mcrA	1
GCA_036504475_1	mcrB	1
GCA_036504475_1	mcrC	1
GCA_036504475_1	mcrD	1
GCA_036504475_1	mcrG	1
GCA_036504475_1	mdh	1
GCA_036504475_1	mdh-K00024	1
GCA_036504475_1	mer	1
GCA_036504475_1	metF	1
GCA_036504475_1	mgsC	2
GCA_036504475_1	mtaA	4
GCA_036504475_1	mtaB	4
GCA_036504475_1	mtaC	2
GCA_036504475_1	mtbB	3
GCA_036504475_1	mtbC	2
GCA_036504475_1	mtd	1
GCA_036504475_1	mtdB	1
GCA_036504475_1	mtmB	4
GCA_036504475_1	mtmC	2
GCA_036504475_1	mtrA	4
GCA_036504475_1	mtrB	1
GCA_036504475_1	mtrC	1
GCA_036504475_1	mtrD	1
GCA_036504475_1	mtrE	1
GCA_036504475_1	mtrF	1
GCA_036504475_1	mtrG	1
GCA_036504475_1	mtrH	2
GCA_036504475_1	mtsA	1
GCA_036504475_1	mtsB	1
GCA_036504475_1	mttB	2
GCA_036504475_1	mttC	1
GCA_036504475_1	mvhA	1
GCA_036504475_1	mvhD	1
GCA_036504475_1	mxaF	1
GCA_036504475_1	narB	1
GCA_036504475_1	narH	2
GCA_036504475_1	pfkC	2
GCA_036504475_1	pfp	3
GCA_036504475_1	porA	3
GCA_036504475_1	porB	3
GCA_036504475_1	porD	1
GCA_036504475_1	porG	2
GCA_036504475_1	pps	4
GCA_036504475_1	pqqB	1
GCA_036504475_1	pqqE	8
GCA_036504475_1	pta	3
GCA_036504475_1	rnfB	3
GCA_036504475_1	rnfE	1
GCA_036504475_1	serA	3
GCA_036504475_1	serB	1
GCA_036504475_1	serC	1
GCA_036504475_1	vhcA	1
GCA_036504475_1	vhtG	2
GCA_036504475_1	xoxF5	2
GCA_036562265_1	acdA	13
GCA_036562265_1	ackA	4
GCA_036562265_1	acs	11
GCA_036562265_1	acsD	1
GCA_036562265_1	ehbB	1
GCA_036562265_1	ehbE	1
GCA_036562265_1	eno	1
GCA_036562265_1	fbaA	5
GCA_036562265_1	fbp	1
GCA_036562265_1	fdhA	3
GCA_036562265_1	fdhA-K00148	3
GCA_036562265_1	fdhB	3
GCA_036562265_1	fdhF	2
GCA_036562265_1	fdm	3
GCA_036562265_1	fdoG	1
GCA_036562265_1	fdoH	2
GCA_036562265_1	fdwB	1
GCA_036562265_1	folA	10
GCA_036562265_1	fpoB	1
GCA_036562265_1	fpoC	1
GCA_036562265_1	fpoH	1
GCA_036562265_1	fpoJ	1
GCA_036562265_1	fpoK	1
GCA_036562265_1	fpoL	1
GCA_036562265_1	fpoM	1
GCA_036562265_1	fpoN	2
GCA_036562265_1	frmA	3
GCA_036562265_1	gfa	2
GCA_036562265_1	glyA	5
GCA_036562265_1	gpmB	2
GCA_036562265_1	gpmI	3
GCA_036562265_1	hdrD	2
GCA_036562265_1	hprA	2
GCA_036562265_1	hxlB	1
GCA_036562265_1	mauC	5
GCA_036562265_1	mcl	3
GCA_036562265_1	mdh	2
GCA_036562265_1	mdh-K00024	3
GCA_036562265_1	metF	1
GCA_036562265_1	mgsA	1
GCA_036562265_1	mtkA	3
GCA_036562265_1	mtkB	3
GCA_036562265_1	mxaF	1
GCA_036562265_1	mxaL	1
GCA_036562265_1	narG	1
GCA_036562265_1	nirK	2
GCA_036562265_1	nrfA	2
GCA_036562265_1	nrfH	1
GCA_036562265_1	pfkA	2
GCA_036562265_1	pfkB	2
GCA_036562265_1	pfp	6
GCA_036562265_1	porA	2
GCA_036562265_1	porB	2
GCA_036562265_1	porD	1
GCA_036562265_1	pps	3
GCA_036562265_1	pqqB	1
GCA_036562265_1	pqqC	1
GCA_036562265_1	pqqE	5
GCA_036562265_1	pqqF	2
GCA_036562265_1	pta	4
GCA_036562265_1	rnfE	2
GCA_036562265_1	serA	6
GCA_036562265_1	serB	1
GCA_036562265_1	tmm	1
GCA_036562265_1	torA	1
GCA_036824335_1	acdA	1
GCA_036824335_1	ackA	2
GCA_036824335_1	acs	1
GCA_036824335_1	apgM	1
GCA_036824335_1	cooS	1
GCA_036824335_1	echB	1
GCA_036824335_1	echC	1
GCA_036824335_1	echE	1
GCA_036824335_1	ehbE	1
GCA_036824335_1	eno	2
GCA_036824335_1	fbaA	2
GCA_036824335_1	fchA	1
GCA_036824335_1	fdhA	2
GCA_036824335_1	fdhA-K00148	1
GCA_036824335_1	folA	5
GCA_036824335_1	fpoH	1
GCA_036824335_1	fpoL	1
GCA_036824335_1	frhD	1
GCA_036824335_1	frmA	1
GCA_036824335_1	glpX	2
GCA_036824335_1	glyA	3
GCA_036824335_1	hprA	1
GCA_036824335_1	hxlA	1
GCA_036824335_1	hxlB	3
GCA_036824335_1	mbhJ	1
GCA_036824335_1	mbhK	1
GCA_036824335_1	mbhL	2
GCA_036824335_1	mcl	1
GCA_036824335_1	metF	1
GCA_036824335_1	pfkA	1
GCA_036824335_1	pfp	4
GCA_036824335_1	porA	4
GCA_036824335_1	porB	2
GCA_036824335_1	porD	1
GCA_036824335_1	porG	4
GCA_036824335_1	pps	2
GCA_036824335_1	pqqE	3
GCA_036824335_1	pqqF	1
GCA_036824335_1	pta	3
GCA_036824335_1	rnfA	1
GCA_036824335_1	rnfB	5
GCA_036824335_1	rnfC	1
GCA_036824335_1	rnfD	1
GCA_036824335_1	rnfE	1
GCA_036824335_1	serA	2
GCA_036824335_1	serB	2
GCA_036824335_1	serC	1
GCA_037439705_1	acdA	13
GCA_037439705_1	acdB	1
GCA_037439705_1	ackA	1
GCA_037439705_1	acs	2
GCA_037439705_1	apgM	2
GCA_037439705_1	cooF	1
GCA_037439705_1	eno	1
GCA_037439705_1	fbaA	1
GCA_037439705_1	fbp	1
GCA_037439705_1	fdhA	1
GCA_037439705_1	fdhB	2
GCA_037439705_1	fdhF	1
GCA_037439705_1	fdoG	1
GCA_037439705_1	fdoI	1
GCA_037439705_1	folA	6
GCA_037439705_1	fpoA	1
GCA_037439705_1	fpoC	2
GCA_037439705_1	fpoH	1
GCA_037439705_1	fpoJ	2
GCA_037439705_1	fpoK	1
GCA_037439705_1	fpoL	4
GCA_037439705_1	fpoM	1
GCA_037439705_1	fpoN	3
GCA_037439705_1	frhD	1
GCA_037439705_1	frmA	2
GCA_037439705_1	glyA	4
GCA_037439705_1	hdrA2	2
GCA_037439705_1	hdrC2	1
GCA_037439705_1	hdrD	8
GCA_037439705_1	mauC	1
GCA_037439705_1	mcl	3
GCA_037439705_1	mdh	2
GCA_037439705_1	mdh-K00024	2
GCA_037439705_1	mtbA	1
GCA_037439705_1	mtkA	1
GCA_037439705_1	mtkB	1
GCA_037439705_1	mvhA	1
GCA_037439705_1	mvhD	1
GCA_037439705_1	mvhG	1
GCA_037439705_1	narH	1
GCA_037439705_1	pfkA	1
GCA_037439705_1	pfp	1
GCA_037439705_1	porA	2
GCA_037439705_1	porB	1
GCA_037439705_1	porD	1
GCA_037439705_1	porG	1
GCA_037439705_1	pps	2
GCA_037439705_1	pqqA	1
GCA_037439705_1	pqqE	3
GCA_037439705_1	pqqF	2
GCA_037439705_1	pta	8
GCA_037439705_1	rnfB	5
GCA_037439705_1	rnfG	1
GCA_037439705_1	serA	3
GCA_037439705_1	serB	3
GCA_037439705_1	torD	1
GCA_038061795_1	eno	1
GCA_038061795_1	fbaA	1
GCA_038061795_1	folA	4
GCA_038061795_1	frmA	1
GCA_038061795_1	glyA	1
GCA_038061795_1	gpmB	1
GCA_038061795_1	gpmI	1
GCA_038061795_1	pfp	1
GCA_038061795_1	pps	27
GCA_038061795_1	pqqF	1
GCA_038061795_1	pta	2
GCA_038061795_1	rnfE	1
GCA_038108555_1	acdA	1
GCA_038108555_1	ackA	5
GCA_038108555_1	acs	6
GCA_038108555_1	amoB	1
GCA_038108555_1	apgM	1
GCA_038108555_1	cooF	3
GCA_038108555_1	eno	3
GCA_038108555_1	fae-hps	1
GCA_038108555_1	fbp	1
GCA_038108555_1	fdhA	2
GCA_038108555_1	fdhA-K00148	1
GCA_038108555_1	fdoG	2
GCA_038108555_1	folA	5
GCA_038108555_1	fpoA	1
GCA_038108555_1	fpoB	1
GCA_038108555_1	fpoC	1
GCA_038108555_1	fpoD	1
GCA_038108555_1	fpoH	1
GCA_038108555_1	fpoJ	1
GCA_038108555_1	fpoK	1
GCA_038108555_1	fpoL	2
GCA_038108555_1	fpoM	2
GCA_038108555_1	fpoN	2
GCA_038108555_1	frmA	4
GCA_038108555_1	gfa	1
GCA_038108555_1	glyA	5
GCA_038108555_1	hdrB2	1
GCA_038108555_1	hdrD	1
GCA_038108555_1	hprA	1
GCA_038108555_1	hxlB	1
GCA_038108555_1	mauC	1
GCA_038108555_1	mauD	1
GCA_038108555_1	mdh-K00024	2
GCA_038108555_1	metF	1
GCA_038108555_1	mgsC	1
GCA_038108555_1	mmoC	1
GCA_038108555_1	mtaA	1
GCA_038108555_1	mtkB	1
GCA_038108555_1	mttC	1
GCA_038108555_1	mvhA	1
GCA_038108555_1	mxaC	1
GCA_038108555_1	narB	1
GCA_038108555_1	narH	1
GCA_038108555_1	nirK	3
GCA_038108555_1	nxrA	1
GCA_038108555_1	pfkA	1
GCA_038108555_1	pfp	3
GCA_038108555_1	porA	4
GCA_038108555_1	porB	3
GCA_038108555_1	porG	3
GCA_038108555_1	pps	1
GCA_038108555_1	pqqA	1
GCA_038108555_1	pqqE	3
GCA_038108555_1	pqqF	2
GCA_038108555_1	pta	4
GCA_038108555_1	rnfA	1
GCA_038108555_1	rnfB	3
GCA_038108555_1	rnfE	1
GCA_038108555_1	serA	5
GCA_038108555_1	serB	3
GCA_038108555_1	serC	2
GCA_038108555_1	vhuG	1
GCA_038825355_1	acdA	1
GCA_038825355_1	acs	1
GCA_038825355_1	apgM	2
GCA_038825355_1	cdhA	1
GCA_038825355_1	cdhB	1
GCA_038825355_1	cdhC	2
GCA_038825355_1	cdhD	2
GCA_038825355_1	cdhE	2
GCA_038825355_1	echE	1
GCA_038825355_1	ehbE	1
GCA_038825355_1	eno	2
GCA_038825355_1	fae-hps	3
GCA_038825355_1	fbaA	6
GCA_038825355_1	fdhA	1
GCA_038825355_1	fdhA-K00148	5
GCA_038825355_1	folA	2
GCA_038825355_1	fpoC	2
GCA_038825355_1	fpoH	1
GCA_038825355_1	fpoI	1
GCA_038825355_1	fpoL	1
GCA_038825355_1	fpoN	1
GCA_038825355_1	frmA	2
GCA_038825355_1	ftr	2
GCA_038825355_1	fwdB	2
GCA_038825355_1	fwdG	1
GCA_038825355_1	gck	1
GCA_038825355_1	glyA	2
GCA_038825355_1	hprA	6
GCA_038825355_1	hxlA	1
GCA_038825355_1	hxlB	1
GCA_038825355_1	mbhJ	1
GCA_038825355_1	mbhK	1
GCA_038825355_1	mch	2
GCA_038825355_1	mdh	1
GCA_038825355_1	mdh-K00024	1
GCA_038825355_1	mer	7
GCA_038825355_1	mmoC	1
GCA_038825355_1	mtbC	7
GCA_038825355_1	mtd	1
GCA_038825355_1	mtkB	1
GCA_038825355_1	mtrA	2
GCA_038825355_1	mtrH	1
GCA_038825355_1	mttB	2
GCA_038825355_1	mttC	1
GCA_038825355_1	mvhA	1
GCA_038825355_1	napH	1
GCA_038825355_1	narB	2
GCA_038825355_1	pfkA	1
GCA_038825355_1	pfkB	3
GCA_038825355_1	pfkC	1
GCA_038825355_1	pfp	2
GCA_038825355_1	porA	1
GCA_038825355_1	porB	1
GCA_038825355_1	porD	1
GCA_038825355_1	porG	1
GCA_038825355_1	pps	2
GCA_038825355_1	pqqE	2
GCA_038825355_1	pta	3
GCA_038825355_1	rnfB	3
GCA_038825355_1	rnfE	1
GCA_038825355_1	serA	4
GCA_038825355_1	serB	2
GCA_038825355_1	torZ	1
GCA_038825355_1	vhcG	1
GCA_038890115_1	eno	1
GCA_038890115_1	fbaA	1
GCA_038890115_1	folA	1
GCA_038890115_1	fpoC	1
GCA_038890115_1	gpmI	2
GCA_038890115_1	hprA	1
GCA_038890115_1	mauC	1
GCA_038890115_1	mmoC	1
GCA_038890115_1	pfkB	1
GCA_038890115_1	pps	1
GCA_038890115_1	rnfB	1
GCA_038890115_1	rnfE	2
GCA_038999215_1	apgM	1
GCA_038999215_1	eno	1
GCA_038999215_1	fpoB	1
GCA_038999215_1	fpoC	1
GCA_038999215_1	gfa	1
GCA_038999215_1	pps	1
GCA_038999215_1	pqqE	1
GCA_038999215_1	rnfE	1
GCA_038999215_1	serB	1
GCA_039630415_1	acdA	2
GCA_039630415_1	ackA	1
GCA_039630415_1	acs	3
GCA_039630415_1	acsD	1
GCA_039630415_1	apgM	1
GCA_039630415_1	eno	1
GCA_039630415_1	fbaA	1
GCA_039630415_1	fbaB	1
GCA_039630415_1	fbp	1
GCA_039630415_1	fdhA	1
GCA_039630415_1	folA	3
GCA_039630415_1	fpoA	1
GCA_039630415_1	fpoB	1
GCA_039630415_1	fpoC	1
GCA_039630415_1	fpoD	1
GCA_039630415_1	fpoH	1
GCA_039630415_1	fpoJ	1
GCA_039630415_1	fpoK	1
GCA_039630415_1	fpoL	1
GCA_039630415_1	fpoM	1
GCA_039630415_1	gck	1
GCA_039630415_1	gfa	2
GCA_039630415_1	glyA	2
GCA_039630415_1	gpmI	1
GCA_039630415_1	hdrA2	2
GCA_039630415_1	hdrD	1
GCA_039630415_1	mdh-K00024	3
GCA_039630415_1	mtbC	1
GCA_039630415_1	mtkA	1
GCA_039630415_1	mtkB	1
GCA_039630415_1	pfkA	1
GCA_039630415_1	pfp	2
GCA_039630415_1	porA	3
GCA_039630415_1	porB	2
GCA_039630415_1	porD	1
GCA_039630415_1	porG	1
GCA_039630415_1	pps	1
GCA_039630415_1	pqqE	1
GCA_039630415_1	pqqF	1
GCA_039630415_1	pta	2
GCA_039630415_1	serA	1
GCA_039630415_1	serB	1
GCA_039679445_1	acs	2
GCA_039679445_1	apgM	1
GCA_039679445_1	cooF	2
GCA_039679445_1	cooS	1
GCA_039679445_1	ehbA	1
GCA_039679445_1	ehbB	1
GCA_039679445_1	ehbC	1
GCA_039679445_1	ehbD	1
GCA_039679445_1	ehbE	1
GCA_039679445_1	ehbF	2
GCA_039679445_1	ehbI	1
GCA_039679445_1	ehbK	2
GCA_039679445_1	ehbL	1
GCA_039679445_1	ehbO	1
GCA_039679445_1	ehbP	1
GCA_039679445_1	eno	3
GCA_039679445_1	fbp	1
GCA_039679445_1	folA	2
GCA_039679445_1	fpoC	2
GCA_039679445_1	fpoF	1
GCA_039679445_1	frhA	1
GCA_039679445_1	frhB	1
GCA_039679445_1	frhD	1
GCA_039679445_1	frmA	3
GCA_039679445_1	glyA	1
GCA_039679445_1	hdrA1	1
GCA_039679445_1	hdrA2	2
GCA_039679445_1	hdrC2	2
GCA_039679445_1	hdrD	1
GCA_039679445_1	hxlA	1
GCA_039679445_1	hxlB	1
GCA_039679445_1	mbhJ	1
GCA_039679445_1	mcl	1
GCA_039679445_1	mcrA	1
GCA_039679445_1	mcrB	1
GCA_039679445_1	mcrC	1
GCA_039679445_1	mcrD	1
GCA_039679445_1	mcrG	1
GCA_039679445_1	mtaA	1
GCA_039679445_1	mtkA	1
GCA_039679445_1	mtsA	2
GCA_039679445_1	mttC	1
GCA_039679445_1	mvhA	1
GCA_039679445_1	mvhD	1
GCA_039679445_1	mvhG	1
GCA_039679445_1	napH	1
GCA_039679445_1	narB	2
GCA_039679445_1	pfkB	1
GCA_039679445_1	pfp	1
GCA_039679445_1	porA	2
GCA_039679445_1	porB	2
GCA_039679445_1	porD	1
GCA_039679445_1	porG	2
GCA_039679445_1	pps	2
GCA_039679445_1	pqqE	2
GCA_039679445_1	pta	1
GCA_039679445_1	rnfC	1
GCA_039679445_1	serA	2
GCA_039679445_1	serB	1
GCA_039679445_1	vhcD	1
GCA_039683515_1	ackA	2
GCA_039683515_1	acs	1
GCA_039683515_1	apgM	2
GCA_039683515_1	cooF	1
GCA_039683515_1	echB	1
GCA_039683515_1	eno	4
GCA_039683515_1	fbaA	2
GCA_039683515_1	fdhA	1
GCA_039683515_1	fdhA-K00148	1
GCA_039683515_1	fdhB	1
GCA_039683515_1	fdwB	1
GCA_039683515_1	fghA	1
GCA_039683515_1	folA	6
GCA_039683515_1	fpoB	3
GCA_039683515_1	fpoC	1
GCA_039683515_1	fpoD	2
GCA_039683515_1	fpoH	2
GCA_039683515_1	fpoJ	1
GCA_039683515_1	fpoK	2
GCA_039683515_1	fpoL	1
GCA_039683515_1	fpoM	3
GCA_039683515_1	fpoN	2
GCA_039683515_1	frmA	4
GCA_039683515_1	gfa	1
GCA_039683515_1	glpX	2
GCA_039683515_1	glyA	6
GCA_039683515_1	gpmB	1
GCA_039683515_1	gpmI	1
GCA_039683515_1	hdrA2	1
GCA_039683515_1	hdrB2	1
GCA_039683515_1	hdrC2	1
GCA_039683515_1	hprA	2
GCA_039683515_1	hxlA	1
GCA_039683515_1	mauC	2
GCA_039683515_1	mbhJ	1
GCA_039683515_1	mcl	1
GCA_039683515_1	mdh	2
GCA_039683515_1	mdh-K00024	5
GCA_039683515_1	metF	2
GCA_039683515_1	mtaA	1
GCA_039683515_1	mtbA	1
GCA_039683515_1	mtkB	1
GCA_039683515_1	mvhD	2
GCA_039683515_1	mxaC	1
GCA_039683515_1	pfkA	3
GCA_039683515_1	pfkB	1
GCA_039683515_1	pfp	4
GCA_039683515_1	porA	2
GCA_039683515_1	porB	1
GCA_039683515_1	porG	1
GCA_039683515_1	pqqB	1
GCA_039683515_1	pqqE	4
GCA_039683515_1	pqqF	2
GCA_039683515_1	pta	3
GCA_039683515_1	rnfB	1
GCA_039683515_1	rnfE	1
GCA_039683515_1	serA	2
GCA_039683515_1	serC	1
GCA_040225955_1	acs	1
GCA_040225955_1	apgM	1
GCA_040225955_1	cooF	2
GCA_040225955_1	cooS	1
GCA_040225955_1	echB	1
GCA_040225955_1	echE	2
GCA_040225955_1	eno	2
GCA_040225955_1	fbp	1
GCA_040225955_1	fdhA	2
GCA_040225955_1	fdhA-K00148	1
GCA_040225955_1	fdhB	2
GCA_040225955_1	fdoH	1
GCA_040225955_1	folA	2
GCA_040225955_1	fpoB	3
GCA_040225955_1	fpoC	4
GCA_040225955_1	fpoI	1
GCA_040225955_1	fpoK	1
GCA_040225955_1	fpoL	4
GCA_040225955_1	fpoM	2
GCA_040225955_1	fpoN	1
GCA_040225955_1	frhD	1
GCA_040225955_1	frmA	1
GCA_040225955_1	gck	1
GCA_040225955_1	glyA	2
GCA_040225955_1	hdrA1	1
GCA_040225955_1	hdrA2	2
GCA_040225955_1	hdrB1	3
GCA_040225955_1	hdrC1	1
GCA_040225955_1	hdrC2	2
GCA_040225955_1	hdrD	3
GCA_040225955_1	hxlB	3
GCA_040225955_1	mbhJ	4
GCA_040225955_1	mbhK	1
GCA_040225955_1	mbhL	1
GCA_040225955_1	mch	1
GCA_040225955_1	mdh-K00024	2
GCA_040225955_1	mer	6
GCA_040225955_1	mgsC	1
GCA_040225955_1	mtaA	1
GCA_040225955_1	mtkA	1
GCA_040225955_1	mtkB	4
GCA_040225955_1	mtmB	3
GCA_040225955_1	mtrH	1
GCA_040225955_1	mttB	1
GCA_040225955_1	mttC	1
GCA_040225955_1	mvhA	1
GCA_040225955_1	mvhD	1
GCA_040225955_1	mvhG	1
GCA_040225955_1	narB	1
GCA_040225955_1	pfkB	1
GCA_040225955_1	pfkC	1
GCA_040225955_1	pfp	1
GCA_040225955_1	porA	2
GCA_040225955_1	porB	3
GCA_040225955_1	porD	1
GCA_040225955_1	porG	5
GCA_040225955_1	pps	1
GCA_040225955_1	pqqE	3
GCA_040225955_1	pta	2
GCA_040225955_1	rnfB	1
GCA_040225955_1	serA	2
GCA_040225955_1	serB	1
GCA_040386775_1	acdA	6
GCA_040386775_1	ackA	1
GCA_040386775_1	acs	2
GCA_040386775_1	eno	2
GCA_040386775_1	fbaB	1
GCA_040386775_1	fdhA	1
GCA_040386775_1	fdhB	1
GCA_040386775_1	fdwB	2
GCA_040386775_1	folA	5
GCA_040386775_1	fpoA	1
GCA_040386775_1	fpoB	4
GCA_040386775_1	fpoJ	1
GCA_040386775_1	fpoK	1
GCA_040386775_1	fpoL	1
GCA_040386775_1	fpoM	1
GCA_040386775_1	frmA	2
GCA_040386775_1	glpX	1
GCA_040386775_1	glyA	3
GCA_040386775_1	gpmB	1
GCA_040386775_1	gpmI	1
GCA_040386775_1	hxlB	1
GCA_040386775_1	mcl	2
GCA_040386775_1	mdh-K00024	1
GCA_040386775_1	metF	1
GCA_040386775_1	mgsC	1
GCA_040386775_1	mtkB	1
GCA_040386775_1	mxaG	1
GCA_040386775_1	pfkA	1
GCA_040386775_1	pfp	1
GCA_040386775_1	pps	1
GCA_040386775_1	pqqC	1
GCA_040386775_1	pqqF	2
GCA_040386775_1	pta	4
GCA_040386775_1	rnfE	1
GCA_040386775_1	serA	4
GCA_040752395_1	acdA	2
GCA_040752395_1	ackA	3
GCA_040752395_1	acsD	1
GCA_040752395_1	apgM	1
GCA_040752395_1	eno	3
GCA_040752395_1	fbaA	1
GCA_040752395_1	fdhF	1
GCA_040752395_1	folA	3
GCA_040752395_1	fpoA	2
GCA_040752395_1	fpoB	2
GCA_040752395_1	fpoC	2
GCA_040752395_1	fpoH	2
GCA_040752395_1	fpoJ	2
GCA_040752395_1	fpoK	2
GCA_040752395_1	fpoL	2
GCA_040752395_1	fpoM	2
GCA_040752395_1	fpoN	2
GCA_040752395_1	frhD	1
GCA_040752395_1	frmA	2
GCA_040752395_1	glyA	4
GCA_040752395_1	gpmI	3
GCA_040752395_1	hdrA1	1
GCA_040752395_1	hdrA2	2
GCA_040752395_1	hdrC2	1
GCA_040752395_1	hdrD	1
GCA_040752395_1	hprA	1
GCA_040752395_1	hxlB	2
GCA_040752395_1	mcl	1
GCA_040752395_1	mdh-K00024	3
GCA_040752395_1	mgsC	1
GCA_040752395_1	mtkA	1
GCA_040752395_1	mtkB	1
GCA_040752395_1	mvhA	1
GCA_040752395_1	mxaC	1
GCA_040752395_1	narB	1
GCA_040752395_1	pfkA	1
GCA_040752395_1	pfp	4
GCA_040752395_1	porA	1
GCA_040752395_1	porD	1
GCA_040752395_1	pps	1
GCA_040752395_1	pqqE	9
GCA_040752395_1	pqqF	1
GCA_040752395_1	pta	3
GCA_040752395_1	rnfB	4
GCA_040752395_1	rnfC	1
GCA_040752395_1	serA	2
GCA_040752395_1	serB	1
GCA_040752395_1	serC	1
GCA_040755155_1	acdA	1
GCA_040755155_1	ackA	3
GCA_040755155_1	acs	15
GCA_040755155_1	apgM	1
GCA_040755155_1	cooF	4
GCA_040755155_1	cooS	1
GCA_040755155_1	eno	3
GCA_040755155_1	fbaA	3
GCA_040755155_1	fdhA	2
GCA_040755155_1	fdhA-K00148	2
GCA_040755155_1	fdhB	4
GCA_040755155_1	fdm	1
GCA_040755155_1	fdoH	1
GCA_040755155_1	fdoI	2
GCA_040755155_1	fdwB	1
GCA_040755155_1	folA	4
GCA_040755155_1	fpoB	3
GCA_040755155_1	fpoC	1
GCA_040755155_1	fpoD	1
GCA_040755155_1	fpoH	3
GCA_040755155_1	fpoJ	2
GCA_040755155_1	fpoK	2
GCA_040755155_1	fpoL	2
GCA_040755155_1	fpoM	2
GCA_040755155_1	fpoN	1
GCA_040755155_1	frhD	1
GCA_040755155_1	frmA	6
GCA_040755155_1	gfa	1
GCA_040755155_1	glyA	12
GCA_040755155_1	gpmB	1
GCA_040755155_1	hdrA1	2
GCA_040755155_1	hdrA2	3
GCA_040755155_1	hdrB1	1
GCA_040755155_1	hdrC2	2
GCA_040755155_1	hdrD	9
GCA_040755155_1	hprA	3
GCA_040755155_1	hxlB	2
GCA_040755155_1	mauC	1
GCA_040755155_1	mauE	1
GCA_040755155_1	mbhJ	2
GCA_040755155_1	mdh	3
GCA_040755155_1	mdh-K00024	2
GCA_040755155_1	mgsC	1
GCA_040755155_1	mtaA	3
GCA_040755155_1	mtaB	1
GCA_040755155_1	mtbA	2
GCA_040755155_1	mtbC	5
GCA_040755155_1	mtkA	1
GCA_040755155_1	mtkB	1
GCA_040755155_1	mvhA	2
GCA_040755155_1	mvhG	2
GCA_040755155_1	mxaC	1
GCA_040755155_1	mxaF	2
GCA_040755155_1	napH	2
GCA_040755155_1	narG	1
GCA_040755155_1	nirK	1
GCA_040755155_1	pfkA	1
GCA_040755155_1	pfkB	2
GCA_040755155_1	pfkC	1
GCA_040755155_1	pfp	3
GCA_040755155_1	porA	2
GCA_040755155_1	porG	1
GCA_040755155_1	pps	2
GCA_040755155_1	pqqA	1
GCA_040755155_1	pqqE	4
GCA_040755155_1	pta	3
GCA_040755155_1	rnfB	2
GCA_040755155_1	rnfC	1
GCA_040755155_1	rnfE	1
GCA_040755155_1	serA	2
GCA_040755155_1	serB	2
GCA_040755155_1	serC	1
GCA_040755155_1	vhcD	1
GCA_040755155_1	vhtG	1
GCA_040755155_1	xoxF1	1
GCA_040755155_1	xoxF5	2
GCA_040755795_1	acdA	4
GCA_040755795_1	acs	5
GCA_040755795_1	acsC	2
GCA_040755795_1	acsD	1
GCA_040755795_1	apgM	1
GCA_040755795_1	cdhC	1
GCA_040755795_1	cooF	1
GCA_040755795_1	cooS	3
GCA_040755795_1	eno	4
GCA_040755795_1	fae-hps	1
GCA_040755795_1	fbaA	3
GCA_040755795_1	fdhA	1
GCA_040755795_1	fdhA-K00148	2
GCA_040755795_1	fdoH	1
GCA_040755795_1	folA	5
GCA_040755795_1	fpoA	1
GCA_040755795_1	fpoB	1
GCA_040755795_1	fpoH	1
GCA_040755795_1	fpoJ	1
GCA_040755795_1	fpoK	1
GCA_040755795_1	fpoL	1
GCA_040755795_1	fpoM	1
GCA_040755795_1	fpoN	1
GCA_040755795_1	frhD	2
GCA_040755795_1	frmA	2
GCA_040755795_1	glpX	1
GCA_040755795_1	glyA	5
GCA_040755795_1	gpmB	1
GCA_040755795_1	gpmI	1
GCA_040755795_1	hdrA2	4
GCA_040755795_1	hdrB1	1
GCA_040755795_1	hdrB2	1
GCA_040755795_1	hdrC2	1
GCA_040755795_1	hdrD	1
GCA_040755795_1	hxlA	1
GCA_040755795_1	mdh	1
GCA_040755795_1	mdh-K00024	2
GCA_040755795_1	mgsC	1
GCA_040755795_1	mvhA	1
GCA_040755795_1	mvhD	1
GCA_040755795_1	mvhG	1
GCA_040755795_1	mxaC	1
GCA_040755795_1	nirK	1
GCA_040755795_1	pfkA	1
GCA_040755795_1	pfp	3
GCA_040755795_1	porA	2
GCA_040755795_1	porB	1
GCA_040755795_1	porD	2
GCA_040755795_1	porG	2
GCA_040755795_1	pps	3
GCA_040755795_1	pqqE	14
GCA_040755795_1	pqqF	2
GCA_040755795_1	rnfA	1
GCA_040755795_1	rnfB	4
GCA_040755795_1	rnfC	2
GCA_040755795_1	rnfD	1
GCA_040755795_1	rnfE	1
GCA_040755795_1	rnfG	1
GCA_040755795_1	serA	4
GCA_040755795_1	serB	3
GCA_040755795_1	serC	1
GCA_040755795_1	torZ	1
GCA_040755795_1	vhuD	2
GCA_040757115_1	acdA	2
GCA_040757115_1	ackA	1
GCA_040757115_1	acs	3
GCA_040757115_1	acsC	1
GCA_040757115_1	acsD	2
GCA_040757115_1	apgM	1
GCA_040757115_1	cdhC	1
GCA_040757115_1	cooF	1
GCA_040757115_1	cooS	3
GCA_040757115_1	eno	4
GCA_040757115_1	fae-hps	1
GCA_040757115_1	fbaA	3
GCA_040757115_1	fdhA	2
GCA_040757115_1	fdhA-K00148	1
GCA_040757115_1	fdoH	1
GCA_040757115_1	folA	4
GCA_040757115_1	fpoA	1
GCA_040757115_1	fpoB	1
GCA_040757115_1	fpoH	1
GCA_040757115_1	fpoJ	1
GCA_040757115_1	fpoK	1
GCA_040757115_1	fpoL	1
GCA_040757115_1	fpoM	1
GCA_040757115_1	fpoN	1
GCA_040757115_1	frhD	2
GCA_040757115_1	frmA	2
GCA_040757115_1	glpX	1
GCA_040757115_1	glyA	4
GCA_040757115_1	gpmB	1
GCA_040757115_1	gpmI	1
GCA_040757115_1	hdrA1	1
GCA_040757115_1	hdrA2	8
GCA_040757115_1	hdrB1	1
GCA_040757115_1	hdrB2	1
GCA_040757115_1	hdrC2	3
GCA_040757115_1	hdrD	1
GCA_040757115_1	hxlA	1
GCA_040757115_1	hxlB	1
GCA_040757115_1	mdh	1
GCA_040757115_1	mdh-K00024	2
GCA_040757115_1	mvhA	1
GCA_040757115_1	mvhD	2
GCA_040757115_1	mvhG	1
GCA_040757115_1	mxaC	1
GCA_040757115_1	pfkA	1
GCA_040757115_1	pfp	4
GCA_040757115_1	porA	2
GCA_040757115_1	porB	1
GCA_040757115_1	porD	2
GCA_040757115_1	porG	2
GCA_040757115_1	pps	4
GCA_040757115_1	pqqE	7
GCA_040757115_1	pqqF	2
GCA_040757115_1	pta	1
GCA_040757115_1	rnfA	1
GCA_040757115_1	rnfB	6
GCA_040757115_1	rnfC	2
GCA_040757115_1	rnfD	1
GCA_040757115_1	rnfE	1
GCA_040757115_1	rnfG	1
GCA_040757115_1	serA	5
GCA_040757115_1	serB	2
GCA_040757115_1	serC	1
GCA_040757115_1	torZ	1
GCA_040757115_1	vhuD	3
GCA_040772385_1	acdA	1
GCA_040772385_1	ackA	3
GCA_040772385_1	acs	4
GCA_040772385_1	acsD	1
GCA_040772385_1	apgM	1
GCA_040772385_1	cooF	2
GCA_040772385_1	cooS	1
GCA_040772385_1	ehbD	1
GCA_040772385_1	ehbE	2
GCA_040772385_1	ehbH	3
GCA_040772385_1	ehbI	2
GCA_040772385_1	eno	3
GCA_040772385_1	fae-hps	1
GCA_040772385_1	fbaA	7
GCA_040772385_1	fbp	1
GCA_040772385_1	fchA	1
GCA_040772385_1	fdhA	6
GCA_040772385_1	fdhA-K00148	10
GCA_040772385_1	fdhF	2
GCA_040772385_1	fdm	3
GCA_040772385_1	folA	6
GCA_040772385_1	fpoB	2
GCA_040772385_1	fpoL	3
GCA_040772385_1	frmA	5
GCA_040772385_1	gck	1
GCA_040772385_1	gfa	1
GCA_040772385_1	glyA	13
GCA_040772385_1	gpmB	2
GCA_040772385_1	gpmI	1
GCA_040772385_1	hdrA2	3
GCA_040772385_1	hdrC1	1
GCA_040772385_1	hdrD	1
GCA_040772385_1	hprA	4
GCA_040772385_1	hxlA	3
GCA_040772385_1	hxlB	8
GCA_040772385_1	mauC	2
GCA_040772385_1	mcl	1
GCA_040772385_1	mdh	5
GCA_040772385_1	mdh-K00024	6
GCA_040772385_1	metF	1
GCA_040772385_1	mmoC	1
GCA_040772385_1	mtaA	1
GCA_040772385_1	mtbA	1
GCA_040772385_1	mtbC	7
GCA_040772385_1	mtkA	1
GCA_040772385_1	mtkB	2
GCA_040772385_1	mtsA	1
GCA_040772385_1	mvhD	2
GCA_040772385_1	napH	2
GCA_040772385_1	narB	2
GCA_040772385_1	nirK	1
GCA_040772385_1	pfkA	4
GCA_040772385_1	pfkB	4
GCA_040772385_1	pfkC	1
GCA_040772385_1	pfp	10
GCA_040772385_1	porA	4
GCA_040772385_1	porB	3
GCA_040772385_1	porD	2
GCA_040772385_1	porG	4
GCA_040772385_1	pps	2
GCA_040772385_1	pqqE	11
GCA_040772385_1	pqqF	2
GCA_040772385_1	pta	8
GCA_040772385_1	rnfA	1
GCA_040772385_1	rnfB	6
GCA_040772385_1	rnfC	2
GCA_040772385_1	rnfD	1
GCA_040772385_1	rnfE	2
GCA_040772385_1	rnfG	2
GCA_040772385_1	serA	7
GCA_040772385_1	serB	1
GCA_040772385_1	serC	1
GCA_040772385_1	torA	1
GCA_040772385_1	torZ	1
GCA_041306075_1	acs	1
GCA_041306075_1	acsC	1
GCA_041306075_1	acsD	1
GCA_041306075_1	apgM	1
GCA_041306075_1	ehbA	1
GCA_041306075_1	ehbC	1
GCA_041306075_1	ehbD	1
GCA_041306075_1	ehbE	1
GCA_041306075_1	ehbF	1
GCA_041306075_1	ehbI	1
GCA_041306075_1	ehbM	1
GCA_041306075_1	ehbN	1
GCA_041306075_1	ehbO	1
GCA_041306075_1	eno	3
GCA_041306075_1	fae-hps	1
GCA_041306075_1	fbaA	1
GCA_041306075_1	fbp	1
GCA_041306075_1	fdhA-K00148	1
GCA_041306075_1	fdm	1
GCA_041306075_1	folA	3
GCA_041306075_1	fpoB	1
GCA_041306075_1	fpoC	2
GCA_041306075_1	frhD	1
GCA_041306075_1	frmA	2
GCA_041306075_1	glyA	3
GCA_041306075_1	gpmI	1
GCA_041306075_1	mbhJ	1
GCA_041306075_1	mdh	1
GCA_041306075_1	mgsA	1
GCA_041306075_1	mgsC	1
GCA_041306075_1	mtkB	1
GCA_041306075_1	mtrA	2
GCA_041306075_1	mtrH	1
GCA_041306075_1	napH	1
GCA_041306075_1	pfkA	1
GCA_041306075_1	pfkB	1
GCA_041306075_1	pfp	4
GCA_041306075_1	porA	1
GCA_041306075_1	porB	1
GCA_041306075_1	porD	2
GCA_041306075_1	porG	1
GCA_041306075_1	pps	3
GCA_041306075_1	pqqE	5
GCA_041306075_1	pta	1
GCA_041306075_1	rnfB	1
GCA_041306075_1	rnfE	1
GCA_041306075_1	serA	2
GCA_041306075_1	serB	1
GCA_041306075_1	serC	1
GCA_041306075_1	vhcA	1
GCA_041306075_1	vhcG	1
GCA_041393395_1	acdA	7
GCA_041393395_1	ackA	1
GCA_041393395_1	acs	8
GCA_041393395_1	apgM	1
GCA_041393395_1	cooF	2
GCA_041393395_1	cytC	1
GCA_041393395_1	eno	3
GCA_041393395_1	fae-hps	1
GCA_041393395_1	fbaA	2
GCA_041393395_1	fbaB	1
GCA_041393395_1	fbp	1
GCA_041393395_1	fchA	1
GCA_041393395_1	fdhA	1
GCA_041393395_1	fdhB	1
GCA_041393395_1	fdoG	1
GCA_041393395_1	fdoH	1
GCA_041393395_1	fdoI	2
GCA_041393395_1	fdwB	1
GCA_041393395_1	folA	5
GCA_041393395_1	fpoA	1
GCA_041393395_1	fpoB	4
GCA_041393395_1	fpoH	1
GCA_041393395_1	fpoJ	1
GCA_041393395_1	fpoK	1
GCA_041393395_1	fpoL	1
GCA_041393395_1	fpoN	1
GCA_041393395_1	frmA	2
GCA_041393395_1	gfa	1
GCA_041393395_1	glyA	5
GCA_041393395_1	gpmB	1
GCA_041393395_1	gpmI	7
GCA_041393395_1	hdrA1	1
GCA_041393395_1	hxlB	1
GCA_041393395_1	mauC	4
GCA_041393395_1	mcl	2
GCA_041393395_1	mdh-K00024	1
GCA_041393395_1	metF	2
GCA_041393395_1	mmoC	2
GCA_041393395_1	mtbC	1
GCA_041393395_1	mtkA	1
GCA_041393395_1	mtkB	2
GCA_041393395_1	mxaC	1
GCA_041393395_1	napH	1
GCA_041393395_1	narB	1
GCA_041393395_1	pfkA	3
GCA_041393395_1	pfkB	1
GCA_041393395_1	pfp	1
GCA_041393395_1	porA	5
GCA_041393395_1	porB	1
GCA_041393395_1	porG	1
GCA_041393395_1	ppc	1
GCA_041393395_1	pps	3
GCA_041393395_1	pqqB	1
GCA_041393395_1	pqqE	2
GCA_041393395_1	pqqF	2
GCA_041393395_1	pta	3
GCA_041393395_1	rnfA	2
GCA_041393395_1	rnfB	2
GCA_041393395_1	rnfC	2
GCA_041393395_1	rnfD	2
GCA_041393395_1	rnfE	2
GCA_041393395_1	rnfG	3
GCA_041393395_1	serA	3
GCA_041393395_1	serB	2
GCA_041393395_1	serC	1
GCA_041393395_1	thrH	1
GCA_041483475_1	acdA	1
GCA_041483475_1	ackA	2
GCA_041483475_1	acs	2
GCA_041483475_1	echB	1
GCA_041483475_1	eno	2
GCA_041483475_1	fbaA	1
GCA_041483475_1	fdhB	2
GCA_041483475_1	fdhF	1
GCA_041483475_1	fdwB	1
GCA_041483475_1	folA	6
GCA_041483475_1	fpoA	1
GCA_041483475_1	fpoB	6
GCA_041483475_1	fpoC	1
GCA_041483475_1	fpoD	2
GCA_041483475_1	fpoJ	2
GCA_041483475_1	fpoK	2
GCA_041483475_1	fpoL	2
GCA_041483475_1	fpoM	1
GCA_041483475_1	fpoN	2
GCA_041483475_1	frmA	3
GCA_041483475_1	gck	1
GCA_041483475_1	glyA	6
GCA_041483475_1	gpmI	3
GCA_041483475_1	hprA	2
GCA_041483475_1	hxlA	1
GCA_041483475_1	mauC	3
GCA_041483475_1	mbhJ	1
GCA_041483475_1	mdh-K00024	2
GCA_041483475_1	metF	1
GCA_041483475_1	mgsC	1
GCA_041483475_1	mtkA	1
GCA_041483475_1	narB	3
GCA_041483475_1	nirK	2
GCA_041483475_1	pfp	2
GCA_041483475_1	pps	1
GCA_041483475_1	pqqE	1
GCA_041483475_1	pqqF	2
GCA_041483475_1	pta	2
GCA_041483475_1	serA	4
GCA_041483475_1	serB	4
GCA_041483475_1	serC	1
GCA_041483475_1	thrH	1
GCA_041486365_1	acdA	27
GCA_041486365_1	acdB	1
GCA_041486365_1	ackA	2
GCA_041486365_1	acs	6
GCA_041486365_1	apgM	1
GCA_041486365_1	cooF	1
GCA_041486365_1	dcmA	3
GCA_041486365_1	echB	1
GCA_041486365_1	eno	3
GCA_041486365_1	fbaA	2
GCA_041486365_1	fdhA	1
GCA_041486365_1	fdhA-K00148	2
GCA_041486365_1	fdhF	1
GCA_041486365_1	fdwB	2
GCA_041486365_1	folA	4
GCA_041486365_1	fpoB	2
GCA_041486365_1	fpoD	1
GCA_041486365_1	fpoH	1
GCA_041486365_1	fpoK	1
GCA_041486365_1	fpoM	2
GCA_041486365_1	fpoN	1
GCA_041486365_1	frmA	5
GCA_041486365_1	gck	1
GCA_041486365_1	glpX	2
GCA_041486365_1	glyA	6
GCA_041486365_1	gpmB	1
GCA_041486365_1	gpmI	1
GCA_041486365_1	hdrD	1
GCA_041486365_1	mauC	3
GCA_041486365_1	mbhJ	1
GCA_041486365_1	mcl	3
GCA_041486365_1	mdh-K00024	4
GCA_041486365_1	mer	6
GCA_041486365_1	metF	1
GCA_041486365_1	mgsC	1
GCA_041486365_1	mtkA	1
GCA_041486365_1	mtkB	2
GCA_041486365_1	mvhA	1
GCA_041486365_1	narG	3
GCA_041486365_1	narH	1
GCA_041486365_1	nirK	1
GCA_041486365_1	pfkA	3
GCA_041486365_1	pfp	3
GCA_041486365_1	ppc	1
GCA_041486365_1	pps	2
GCA_041486365_1	pqqE	3
GCA_041486365_1	pqqF	1
GCA_041486365_1	pta	5
GCA_041486365_1	serA	4
GCA_041486365_1	serB	4
GCA_041486365_1	torZ	1
GCA_041486365_1	vhcG	1
GCA_041623475_1	acdA	34
GCA_041623475_1	acdB	2
GCA_041623475_1	ackA	7
GCA_041623475_1	acs	7
GCA_041623475_1	apgM	2
GCA_041623475_1	cooF	4
GCA_041623475_1	eno	2
GCA_041623475_1	fbp	1
GCA_041623475_1	fdhA	2
GCA_041623475_1	fdhA-K00148	3
GCA_041623475_1	fdhB	2
GCA_041623475_1	fdhF	1
GCA_041623475_1	folA	5
GCA_041623475_1	fpoA	1
GCA_041623475_1	fpoB	1
GCA_041623475_1	fpoC	1
GCA_041623475_1	fpoD	1
GCA_041623475_1	fpoH	1
GCA_041623475_1	fpoJ	1
GCA_041623475_1	fpoL	1
GCA_041623475_1	fpoM	1
GCA_041623475_1	fpoN	1
GCA_041623475_1	frmA	5
GCA_041623475_1	gck	1
GCA_041623475_1	glpX	1
GCA_041623475_1	glyA	6
GCA_041623475_1	gpmB	2
GCA_041623475_1	gpmI	1
GCA_041623475_1	hdrD	1
GCA_041623475_1	hprA	1
GCA_041623475_1	hxlB	1
GCA_041623475_1	mauC	4
GCA_041623475_1	mcl	4
GCA_041623475_1	mdh-K00024	6
GCA_041623475_1	mer	3
GCA_041623475_1	metF	2
GCA_041623475_1	mgsC	3
GCA_041623475_1	mtaA	1
GCA_041623475_1	mtkA	1
GCA_041623475_1	mtkB	1
GCA_041623475_1	mxaF	2
GCA_041623475_1	mxaG	1
GCA_041623475_1	narB	5
GCA_041623475_1	nirK	1
GCA_041623475_1	pfkA	3
GCA_041623475_1	pfp	1
GCA_041623475_1	porA	1
GCA_041623475_1	pps	2
GCA_041623475_1	pqqE	3
GCA_041623475_1	pqqF	1
GCA_041623475_1	pta	8
GCA_041623475_1	rnfB	1
GCA_041623475_1	rnfD	1
GCA_041623475_1	serA	6
GCA_041623475_1	serB	2
GCA_041623475_1	tmm	5
GCA_041623475_1	xoxF5	1
GCA_041640455_1	acdA	6
GCA_041640455_1	acs	7
GCA_041640455_1	acsC	4
GCA_041640455_1	acsD	1
GCA_041640455_1	apgM	1
GCA_041640455_1	cdhC	1
GCA_041640455_1	cooF	4
GCA_041640455_1	cooS	2
GCA_041640455_1	ehbC	1
GCA_041640455_1	ehbE	1
GCA_041640455_1	ehbH	2
GCA_041640455_1	eno	2
GCA_041640455_1	fae-hps	1
GCA_041640455_1	fbaA	3
GCA_041640455_1	fbp	1
GCA_041640455_1	fdhA	5
GCA_041640455_1	fdhB	3
GCA_041640455_1	fdhF	2
GCA_041640455_1	fdoG	1
GCA_041640455_1	fdoH	4
GCA_041640455_1	fdoI	1
GCA_041640455_1	folA	5
GCA_041640455_1	fpoA	1
GCA_041640455_1	fpoB	3
GCA_041640455_1	fpoC	1
GCA_041640455_1	fpoD	1
GCA_041640455_1	fpoH	2
GCA_041640455_1	fpoJ	2
GCA_041640455_1	fpoL	3
GCA_041640455_1	fpoM	2
GCA_041640455_1	fpoN	3
GCA_041640455_1	frhD	1
GCA_041640455_1	frmA	2
GCA_041640455_1	glyA	4
GCA_041640455_1	gpmB	2
GCA_041640455_1	gpmI	1
GCA_041640455_1	hdrA1	1
GCA_041640455_1	hdrA2	3
GCA_041640455_1	hdrB1	1
GCA_041640455_1	hdrB2	2
GCA_041640455_1	hdrC2	2
GCA_041640455_1	hdrD	2
GCA_041640455_1	hxlB	2
GCA_041640455_1	mcl	2
GCA_041640455_1	mdh-K00024	1
GCA_041640455_1	metF	2
GCA_041640455_1	mgsA	1
GCA_041640455_1	mgsC	2
GCA_041640455_1	mtaA	1
GCA_041640455_1	mtkA	1
GCA_041640455_1	mvhD	2
GCA_041640455_1	narB	2
GCA_041640455_1	nrfA	1
GCA_041640455_1	pfkA	2
GCA_041640455_1	pfp	2
GCA_041640455_1	porA	2
GCA_041640455_1	porB	2
GCA_041640455_1	porD	1
GCA_041640455_1	porG	2
GCA_041640455_1	pps	1
GCA_041640455_1	pqqE	3
GCA_041640455_1	pqqF	1
GCA_041640455_1	pta	2
GCA_041640455_1	rnfB	4
GCA_041640455_1	rnfE	1
GCA_041640455_1	serA	2
GCA_041640455_1	serB	2
GCA_041640455_1	torD	2
GCA_041640455_1	torY	1
GCA_041640455_1	vhtG	2
GCA_041640455_1	vhuA	1
GCA_041651035_1	acdA	2
GCA_041651035_1	ackA	1
GCA_041651035_1	acsC	1
GCA_041651035_1	acsD	2
GCA_041651035_1	amoB	1
GCA_041651035_1	apgM	2
GCA_041651035_1	cooS	1
GCA_041651035_1	eno	3
GCA_041651035_1	fbaA	1
GCA_041651035_1	fchA	1
GCA_041651035_1	folA	1
GCA_041651035_1	fpoM	1
GCA_041651035_1	frmA	2
GCA_041651035_1	glpX	1
GCA_041651035_1	glyA	3
GCA_041651035_1	gpmB	1
GCA_041651035_1	gpmI	1
GCA_041651035_1	hdrA2	1
GCA_041651035_1	hxlB	1
GCA_041651035_1	mbhJ	1
GCA_041651035_1	mdh-K00024	1
GCA_041651035_1	mgsC	1
GCA_041651035_1	mxaF	1
GCA_041651035_1	narB	1
GCA_041651035_1	pfkA	1
GCA_041651035_1	pfp	5
GCA_041651035_1	porA	2
GCA_041651035_1	porB	3
GCA_041651035_1	porD	2
GCA_041651035_1	porG	2
GCA_041651035_1	pps	3
GCA_041651035_1	pqqE	2
GCA_041651035_1	pqqF	1
GCA_041651035_1	pta	4
GCA_041651035_1	rnfA	1
GCA_041651035_1	rnfB	4
GCA_041651035_1	rnfC	2
GCA_041651035_1	rnfD	1
GCA_041651035_1	rnfE	2
GCA_041651035_1	rnfG	1
GCA_041651035_1	serA	3
GCA_041651035_1	serB	2
GCA_041665245_1	acdA	2
GCA_041665245_1	ackA	2
GCA_041665245_1	acs	2
GCA_041665245_1	amoB	1
GCA_041665245_1	apgM	1
GCA_041665245_1	echB	1
GCA_041665245_1	echC	1
GCA_041665245_1	echE	2
GCA_041665245_1	ehbE	2
GCA_041665245_1	eno	2
GCA_041665245_1	fbaA	1
GCA_041665245_1	fdhA	1
GCA_041665245_1	fdhB	1
GCA_041665245_1	folA	4
GCA_041665245_1	fpoH	2
GCA_041665245_1	fpoL	2
GCA_041665245_1	fpoM	1
GCA_041665245_1	fpoN	2
GCA_041665245_1	frhD	1
GCA_041665245_1	frmA	2
GCA_041665245_1	glyA	4
GCA_041665245_1	gpmI	1
GCA_041665245_1	mbhJ	2
GCA_041665245_1	mbhK	2
GCA_041665245_1	mdh-K00024	2
GCA_041665245_1	metF	1
GCA_041665245_1	mgsC	1
GCA_041665245_1	mmoC	1
GCA_041665245_1	mtbC	1
GCA_041665245_1	mxaF	1
GCA_041665245_1	pfkA	2
GCA_041665245_1	pfp	3
GCA_041665245_1	porA	1
GCA_041665245_1	porB	1
GCA_041665245_1	porD	3
GCA_041665245_1	porG	1
GCA_041665245_1	pps	1
GCA_041665245_1	pqqE	2
GCA_041665245_1	pta	2
GCA_041665245_1	rnfB	4
GCA_041665245_1	rnfE	1
GCA_041665245_1	serA	4
GCA_041665245_1	serB	2
GCA_041675285_1	acdA	7
GCA_041675285_1	ackA	1
GCA_041675285_1	acs	6
GCA_041675285_1	cooF	2
GCA_041675285_1	echB	1
GCA_041675285_1	eno	2
GCA_041675285_1	fbaA	2
GCA_041675285_1	fbaB	1
GCA_041675285_1	fbp	1
GCA_041675285_1	fchA	1
GCA_041675285_1	fdhB	1
GCA_041675285_1	fdhF	2
GCA_041675285_1	fdoH	1
GCA_041675285_1	fdoI	1
GCA_041675285_1	fdwB	2
GCA_041675285_1	folA	3
GCA_041675285_1	fpoA	2
GCA_041675285_1	fpoB	3
GCA_041675285_1	fpoC	2
GCA_041675285_1	fpoD	1
GCA_041675285_1	fpoH	2
GCA_041675285_1	fpoJ	2
GCA_041675285_1	fpoK	1
GCA_041675285_1	fpoL	1
GCA_041675285_1	fpoM	2
GCA_041675285_1	fpoN	2
GCA_041675285_1	frmA	2
GCA_041675285_1	glpX	1
GCA_041675285_1	glyA	3
GCA_041675285_1	gpmI	2
GCA_041675285_1	hdrA2	2
GCA_041675285_1	hdrD	2
GCA_041675285_1	mauC	1
GCA_041675285_1	mbhJ	1
GCA_041675285_1	mcl	1
GCA_041675285_1	mdh	1
GCA_041675285_1	mdh-K00024	2
GCA_041675285_1	metF	1
GCA_041675285_1	mmoC	2
GCA_041675285_1	mtkB	2
GCA_041675285_1	mvhA	1
GCA_041675285_1	mvhD	1
GCA_041675285_1	mvhG	1
GCA_041675285_1	mxaC	1
GCA_041675285_1	nrfA	1
GCA_041675285_1	nrfH	1
GCA_041675285_1	pfkA	2
GCA_041675285_1	pfp	1
GCA_041675285_1	porA	2
GCA_041675285_1	porB	1
GCA_041675285_1	ppc	1
GCA_041675285_1	pps	3
GCA_041675285_1	pqqE	1
GCA_041675285_1	pqqF	2
GCA_041675285_1	pta	4
GCA_041675285_1	rnfA	1
GCA_041675285_1	rnfB	5
GCA_041675285_1	rnfC	3
GCA_041675285_1	rnfD	2
GCA_041675285_1	rnfE	1
GCA_041675285_1	rnfG	1
GCA_041675285_1	serA	3
GCA_041675285_1	serB	2
GCA_041675285_1	serC	1
GCA_041690355_1	acdA	21
GCA_041690355_1	acdB	2
GCA_041690355_1	ackA	2
GCA_041690355_1	acs	6
GCA_041690355_1	acsD	1
GCA_041690355_1	cooF	1
GCA_041690355_1	ehbA	2
GCA_041690355_1	ehbE	2
GCA_041690355_1	ehbH	2
GCA_041690355_1	eno	2
GCA_041690355_1	fbaA	1
GCA_041690355_1	fbaB	1
GCA_041690355_1	fbp	1
GCA_041690355_1	fdhB	1
GCA_041690355_1	fdhF	1
GCA_041690355_1	fdm	2
GCA_041690355_1	fdwB	2
GCA_041690355_1	folA	7
GCA_041690355_1	fpoB	4
GCA_041690355_1	fpoC	1
GCA_041690355_1	fpoD	1
GCA_041690355_1	fpoH	1
GCA_041690355_1	fpoJ	1
GCA_041690355_1	fpoL	3
GCA_041690355_1	fpoM	1
GCA_041690355_1	fpoN	2
GCA_041690355_1	frmA	6
GCA_041690355_1	gck	1
GCA_041690355_1	glpX	1
GCA_041690355_1	glyA	6
GCA_041690355_1	gpmB	1
GCA_041690355_1	gpmI	1
GCA_041690355_1	hdrD	2
GCA_041690355_1	hprA	2
GCA_041690355_1	hxlB	1
GCA_041690355_1	mauC	4
GCA_041690355_1	mauD	1
GCA_041690355_1	mcl	3
GCA_041690355_1	mdh-K00024	6
GCA_041690355_1	mgsC	1
GCA_041690355_1	mmoC	2
GCA_041690355_1	mtaA	1
GCA_041690355_1	mtkA	1
GCA_041690355_1	mtkB	1
GCA_041690355_1	mxaF	1
GCA_041690355_1	narB	4
GCA_041690355_1	nirK	2
GCA_041690355_1	pfkA	1
GCA_041690355_1	pfkB	1
GCA_041690355_1	pfp	3
GCA_041690355_1	ppc	1
GCA_041690355_1	pps	2
GCA_041690355_1	pqqE	2
GCA_041690355_1	pqqF	1
GCA_041690355_1	pta	4
GCA_041690355_1	rnfE	2
GCA_041690355_1	serA	4
GCA_041690355_1	serB	5
GCA_041690355_1	torY	1
GCA_042570605_1	acdA	5
GCA_042570605_1	ackA	2
GCA_042570605_1	acs	6
GCA_042570605_1	acsC	1
GCA_042570605_1	cdhC	1
GCA_042570605_1	cooF	1
GCA_042570605_1	cooS	1
GCA_042570605_1	echE	1
GCA_042570605_1	ehbI	1
GCA_042570605_1	eno	2
GCA_042570605_1	fbaA	2
GCA_042570605_1	fbp	1
GCA_042570605_1	fchA	1
GCA_042570605_1	fdhA	1
GCA_042570605_1	fdhA-K00148	1
GCA_042570605_1	fdhB	1
GCA_042570605_1	fdm	1
GCA_042570605_1	fdoG	1
GCA_042570605_1	fghA	2
GCA_042570605_1	folA	1
GCA_042570605_1	fpoB	1
GCA_042570605_1	fpoC	1
GCA_042570605_1	fqoH	1
GCA_042570605_1	frhD	1
GCA_042570605_1	frmA	2
GCA_042570605_1	fwdG	1
GCA_042570605_1	glyA	4
GCA_042570605_1	gpmI	2
GCA_042570605_1	hdrA1	3
GCA_042570605_1	hdrA2	1
GCA_042570605_1	hdrC2	1
GCA_042570605_1	hdrD	4
GCA_042570605_1	mbhJ	1
GCA_042570605_1	mcl	1
GCA_042570605_1	mtaA	1
GCA_042570605_1	mtbC	6
GCA_042570605_1	mtkA	1
GCA_042570605_1	mtkB	2
GCA_042570605_1	mtsA	1
GCA_042570605_1	mvhA	2
GCA_042570605_1	mvhD	2
GCA_042570605_1	mvhG	2
GCA_042570605_1	narB	2
GCA_042570605_1	nrfH	1
GCA_042570605_1	pfkB	2
GCA_042570605_1	pfp	1
GCA_042570605_1	porA	1
GCA_042570605_1	porB	2
GCA_042570605_1	porD	1
GCA_042570605_1	porG	2
GCA_042570605_1	pqqB	2
GCA_042570605_1	pqqE	1
GCA_042570605_1	pqqF	1
GCA_042570605_1	pta	2
GCA_042570605_1	rnfA	1
GCA_042570605_1	rnfB	7
GCA_042570605_1	rnfC	1
GCA_042570605_1	rnfE	1
GCA_042570605_1	rnfG	1
GCA_042570605_1	serA	1
GCA_042570605_1	serB	1
GCA_042570605_1	vhcD	1
GCA_043729865_1	acdA	1
GCA_043729865_1	ackA	2
GCA_043729865_1	acs	2
GCA_043729865_1	acsD	1
GCA_043729865_1	apgM	1
GCA_043729865_1	cdhA	1
GCA_043729865_1	cdhB	1
GCA_043729865_1	cdhC	1
GCA_043729865_1	cdhD	1
GCA_043729865_1	cdhE	2
GCA_043729865_1	cooF	1
GCA_043729865_1	cooS	1
GCA_043729865_1	echB	1
GCA_043729865_1	ehaQ	1
GCA_043729865_1	eno	5
GCA_043729865_1	fae-hps	2
GCA_043729865_1	fbaB	1
GCA_043729865_1	fbp	3
GCA_043729865_1	fdhA	2
GCA_043729865_1	fdhB	4
GCA_043729865_1	fdhF	1
GCA_043729865_1	fdoG	1
GCA_043729865_1	fdoI	2
GCA_043729865_1	folA	2
GCA_043729865_1	fpoB	2
GCA_043729865_1	fpoC	8
GCA_043729865_1	fpoD	1
GCA_043729865_1	fpoF	1
GCA_043729865_1	fpoH	1
GCA_043729865_1	fpoJ	2
GCA_043729865_1	fpoL	1
GCA_043729865_1	fpoM	1
GCA_043729865_1	fpoN	1
GCA_043729865_1	fpoO	1
GCA_043729865_1	frhB	2
GCA_043729865_1	frmA	2
GCA_043729865_1	ftr	1
GCA_043729865_1	fwdB	3
GCA_043729865_1	fwdC	1
GCA_043729865_1	fwdG	2
GCA_043729865_1	gfa	1
GCA_043729865_1	glyA	3
GCA_043729865_1	gpmI	1
GCA_043729865_1	hdrA1	1
GCA_043729865_1	hdrA2	5
GCA_043729865_1	hdrB1	2
GCA_043729865_1	hdrB2	2
GCA_043729865_1	hdrC2	3
GCA_043729865_1	hdrD	4
GCA_043729865_1	hdrE	2
GCA_043729865_1	hxlB	1
GCA_043729865_1	mauC	4
GCA_043729865_1	mbhJ	1
GCA_043729865_1	mch	2
GCA_043729865_1	mcrA	1
GCA_043729865_1	mcrB	1
GCA_043729865_1	mcrC	1
GCA_043729865_1	mcrD	2
GCA_043729865_1	mcrG	1
GCA_043729865_1	mdh-K00024	1
GCA_043729865_1	mer	2
GCA_043729865_1	mgsC	2
GCA_043729865_1	mtd	1
GCA_043729865_1	mtdB	1
GCA_043729865_1	mtkA	2
GCA_043729865_1	mtkB	2
GCA_043729865_1	mtrA	3
GCA_043729865_1	mtrB	2
GCA_043729865_1	mtrC	2
GCA_043729865_1	mtrD	3
GCA_043729865_1	mtrE	1
GCA_043729865_1	mtrF	2
GCA_043729865_1	mtrG	2
GCA_043729865_1	mtrH	2
GCA_043729865_1	mvhD	2
GCA_043729865_1	narB	2
GCA_043729865_1	narH	2
GCA_043729865_1	nirK	1
GCA_043729865_1	nrfH	3
GCA_043729865_1	pfp	3
GCA_043729865_1	porA	3
GCA_043729865_1	porB	2
GCA_043729865_1	porD	5
GCA_043729865_1	porG	1
GCA_043729865_1	pps	2
GCA_043729865_1	pqqE	4
GCA_043729865_1	pta	3
GCA_043729865_1	rnfB	4
GCA_043729865_1	rnfC	3
GCA_043729865_1	serA	2
GCA_043800495_1	apgM	1
GCA_043800495_1	eno	2
GCA_043800495_1	folA	1
GCA_043800495_1	fpoB	1
GCA_043800495_1	fpoC	1
GCA_043800495_1	gpmB	1
GCA_043800495_1	mch	1
GCA_043800495_1	mmoC	1
GCA_043800495_1	pfkA	1
GCA_043800495_1	porA	3
GCA_043800495_1	porB	1
GCA_043800495_1	porD	1
GCA_043800495_1	porG	1
GCA_043800495_1	pps	1
GCA_043800495_1	pqqE	1
GCA_043800495_1	serA	1
GCA_043800495_1	serB	2
GCA_043803085_1	acdA	6
GCA_043803085_1	ackA	1
GCA_043803085_1	acs	9
GCA_043803085_1	apgM	2
GCA_043803085_1	cooF	1
GCA_043803085_1	cooS	1
GCA_043803085_1	eno	2
GCA_043803085_1	fbaA	2
GCA_043803085_1	fbaB	1
GCA_043803085_1	fbp	1
GCA_043803085_1	fchA	2
GCA_043803085_1	fdhA	4
GCA_043803085_1	fdhB	1
GCA_043803085_1	fdm	1
GCA_043803085_1	fdoH	3
GCA_043803085_1	folA	4
GCA_043803085_1	fpoA	1
GCA_043803085_1	fpoB	2
GCA_043803085_1	fpoC	1
GCA_043803085_1	fpoD	2
GCA_043803085_1	fpoH	1
GCA_043803085_1	fpoI	1
GCA_043803085_1	fpoJ	2
GCA_043803085_1	fpoK	3
GCA_043803085_1	fpoL	1
GCA_043803085_1	fpoM	2
GCA_043803085_1	fpoN	2
GCA_043803085_1	frhD	1
GCA_043803085_1	frmA	4
GCA_043803085_1	glyA	6
GCA_043803085_1	gpmI	3
GCA_043803085_1	hdrA1	2
GCA_043803085_1	hdrA2	2
GCA_043803085_1	hdrD	2
GCA_043803085_1	hxlA	1
GCA_043803085_1	hxlB	1
GCA_043803085_1	mcl	1
GCA_043803085_1	mdh-K00024	2
GCA_043803085_1	metF	1
GCA_043803085_1	mmoC	1
GCA_043803085_1	mtaA	1
GCA_043803085_1	mtbC	2
GCA_043803085_1	mtkA	2
GCA_043803085_1	mtkB	2
GCA_043803085_1	mttB	1
GCA_043803085_1	mvhD	1
GCA_043803085_1	napH	2
GCA_043803085_1	narG	1
GCA_043803085_1	pfkA	3
GCA_043803085_1	pfp	4
GCA_043803085_1	porA	6
GCA_043803085_1	porB	2
GCA_043803085_1	porD	1
GCA_043803085_1	porG	3
GCA_043803085_1	pps	2
GCA_043803085_1	pqqB	1
GCA_043803085_1	pqqE	2
GCA_043803085_1	pqqF	1
GCA_043803085_1	pta	5
GCA_043803085_1	rnfB	9
GCA_043803085_1	rnfC	1
GCA_043803085_1	rnfD	1
GCA_043803085_1	rnfE	1
GCA_043803085_1	serA	4
GCA_043803085_1	serB	2
GCA_043803085_1	serC	1
GCA_043803085_1	vhuG	1
GCA_043805675_1	ackA	1
GCA_043805675_1	acs	1
GCA_043805675_1	acsD	1
GCA_043805675_1	apgM	1
GCA_043805675_1	echE	1
GCA_043805675_1	eno	1
GCA_043805675_1	fbp	1
GCA_043805675_1	fdhA-K00148	1
GCA_043805675_1	folA	1
GCA_043805675_1	fpoH	1
GCA_043805675_1	frmA	2
GCA_043805675_1	glyA	2
GCA_043805675_1	gpmI	1
GCA_043805675_1	hdrD	1
GCA_043805675_1	hxlA	1
GCA_043805675_1	hxlB	1
GCA_043805675_1	mdh-K00024	1
GCA_043805675_1	mtkB	1
GCA_043805675_1	mtrA	2
GCA_043805675_1	mtrH	1
GCA_043805675_1	mvhD	1
GCA_043805675_1	porA	1
GCA_043805675_1	porB	1
GCA_043805675_1	porD	1
GCA_043805675_1	porG	1
GCA_043805675_1	pps	3
GCA_043805675_1	pqqE	5
GCA_043805675_1	rnfB	2
GCA_043805675_1	rnfE	1
GCA_043805675_1	serA	2
GCA_043805675_1	serB	4
GCA_043817485_1	acdA	2
GCA_043817485_1	ackA	1
GCA_043817485_1	apgM	2
GCA_043817485_1	eno	2
GCA_043817485_1	fbaA	1
GCA_043817485_1	fchA	1
GCA_043817485_1	fdhA-K00148	2
GCA_043817485_1	fdoH	1
GCA_043817485_1	folA	2
GCA_043817485_1	frmA	1
GCA_043817485_1	gfa	1
GCA_043817485_1	glyA	4
GCA_043817485_1	gpmI	1
GCA_043817485_1	hdrD	2
GCA_043817485_1	hxlA	1
GCA_043817485_1	hxlB	1
GCA_043817485_1	mauC	1
GCA_043817485_1	metF	1
GCA_043817485_1	mgsC	1
GCA_043817485_1	mtbA	1
GCA_043817485_1	mtbC	3
GCA_043817485_1	mtkB	1
GCA_043817485_1	mttB	1
GCA_043817485_1	pfkB	1
GCA_043817485_1	pfp	2
GCA_043817485_1	porA	2
GCA_043817485_1	porB	1
GCA_043817485_1	porD	2
GCA_043817485_1	porG	2
GCA_043817485_1	pqqE	1
GCA_043817485_1	pta	3
GCA_043817485_1	rnfA	1
GCA_043817485_1	rnfB	4
GCA_043817485_1	rnfC	1
GCA_043817485_1	rnfD	1
GCA_043817485_1	rnfE	1
GCA_043817485_1	rnfG	1
GCA_043817485_1	serA	3
GCA_043817485_1	serB	1
GCA_043817485_1	torZ	1
GCA_043817485_1	vhcA	1
GCA_043817485_1	vhcG	1
GCA_043818685_1	acdA	7
GCA_043818685_1	acs	3
GCA_043818685_1	apgM	1
GCA_043818685_1	eno	2
GCA_043818685_1	fbaA	3
GCA_043818685_1	fbp	1
GCA_043818685_1	fchA	2
GCA_043818685_1	fdhA-K00148	2
GCA_043818685_1	fdhF	1
GCA_043818685_1	fdoI	1
GCA_043818685_1	fdwB	1
GCA_043818685_1	folA	2
GCA_043818685_1	fpoA	1
GCA_043818685_1	fpoB	3
GCA_043818685_1	fpoC	1
GCA_043818685_1	fpoD	1
GCA_043818685_1	fpoH	2
GCA_043818685_1	fpoJ	1
GCA_043818685_1	fpoK	1
GCA_043818685_1	fpoL	1
GCA_043818685_1	fpoM	1
GCA_043818685_1	fpoN	1
GCA_043818685_1	frhD	1
GCA_043818685_1	frmA	3
GCA_043818685_1	glpX	1
GCA_043818685_1	glyA	4
GCA_043818685_1	gpmI	1
GCA_043818685_1	hdrA1	3
GCA_043818685_1	hdrA2	1
GCA_043818685_1	hdrD	1
GCA_043818685_1	mcl	2
GCA_043818685_1	mdh-K00024	1
GCA_043818685_1	mgsA	1
GCA_043818685_1	mmoC	1
GCA_043818685_1	mtbC	1
GCA_043818685_1	mtkA	1
GCA_043818685_1	mtkB	2
GCA_043818685_1	mttB	1
GCA_043818685_1	mvhA	1
GCA_043818685_1	mvhG	1
GCA_043818685_1	napH	1
GCA_043818685_1	nirK	1
GCA_043818685_1	pfkA	2
GCA_043818685_1	pfp	3
GCA_043818685_1	porA	4
GCA_043818685_1	porB	3
GCA_043818685_1	porD	2
GCA_043818685_1	pps	3
GCA_043818685_1	pqqE	7
GCA_043818685_1	pqqF	2
GCA_043818685_1	pta	5
GCA_043818685_1	rnfB	4
GCA_043818685_1	rnfE	1
GCA_043818685_1	serA	3
GCA_043818685_1	vhcA	1
GCA_043818685_1	vhcG	1
GCA_044351045_1	acdA	1
GCA_044351045_1	ackA	3
GCA_044351045_1	acs	3
GCA_044351045_1	eno	3
GCA_044351045_1	fae	1
GCA_044351045_1	fbaA	4
GCA_044351045_1	fbp	1
GCA_044351045_1	fchA	1
GCA_044351045_1	fdhA	2
GCA_044351045_1	fdoG	1
GCA_044351045_1	fdoH	1
GCA_044351045_1	fdoI	1
GCA_044351045_1	fdsD	2
GCA_044351045_1	fdwB	1
GCA_044351045_1	folA	7
GCA_044351045_1	fpoB	1
GCA_044351045_1	fpoL	1
GCA_044351045_1	frhG	1
GCA_044351045_1	frmA	3
GCA_044351045_1	ftr	1
GCA_044351045_1	fwdB	1
GCA_044351045_1	fwdC	1
GCA_044351045_1	glpX	1
GCA_044351045_1	glyA	4
GCA_044351045_1	gpmB	2
GCA_044351045_1	gpmI	2
GCA_044351045_1	hprA	1
GCA_044351045_1	hxlA	1
GCA_044351045_1	hxlB	2
GCA_044351045_1	mch	1
GCA_044351045_1	mcl	1
GCA_044351045_1	mdh	1
GCA_044351045_1	mdh-K00024	1
GCA_044351045_1	metF	3
GCA_044351045_1	mgsC	1
GCA_044351045_1	mtaA	1
GCA_044351045_1	mtdA	1
GCA_044351045_1	mtdB	2
GCA_044351045_1	mtkA	1
GCA_044351045_1	mtkB	1
GCA_044351045_1	mxaA	1
GCA_044351045_1	mxaC	2
GCA_044351045_1	mxaD	2
GCA_044351045_1	mxaF	1
GCA_044351045_1	mxaG	1
GCA_044351045_1	mxaI	1
GCA_044351045_1	mxaJ	1
GCA_044351045_1	mxaK	2
GCA_044351045_1	mxaL	2
GCA_044351045_1	nirK	3
GCA_044351045_1	nirS	3
GCA_044351045_1	pfkB	1
GCA_044351045_1	pfp	4
GCA_044351045_1	pmoB	1
GCA_044351045_1	pmoC	4
GCA_044351045_1	pps	2
GCA_044351045_1	pqqB	1
GCA_044351045_1	pqqC	1
GCA_044351045_1	pqqD	1
GCA_044351045_1	pqqE	3
GCA_044351045_1	pqqF	1
GCA_044351045_1	pta	3
GCA_044351045_1	rnfA	1
GCA_044351045_1	rnfB	1
GCA_044351045_1	rnfC	1
GCA_044351045_1	rnfD	2
GCA_044351045_1	rnfE	3
GCA_044351045_1	rnfG	1
GCA_044351045_1	serB	6
GCA_044351045_1	serC	1
GCA_044351045_1	torA	1
GCA_044351045_1	xoxF5	2
GCA_045615885_1	acdA	3
GCA_045615885_1	ackA	2
GCA_045615885_1	acs	1
GCA_045615885_1	eno	3
GCA_045615885_1	fbaA	1
GCA_045615885_1	fdhA	1
GCA_045615885_1	fdhA-K00148	2
GCA_045615885_1	fdwB	2
GCA_045615885_1	folA	9
GCA_045615885_1	fpoA	2
GCA_045615885_1	fpoB	4
GCA_045615885_1	fpoC	1
GCA_045615885_1	fpoD	1
GCA_045615885_1	fpoH	2
GCA_045615885_1	fpoJ	2
GCA_045615885_1	fpoK	1
GCA_045615885_1	fpoL	2
GCA_045615885_1	fpoM	2
GCA_045615885_1	frmA	3
GCA_045615885_1	glyA	4
GCA_045615885_1	gpmI	1
GCA_045615885_1	hxlA	1
GCA_045615885_1	mdh	2
GCA_045615885_1	mdh-K00024	2
GCA_045615885_1	metF	1
GCA_045615885_1	mgsC	1
GCA_045615885_1	mxaF	1
GCA_045615885_1	pfkA	1
GCA_045615885_1	pfkB	2
GCA_045615885_1	pfp	3
GCA_045615885_1	porD	2
GCA_045615885_1	pqqE	1
GCA_045615885_1	pqqF	1
GCA_045615885_1	pta	5
GCA_045615885_1	rnfB	2
GCA_045615885_1	rnfE	1
GCA_045615885_1	serA	2
GCA_045615885_1	serB	2
GCA_045615885_1	serC	1
GCA_045615885_1	thrH	1
GCA_045633865_1	ackA	2
GCA_045633865_1	acs	1
GCA_045633865_1	apgM	1
GCA_045633865_1	eno	1
GCA_045633865_1	fbaA	2
GCA_045633865_1	fbp	1
GCA_045633865_1	folA	3
GCA_045633865_1	frmA	3
GCA_045633865_1	glyA	2
GCA_045633865_1	gpmI	1
GCA_045633865_1	mcl	1
GCA_045633865_1	mdh-K00024	2
GCA_045633865_1	metF	1
GCA_045633865_1	pfkA	3
GCA_045633865_1	pfp	2
GCA_045633865_1	porA	2
GCA_045633865_1	porB	1
GCA_045633865_1	porG	2
GCA_045633865_1	pps	1
GCA_045633865_1	pqqE	2
GCA_045633865_1	pqqF	1
GCA_045633865_1	pta	5
GCA_045633865_1	rnfA	1
GCA_045633865_1	rnfB	4
GCA_045633865_1	rnfC	1
GCA_045633865_1	rnfD	2
GCA_045633865_1	rnfE	2
GCA_045633865_1	serA	5
GCA_045633865_1	serB	1
GCA_045633865_1	serC	1
GCA_046095205_1	acdB	1
GCA_046095205_1	acs	1
GCA_046095205_1	eno	3
GCA_046095205_1	fbaB	2
GCA_046095205_1	fdhA	2
GCA_046095205_1	fdhB	1
GCA_046095205_1	folA	7
GCA_046095205_1	fpoA	1
GCA_046095205_1	fpoB	2
GCA_046095205_1	fpoJ	1
GCA_046095205_1	fpoL	3
GCA_046095205_1	fpoM	1
GCA_046095205_1	fpoN	1
GCA_046095205_1	frmA	4
GCA_046095205_1	glpX	1
GCA_046095205_1	glyA	5
GCA_046095205_1	gpmI	1
GCA_046095205_1	hdrD	1
GCA_046095205_1	hprA	1
GCA_046095205_1	hxlB	1
GCA_046095205_1	mauC	2
GCA_046095205_1	mdh-K00024	3
GCA_046095205_1	metF	1
GCA_046095205_1	mgsC	2
GCA_046095205_1	mtkB	1
GCA_046095205_1	mxaC	1
GCA_046095205_1	nirK	8
GCA_046095205_1	pfp	3
GCA_046095205_1	pps	1
GCA_046095205_1	pqqA	1
GCA_046095205_1	pqqF	1
GCA_046095205_1	pta	6
GCA_046095205_1	rnfE	1
GCA_046095205_1	serA	3
GCA_046095205_1	serB	1
GCA_046349135_1	acdA	7
GCA_046349135_1	acdB	3
GCA_046349135_1	ackA	3
GCA_046349135_1	acs	12
GCA_046349135_1	amoB	2
GCA_046349135_1	echB	1
GCA_046349135_1	eno	3
GCA_046349135_1	fae	2
GCA_046349135_1	fbaA	1
GCA_046349135_1	fbp	3
GCA_046349135_1	fchA	2
GCA_046349135_1	fdhA	3
GCA_046349135_1	fdhB	1
GCA_046349135_1	fdhF	1
GCA_046349135_1	fdoI	1
GCA_046349135_1	fdsD	1
GCA_046349135_1	fdwB	3
GCA_046349135_1	folA	6
GCA_046349135_1	fpoA	1
GCA_046349135_1	fpoB	2
GCA_046349135_1	fpoC	1
GCA_046349135_1	fpoD	1
GCA_046349135_1	fpoK	1
GCA_046349135_1	fpoL	1
GCA_046349135_1	fpoM	1
GCA_046349135_1	fpoN	1
GCA_046349135_1	frmA	1
GCA_046349135_1	ftr	2
GCA_046349135_1	gck	1
GCA_046349135_1	glyA	5
GCA_046349135_1	gpmB	1
GCA_046349135_1	hprA	1
GCA_046349135_1	mauC	1
GCA_046349135_1	mch	1
GCA_046349135_1	mcl	7
GCA_046349135_1	mdh-K00024	2
GCA_046349135_1	mmoB	1
GCA_046349135_1	mmoC	1
GCA_046349135_1	mmoD	1
GCA_046349135_1	mmoY	1
GCA_046349135_1	mmoZ	1
GCA_046349135_1	mtdA	1
GCA_046349135_1	mtkA	2
GCA_046349135_1	mtkB	2
GCA_046349135_1	mxaA	1
GCA_046349135_1	mxaC	1
GCA_046349135_1	mxaD	3
GCA_046349135_1	mxaF	3
GCA_046349135_1	mxaG	1
GCA_046349135_1	mxaI	1
GCA_046349135_1	mxaJ	1
GCA_046349135_1	mxaK	1
GCA_046349135_1	mxaL	1
GCA_046349135_1	narB	1
GCA_046349135_1	nirK	2
GCA_046349135_1	nirS	1
GCA_046349135_1	pfp	4
GCA_046349135_1	pmoA	3
GCA_046349135_1	pmoB	2
GCA_046349135_1	pmoC	7
GCA_046349135_1	ppc	4
GCA_046349135_1	pps	1
GCA_046349135_1	pqqB	1
GCA_046349135_1	pqqC	1
GCA_046349135_1	pqqE	2
GCA_046349135_1	pta	6
GCA_046349135_1	rnfB	1
GCA_046349135_1	rnfE	2
GCA_046349135_1	serA	3
GCA_046349135_1	serB	2
GCA_046349135_1	serC	1
GCA_046349135_1	vhtG	1
GCA_046349135_1	vhuG	1
GCA_046349135_1	xoxF5	2
GCA_046484865_1	acdA	8
GCA_046484865_1	ackA	2
GCA_046484865_1	acs	7
GCA_046484865_1	amoB	1
GCA_046484865_1	apgM	1
GCA_046484865_1	cooF	2
GCA_046484865_1	cytC	1
GCA_046484865_1	ehbA	1
GCA_046484865_1	ehbE	1
GCA_046484865_1	eno	2
GCA_046484865_1	fbaA	3
GCA_046484865_1	fbaB	1
GCA_046484865_1	fbp	2
GCA_046484865_1	fchA	1
GCA_046484865_1	fdhA	1
GCA_046484865_1	fdhB	1
GCA_046484865_1	fdhF	1
GCA_046484865_1	fdm	1
GCA_046484865_1	fdoH	4
GCA_046484865_1	fdoI	1
GCA_046484865_1	fdwB	2
GCA_046484865_1	folA	2
GCA_046484865_1	fpoA	1
GCA_046484865_1	fpoB	2
GCA_046484865_1	fpoC	1
GCA_046484865_1	fpoD	1
GCA_046484865_1	fpoH	2
GCA_046484865_1	fpoJ	2
GCA_046484865_1	fpoK	2
GCA_046484865_1	fpoL	2
GCA_046484865_1	fpoM	1
GCA_046484865_1	fpoN	2
GCA_046484865_1	frmA	4
GCA_046484865_1	glyA	4
GCA_046484865_1	gpmB	1
GCA_046484865_1	gpmI	1
GCA_046484865_1	hdrA1	1
GCA_046484865_1	hdrA2	1
GCA_046484865_1	hdrB1	1
GCA_046484865_1	hdrD	2
GCA_046484865_1	hprA	1
GCA_046484865_1	hxlB	1
GCA_046484865_1	mauC	2
GCA_046484865_1	mauD	1
GCA_046484865_1	mcl	2
GCA_046484865_1	mdh-K00024	2
GCA_046484865_1	metF	2
GCA_046484865_1	mgsC	2
GCA_046484865_1	mmoC	1
GCA_046484865_1	mtkA	1
GCA_046484865_1	mtkB	1
GCA_046484865_1	mxaC	1
GCA_046484865_1	narB	1
GCA_046484865_1	nirK	3
GCA_046484865_1	nrfA	1
GCA_046484865_1	nrfH	1
GCA_046484865_1	pfkA	3
GCA_046484865_1	pfkB	1
GCA_046484865_1	pfp	2
GCA_046484865_1	porA	3
GCA_046484865_1	porB	2
GCA_046484865_1	porD	1
GCA_046484865_1	porG	1
GCA_046484865_1	ppc	1
GCA_046484865_1	pps	3
GCA_046484865_1	pqqA	1
GCA_046484865_1	pqqB	1
GCA_046484865_1	pqqE	3
GCA_046484865_1	pqqF	3
GCA_046484865_1	pta	5
GCA_046484865_1	rnfB	5
GCA_046484865_1	rnfE	1
GCA_046484865_1	serA	4
GCA_046484865_1	serB	1
GCA_046497165_1	acdA	2
GCA_046497165_1	ackA	2
GCA_046497165_1	acs	2
GCA_046497165_1	eno	2
GCA_046497165_1	fbaA	2
GCA_046497165_1	fbp	1
GCA_046497165_1	fchA	1
GCA_046497165_1	fdhA	1
GCA_046497165_1	folA	7
GCA_046497165_1	frmA	2
GCA_046497165_1	gck	1
GCA_046497165_1	glpX	1
GCA_046497165_1	glyA	5
GCA_046497165_1	gpmI	1
GCA_046497165_1	hprA	1
GCA_046497165_1	mcl	1
GCA_046497165_1	mdh	1
GCA_046497165_1	mdh-K00024	2
GCA_046497165_1	metF	2
GCA_046497165_1	mtbC	1
GCA_046497165_1	narB	1
GCA_046497165_1	pfp	2
GCA_046497165_1	porA	1
GCA_046497165_1	porB	2
GCA_046497165_1	porD	1
GCA_046497165_1	porG	2
GCA_046497165_1	pps	1
GCA_046497165_1	pqqB	1
GCA_046497165_1	pqqE	4
GCA_046497165_1	psp	1
GCA_046497165_1	pta	4
GCA_046497165_1	rnfB	3
GCA_046497165_1	rnfC	1
GCA_046497165_1	rnfD	1
GCA_046497165_1	rnfE	1
GCA_046497165_1	rnfG	1
GCA_046497165_1	serA	5
GCA_046497165_1	serB	2
GCA_046497165_1	serC	1
GCA_046497165_1	torZ	1
GCA_046497485_1	dfrA1	1
GCA_046497485_1	eno	1
GCA_046497485_1	fbp	1
GCA_046497485_1	folA	1
GCA_046497485_1	fpoC	1
GCA_046497485_1	frmA	1
GCA_046497485_1	glyA	2
GCA_046497485_1	gpmB	1
GCA_046497485_1	gpmI	1
GCA_046497485_1	mauC	1
GCA_046497485_1	mdh-K00024	1
GCA_046497485_1	mtkA	1
GCA_046497485_1	mtkB	1
GCA_046497485_1	narB	3
GCA_046497485_1	pfkC	1
GCA_046497485_1	pps	1
GCA_046497485_1	pqqB	1
GCA_046497485_1	pta	2
GCA_046497485_1	rnfE	1
GCA_046539725_1	ackA	1
GCA_046539725_1	acs	5
GCA_046539725_1	apgM	1
GCA_046539725_1	echE	1
GCA_046539725_1	ehbC	1
GCA_046539725_1	eno	3
GCA_046539725_1	fbaA	2
GCA_046539725_1	fdhA	2
GCA_046539725_1	fdhA-K00148	1
GCA_046539725_1	fdm	1
GCA_046539725_1	fghA	1
GCA_046539725_1	folA	3
GCA_046539725_1	fpoH	1
GCA_046539725_1	fpoL	1
GCA_046539725_1	frhD	1
GCA_046539725_1	frmA	3
GCA_046539725_1	glyA	4
GCA_046539725_1	gpmB	1
GCA_046539725_1	gpmI	1
GCA_046539725_1	hprA	1
GCA_046539725_1	hxlA	2
GCA_046539725_1	hxlB	2
GCA_046539725_1	mauC	1
GCA_046539725_1	mbhJ	1
GCA_046539725_1	mbhK	1
GCA_046539725_1	mdh-K00024	1
GCA_046539725_1	mgsC	1
GCA_046539725_1	mmoC	1
GCA_046539725_1	mtaB	1
GCA_046539725_1	mtbC	3
GCA_046539725_1	mtkB	1
GCA_046539725_1	mtsA	1
GCA_046539725_1	mttB	2
GCA_046539725_1	mvhA	1
GCA_046539725_1	mvhG	1
GCA_046539725_1	narB	3
GCA_046539725_1	narH	1
GCA_046539725_1	pfkB	1
GCA_046539725_1	pfp	4
GCA_046539725_1	porG	1
GCA_046539725_1	pps	1
GCA_046539725_1	pqqE	1
GCA_046539725_1	pqqF	2
GCA_046539725_1	pta	2
GCA_046539725_1	rnfA	1
GCA_046539725_1	rnfB	2
GCA_046539725_1	rnfC	1
GCA_046539725_1	rnfD	2
GCA_046539725_1	rnfE	2
GCA_046539725_1	rnfG	1
GCA_046539725_1	serA	5
GCA_046539725_1	serB	2
GCA_046539725_1	serC	1
GCA_046539725_1	vhcA	1
GCA_046539725_1	vhcG	1
GCA_046731995_1	acdA	2
GCA_046731995_1	acs	4
GCA_046731995_1	apgM	1
GCA_046731995_1	eno	1
GCA_046731995_1	folA	3
GCA_046731995_1	fpoA	1
GCA_046731995_1	fpoB	1
GCA_046731995_1	fpoC	6
GCA_046731995_1	fpoL	1
GCA_046731995_1	fpoN	1
GCA_046731995_1	fqoD	1
GCA_046731995_1	frmA	2
GCA_046731995_1	gck	1
GCA_046731995_1	glyA	1
GCA_046731995_1	gpmB	2
GCA_046731995_1	hprA	1
GCA_046731995_1	mauC	6
GCA_046731995_1	mcl	2
GCA_046731995_1	mdh-K00024	1
GCA_046731995_1	mer	3
GCA_046731995_1	mgsA	1
GCA_046731995_1	mmoC	1
GCA_046731995_1	mtbC	1
GCA_046731995_1	mtkA	1
GCA_046731995_1	mtkB	2
GCA_046731995_1	nirK	4
GCA_046731995_1	pfp	1
GCA_046731995_1	pmoC	1
GCA_046731995_1	porA	1
GCA_046731995_1	porB	1
GCA_046731995_1	pps	1
GCA_046731995_1	pqqE	2
GCA_046731995_1	pta	2
GCA_046731995_1	serA	2
GCA_046731995_1	serB	1
GCA_046731995_1	xoxF4	1
GCA_046759065_1	acdA	8
GCA_046759065_1	acs	4
GCA_046759065_1	acsC	1
GCA_046759065_1	acsD	2
GCA_046759065_1	apgM	1
GCA_046759065_1	cdhC	1
GCA_046759065_1	cdhD	1
GCA_046759065_1	cooF	2
GCA_046759065_1	cooS	1
GCA_046759065_1	ehaR	1
GCA_046759065_1	eno	3
GCA_046759065_1	fae-hps	1
GCA_046759065_1	fbp	2
GCA_046759065_1	fchA	1
GCA_046759065_1	fdhA	1
GCA_046759065_1	fdhA-K00148	1
GCA_046759065_1	fdhB	1
GCA_046759065_1	fdoG	1
GCA_046759065_1	fdoH	1
GCA_046759065_1	folA	1
GCA_046759065_1	fpoA	1
GCA_046759065_1	fpoB	1
GCA_046759065_1	fpoC	3
GCA_046759065_1	fpoD	1
GCA_046759065_1	fpoH	1
GCA_046759065_1	fpoJ	1
GCA_046759065_1	fpoL	1
GCA_046759065_1	fpoM	2
GCA_046759065_1	fpoN	1
GCA_046759065_1	frmA	1
GCA_046759065_1	glyA	5
GCA_046759065_1	hdrA1	2
GCA_046759065_1	hdrA2	3
GCA_046759065_1	hdrB1	1
GCA_046759065_1	hdrB2	1
GCA_046759065_1	hdrC2	1
GCA_046759065_1	hdrD	1
GCA_046759065_1	hxlA	1
GCA_046759065_1	mcl	2
GCA_046759065_1	mtkA	1
GCA_046759065_1	mtkB	3
GCA_046759065_1	mvhD	1
GCA_046759065_1	napH	1
GCA_046759065_1	narB	3
GCA_046759065_1	nirK	3
GCA_046759065_1	pfkA	1
GCA_046759065_1	pfkB	2
GCA_046759065_1	porA	3
GCA_046759065_1	porB	4
GCA_046759065_1	porD	3
GCA_046759065_1	pps	1
GCA_046759065_1	pqqE	3
GCA_046759065_1	pta	1
GCA_046759065_1	rnfB	3
GCA_046759065_1	rnfC	1
GCA_046759065_1	serA	2
GCA_046759065_1	serC	1
GCA_046759065_1	torD	1
GCA_046759065_1	vhuD	1
GCA_046760505_1	acdA	1
GCA_046760505_1	acs	2
GCA_046760505_1	acsC	1
GCA_046760505_1	amoB	1
GCA_046760505_1	apgM	2
GCA_046760505_1	cdhA	2
GCA_046760505_1	cdhB	1
GCA_046760505_1	cdhC	1
GCA_046760505_1	cdhD	1
GCA_046760505_1	cdhE	2
GCA_046760505_1	cooS	2
GCA_046760505_1	ehbQ	2
GCA_046760505_1	eno	2
GCA_046760505_1	fae-hps	1
GCA_046760505_1	fbaA	1
GCA_046760505_1	fbp	2
GCA_046760505_1	fdhB	1
GCA_046760505_1	folA	2
GCA_046760505_1	fpoC	4
GCA_046760505_1	frhB	3
GCA_046760505_1	frhD	1
GCA_046760505_1	frmA	2
GCA_046760505_1	ftr	1
GCA_046760505_1	fwdB	1
GCA_046760505_1	fwdC	1
GCA_046760505_1	fwdF	1
GCA_046760505_1	fwdG	2
GCA_046760505_1	gck	1
GCA_046760505_1	glyA	2
GCA_046760505_1	gpmI	1
GCA_046760505_1	hdrA1	2
GCA_046760505_1	hdrA2	1
GCA_046760505_1	hdrB1	2
GCA_046760505_1	hdrB2	1
GCA_046760505_1	hdrC2	2
GCA_046760505_1	hdrD	10
GCA_046760505_1	hdrE	1
GCA_046760505_1	hxlA	2
GCA_046760505_1	hxlB	1
GCA_046760505_1	mch	1
GCA_046760505_1	mcl	1
GCA_046760505_1	mdh	1
GCA_046760505_1	mdh-K00024	1
GCA_046760505_1	mer	5
GCA_046760505_1	mgsC	1
GCA_046760505_1	mtaA	3
GCA_046760505_1	mtbA	2
GCA_046760505_1	mtd	1
GCA_046760505_1	mtkA	2
GCA_046760505_1	mtkB	2
GCA_046760505_1	mtrA	3
GCA_046760505_1	mtrH	1
GCA_046760505_1	mttC	1
GCA_046760505_1	mvhA	2
GCA_046760505_1	mvhD	1
GCA_046760505_1	mvhG	1
GCA_046760505_1	napH	3
GCA_046760505_1	narB	1
GCA_046760505_1	narH	1
GCA_046760505_1	pfkB	2
GCA_046760505_1	pfkC	1
GCA_046760505_1	pfp	1
GCA_046760505_1	porA	3
GCA_046760505_1	porB	3
GCA_046760505_1	porD	2
GCA_046760505_1	porG	4
GCA_046760505_1	pps	1
GCA_046760505_1	pqqB	1
GCA_046760505_1	pqqE	5
GCA_046760505_1	rnfB	4
GCA_046760505_1	rnfC	2
GCA_046760505_1	serA	3
GCA_046760505_1	serB	4
GCA_046760505_1	vhcG	1
GCA_046760705_1	acdA	7
GCA_046760705_1	ackA	2
GCA_046760705_1	acs	3
GCA_046760705_1	apgM	3
GCA_046760705_1	cdhE	1
GCA_046760705_1	eno	3
GCA_046760705_1	fbaA	3
GCA_046760705_1	fchA	1
GCA_046760705_1	fdhA	5
GCA_046760705_1	fdhA-K00148	1
GCA_046760705_1	fdhB	4
GCA_046760705_1	fdhF	3
GCA_046760705_1	fdoG	1
GCA_046760705_1	fdoH	2
GCA_046760705_1	fdwB	1
GCA_046760705_1	folA	2
GCA_046760705_1	fpoB	1
GCA_046760705_1	fpoC	1
GCA_046760705_1	fpoH	1
GCA_046760705_1	fpoJ	1
GCA_046760705_1	fpoK	1
GCA_046760705_1	frmA	2
GCA_046760705_1	glpX	1
GCA_046760705_1	glyA	5
GCA_046760705_1	gpmB	1
GCA_046760705_1	gpmI	1
GCA_046760705_1	hdrA1	4
GCA_046760705_1	hdrA2	16
GCA_046760705_1	hdrB2	2
GCA_046760705_1	hdrC2	1
GCA_046760705_1	hdrD	2
GCA_046760705_1	hxlB	1
GCA_046760705_1	mauC	1
GCA_046760705_1	mauE	1
GCA_046760705_1	mcl	2
GCA_046760705_1	mdh	1
GCA_046760705_1	mdh-K00024	2
GCA_046760705_1	mgsC	2
GCA_046760705_1	mtbB	1
GCA_046760705_1	mtbC	5
GCA_046760705_1	mtkA	1
GCA_046760705_1	mtkB	1
GCA_046760705_1	mtmB	1
GCA_046760705_1	mttB	1
GCA_046760705_1	mvhD	1
GCA_046760705_1	mxaC	1
GCA_046760705_1	napH	1
GCA_046760705_1	narB	1
GCA_046760705_1	nirK	1
GCA_046760705_1	pfkA	3
GCA_046760705_1	pfkB	1
GCA_046760705_1	pfp	1
GCA_046760705_1	porA	6
GCA_046760705_1	porB	5
GCA_046760705_1	porD	3
GCA_046760705_1	porG	3
GCA_046760705_1	pps	2
GCA_046760705_1	pqqE	6
GCA_046760705_1	pqqF	3
GCA_046760705_1	rnfA	1
GCA_046760705_1	rnfB	6
GCA_046760705_1	rnfC	1
GCA_046760705_1	rnfD	1
GCA_046760705_1	rnfE	1
GCA_046760705_1	rnfG	2
GCA_046760705_1	serA	1
GCA_046760705_1	serB	3
GCA_046760705_1	serC	1
GCA_046760705_1	torD	1
GCA_046760705_1	vhcD	1
GCA_049588055_1	acs	5
GCA_049588055_1	apgM	4
GCA_049588055_1	cdhA	1
GCA_049588055_1	cdhB	1
GCA_049588055_1	cdhC	1
GCA_049588055_1	cdhD	1
GCA_049588055_1	cdhE	2
GCA_049588055_1	echA	1
GCA_049588055_1	echB	1
GCA_049588055_1	echD	1
GCA_049588055_1	echE	3
GCA_049588055_1	echF	1
GCA_049588055_1	ehaQ	1
GCA_049588055_1	ehbK	1
GCA_049588055_1	ehbQ	1
GCA_049588055_1	eno	4
GCA_049588055_1	fae	1
GCA_049588055_1	fae-hps	2
GCA_049588055_1	fbaA	3
GCA_049588055_1	fdhA	3
GCA_049588055_1	fdhA-K00148	1
GCA_049588055_1	fdhB	3
GCA_049588055_1	fdoH	1
GCA_049588055_1	fdwE	1
GCA_049588055_1	fmdB	1
GCA_049588055_1	fmdC	1
GCA_049588055_1	folA	1
GCA_049588055_1	fpoB	1
GCA_049588055_1	fpoC	4
GCA_049588055_1	frhA	3
GCA_049588055_1	frhB	3
GCA_049588055_1	frhD	2
GCA_049588055_1	frhG	2
GCA_049588055_1	frmA	3
GCA_049588055_1	ftr	1
GCA_049588055_1	fwdB	1
GCA_049588055_1	fwdC	2
GCA_049588055_1	fwdF	2
GCA_049588055_1	fwdG	1
GCA_049588055_1	fwdH	1
GCA_049588055_1	gck	1
GCA_049588055_1	glyA	2
GCA_049588055_1	gpmI	1
GCA_049588055_1	hdrA1	1
GCA_049588055_1	hdrA2	2
GCA_049588055_1	hdrB2	2
GCA_049588055_1	hdrC1	1
GCA_049588055_1	hdrC2	2
GCA_049588055_1	hdrD	3
GCA_049588055_1	hxlA	1
GCA_049588055_1	hxlB	2
GCA_049588055_1	mauC	3
GCA_049588055_1	mbhJ	2
GCA_049588055_1	mch	2
GCA_049588055_1	mcrA	1
GCA_049588055_1	mcrB	1
GCA_049588055_1	mcrC	1
GCA_049588055_1	mcrD	4
GCA_049588055_1	mcrG	1
GCA_049588055_1	mdh	2
GCA_049588055_1	mer	1
GCA_049588055_1	mgsC	1
GCA_049588055_1	mmoC	1
GCA_049588055_1	mtd	1
GCA_049588055_1	mtdB	1
GCA_049588055_1	mtkB	2
GCA_049588055_1	mtrA	3
GCA_049588055_1	mtrB	1
GCA_049588055_1	mtrC	1
GCA_049588055_1	mtrD	1
GCA_049588055_1	mtrE	1
GCA_049588055_1	mtrG	2
GCA_049588055_1	mtrH	1
GCA_049588055_1	mvhA	1
GCA_049588055_1	mvhD	2
GCA_049588055_1	narB	3
GCA_049588055_1	nirS	1
GCA_049588055_1	pfkA	1
GCA_049588055_1	pfkB	3
GCA_049588055_1	pfp	1
GCA_049588055_1	porA	3
GCA_049588055_1	porB	3
GCA_049588055_1	porD	2
GCA_049588055_1	porG	3
GCA_049588055_1	pps	2
GCA_049588055_1	pqqE	3
GCA_049588055_1	pta	2
GCA_049588055_1	rnfB	5
GCA_049588055_1	rnfE	2
GCA_049588055_1	serA	2
GCA_049588055_1	serB	2
GCA_049588055_1	vhcA	1
GCA_049588055_1	vhcG	1
GCA_049588055_1	vhtG	1
GCA_049588055_1	vhuG	1
GCA_049718665_1	ackA	3
GCA_049718665_1	acsD	1
GCA_049718665_1	apgM	1
GCA_049718665_1	cooF	2
GCA_049718665_1	eno	2
GCA_049718665_1	fbaA	4
GCA_049718665_1	fchA	1
GCA_049718665_1	fdhA	3
GCA_049718665_1	fdm	3
GCA_049718665_1	fdoG	1
GCA_049718665_1	folA	1
GCA_049718665_1	frhG	1
GCA_049718665_1	frmA	3
GCA_049718665_1	gck	1
GCA_049718665_1	glyA	4
GCA_049718665_1	gpmI	1
GCA_049718665_1	hprA	1
GCA_049718665_1	mdh	2
GCA_049718665_1	mdh-K00024	1
GCA_049718665_1	metF	1
GCA_049718665_1	mgsC	2
GCA_049718665_1	mtbC	1
GCA_049718665_1	mvhA	1
GCA_049718665_1	narB	4
GCA_049718665_1	pfkA	1
GCA_049718665_1	pfkB	5
GCA_049718665_1	pfp	2
GCA_049718665_1	porA	2
GCA_049718665_1	porB	2
GCA_049718665_1	porD	1
GCA_049718665_1	porG	2
GCA_049718665_1	pps	1
GCA_049718665_1	pqqE	1
GCA_049718665_1	pta	4
GCA_049718665_1	rnfA	1
GCA_049718665_1	rnfB	4
GCA_049718665_1	rnfC	2
GCA_049718665_1	rnfD	1
GCA_049718665_1	rnfE	2
GCA_049718665_1	rnfG	1
GCA_049718665_1	serA	4
GCA_049718665_1	serB	2
GCA_049718665_1	serC	1
GCA_049967555_1	acs	1
GCA_049967555_1	apgM	1
GCA_049967555_1	eno	1
GCA_049967555_1	fpoB	1
GCA_049967555_1	fpoC	1
GCA_049967555_1	frmA	1
GCA_049967555_1	mdh-K00024	1
GCA_049967555_1	mmoC	1
GCA_049967555_1	mtkB	1
GCA_049967555_1	pfp	2
GCA_049967555_1	porA	1
GCA_049967555_1	porB	1
GCA_049967555_1	porD	1
GCA_049967555_1	porG	1
GCA_049967555_1	pps	2
GCA_049967555_1	pqqE	1
GCA_049967555_1	rnfE	1
GCA_049968275_1	acdA	3
GCA_049968275_1	acs	3
GCA_049968275_1	apgM	1
GCA_049968275_1	eno	2
GCA_049968275_1	fbp	1
GCA_049968275_1	fdhA	2
GCA_049968275_1	fdhA-K00148	1
GCA_049968275_1	fdwB	1
GCA_049968275_1	fdwE	1
GCA_049968275_1	folA	4
GCA_049968275_1	fpoA	1
GCA_049968275_1	fpoB	1
GCA_049968275_1	fpoC	1
GCA_049968275_1	fpoH	1
GCA_049968275_1	fpoJ	1
GCA_049968275_1	fpoK	1
GCA_049968275_1	fpoL	1
GCA_049968275_1	fpoN	1
GCA_049968275_1	frmA	2
GCA_049968275_1	gck	1
GCA_049968275_1	gfa	2
GCA_049968275_1	glyA	3
GCA_049968275_1	hdrA2	1
GCA_049968275_1	hdrD	2
GCA_049968275_1	mdh-K00024	6
GCA_049968275_1	metF	1
GCA_049968275_1	mtbC	1
GCA_049968275_1	mtkA	1
GCA_049968275_1	mtkB	2
GCA_049968275_1	mvhA	1
GCA_049968275_1	pfkA	2
GCA_049968275_1	pfp	2
GCA_049968275_1	porA	3
GCA_049968275_1	porB	1
GCA_049968275_1	porD	1
GCA_049968275_1	porG	1
GCA_049968275_1	pps	1
GCA_049968275_1	pqqE	2
GCA_049968275_1	pqqF	1
GCA_049968275_1	pta	1
GCA_049968275_1	serA	2
GCA_049968275_1	vhcG	1
GCA_050123455_1	acdA	4
GCA_050123455_1	ackA	6
GCA_050123455_1	acs	2
GCA_050123455_1	apgM	1
GCA_050123455_1	echE	1
GCA_050123455_1	eno	3
GCA_050123455_1	fbaA	3
GCA_050123455_1	fbp	1
GCA_050123455_1	fchA	1
GCA_050123455_1	fdhA	1
GCA_050123455_1	fdhB	3
GCA_050123455_1	fdoG	1
GCA_050123455_1	fghA	1
GCA_050123455_1	folA	2
GCA_050123455_1	fpoC	1
GCA_050123455_1	fpoH	1
GCA_050123455_1	frmA	2
GCA_050123455_1	glyA	4
GCA_050123455_1	gpmB	2
GCA_050123455_1	gpmI	3
GCA_050123455_1	hdrA1	2
GCA_050123455_1	hdrA2	13
GCA_050123455_1	hdrB1	2
GCA_050123455_1	hdrB2	1
GCA_050123455_1	hdrC2	2
GCA_050123455_1	hdrD	2
GCA_050123455_1	hxlA	1
GCA_050123455_1	mbhJ	1
GCA_050123455_1	mcl	1
GCA_050123455_1	mdh-K00024	2
GCA_050123455_1	metF	1
GCA_050123455_1	mmoC	1
GCA_050123455_1	mtbC	4
GCA_050123455_1	mtkB	2
GCA_050123455_1	mvhA	1
GCA_050123455_1	mvhD	5
GCA_050123455_1	mvhG	1
GCA_050123455_1	mxaL	1
GCA_050123455_1	pfkA	1
GCA_050123455_1	pfp	2
GCA_050123455_1	porA	2
GCA_050123455_1	porB	2
GCA_050123455_1	porD	1
GCA_050123455_1	porG	2
GCA_050123455_1	pps	4
GCA_050123455_1	pqqB	1
GCA_050123455_1	pqqE	1
GCA_050123455_1	pqqF	1
GCA_050123455_1	pta	1
GCA_050123455_1	rnfA	2
GCA_050123455_1	rnfB	6
GCA_050123455_1	rnfC	1
GCA_050123455_1	rnfD	1
GCA_050123455_1	rnfE	2
GCA_050123455_1	rnfG	1
GCA_050123455_1	serA	3
GCA_050123455_1	serB	1
GCA_050123455_1	vhcD	1
GCA_050173015_1	acdA	12
GCA_050173015_1	ackA	4
GCA_050173015_1	acs	6
GCA_050173015_1	cooF	1
GCA_050173015_1	eno	2
GCA_050173015_1	fbaA	1
GCA_050173015_1	fbaB	1
GCA_050173015_1	fbp	2
GCA_050173015_1	fchA	1
GCA_050173015_1	fdhA-K00148	1
GCA_050173015_1	fdhB	2
GCA_050173015_1	fdhF	1
GCA_050173015_1	fdm	1
GCA_050173015_1	fdoH	2
GCA_050173015_1	fdoI	2
GCA_050173015_1	fghA	1
GCA_050173015_1	folA	4
GCA_050173015_1	fpoA	1
GCA_050173015_1	fpoB	2
GCA_050173015_1	fpoC	1
GCA_050173015_1	fpoH	1
GCA_050173015_1	fpoJ	1
GCA_050173015_1	fpoK	1
GCA_050173015_1	fpoL	1
GCA_050173015_1	fpoM	1
GCA_050173015_1	fpoN	1
GCA_050173015_1	frmA	2
GCA_050173015_1	gck	1
GCA_050173015_1	gfa	1
GCA_050173015_1	glyA	5
GCA_050173015_1	gpmI	2
GCA_050173015_1	hdrA2	1
GCA_050173015_1	hdrD	1
GCA_050173015_1	hprA	1
GCA_050173015_1	hxlB	1
GCA_050173015_1	mauC	3
GCA_050173015_1	mcl	3
GCA_050173015_1	mdh	2
GCA_050173015_1	mdh-K00024	2
GCA_050173015_1	metF	2
GCA_050173015_1	mgsC	1
GCA_050173015_1	mmoC	1
GCA_050173015_1	mtbC	1
GCA_050173015_1	mtkA	1
GCA_050173015_1	mtkB	1
GCA_050173015_1	mxaG	1
GCA_050173015_1	napH	1
GCA_050173015_1	narG	5
GCA_050173015_1	narH	2
GCA_050173015_1	pfkA	3
GCA_050173015_1	pfkB	3
GCA_050173015_1	pfp	2
GCA_050173015_1	porA	1
GCA_050173015_1	porB	2
GCA_050173015_1	ppc	2
GCA_050173015_1	pps	5
GCA_050173015_1	pqqE	4
GCA_050173015_1	pqqF	2
GCA_050173015_1	pta	7
GCA_050173015_1	rnfA	2
GCA_050173015_1	rnfB	6
GCA_050173015_1	rnfC	5
GCA_050173015_1	rnfD	3
GCA_050173015_1	rnfE	4
GCA_050173015_1	rnfG	2
GCA_050173015_1	serA	5
GCA_050173015_1	serB	3
GCA_050173015_1	serC	1
GCA_050173015_1	tmm	1
GCA_050173015_1	torC	1
GCA_050251945_1	acdA	2
GCA_050251945_1	ackA	1
GCA_050251945_1	acs	3
GCA_050251945_1	apgM	1
GCA_050251945_1	cooF	4
GCA_050251945_1	cooS	2
GCA_050251945_1	eno	2
GCA_050251945_1	fbaA	2
GCA_050251945_1	fbp	1
GCA_050251945_1	fdhA	3
GCA_050251945_1	fdhB	2
GCA_050251945_1	fdhF	4
GCA_050251945_1	fdoG	1
GCA_050251945_1	fdoH	1
GCA_050251945_1	folA	6
GCA_050251945_1	fpoA	1
GCA_050251945_1	fpoB	1
GCA_050251945_1	fpoJ	1
GCA_050251945_1	fpoL	1
GCA_050251945_1	fpoM	1
GCA_050251945_1	fpoN	1
GCA_050251945_1	frhA	1
GCA_050251945_1	frhD	2
GCA_050251945_1	frmA	4
GCA_050251945_1	glyA	5
GCA_050251945_1	gpmI	1
GCA_050251945_1	hdrA2	1
GCA_050251945_1	hdrC2	1
GCA_050251945_1	hdrD	3
GCA_050251945_1	hprA	2
GCA_050251945_1	hxlB	1
GCA_050251945_1	mauC	2
GCA_050251945_1	mcl	1
GCA_050251945_1	mdh	1
GCA_050251945_1	mdh-K00024	2
GCA_050251945_1	metF	1
GCA_050251945_1	mgsC	1
GCA_050251945_1	mmoC	1
GCA_050251945_1	mtaA	1
GCA_050251945_1	mtbC	1
GCA_050251945_1	mtkA	1
GCA_050251945_1	mtkB	1
GCA_050251945_1	mvhA	2
GCA_050251945_1	mvhD	1
GCA_050251945_1	mxaF	1
GCA_050251945_1	napH	1
GCA_050251945_1	narB	1
GCA_050251945_1	nrfA	1
GCA_050251945_1	pfkA	2
GCA_050251945_1	pfkB	1
GCA_050251945_1	pfp	2
GCA_050251945_1	porA	2
GCA_050251945_1	porB	1
GCA_050251945_1	porD	4
GCA_050251945_1	porG	2
GCA_050251945_1	pps	2
GCA_050251945_1	pqqE	3
GCA_050251945_1	pqqF	2
GCA_050251945_1	pta	5
GCA_050251945_1	rnfA	1
GCA_050251945_1	rnfB	11
GCA_050251945_1	rnfC	1
GCA_050251945_1	rnfD	2
GCA_050251945_1	rnfE	1
GCA_050251945_1	rnfG	1
GCA_050251945_1	serA	3
GCA_050251945_1	serB	3
GCA_050251945_1	torA	2
GCA_050251945_1	torD	1
GCA_050251945_1	torY	1
GCA_050251945_1	torZ	4
GCA_050251945_1	vhcA	1
GCA_050251945_1	vhtG	4
GCA_050251945_1	vhuG	1
GCA_050253135_1	acdA	10
GCA_050253135_1	ackA	1
GCA_050253135_1	acs	2
GCA_050253135_1	acsD	1
GCA_050253135_1	apgM	1
GCA_050253135_1	cooF	2
GCA_050253135_1	echA	1
GCA_050253135_1	echE	1
GCA_050253135_1	eno	3
GCA_050253135_1	fbaA	1
GCA_050253135_1	fbaB	1
GCA_050253135_1	fbp	2
GCA_050253135_1	fdhA	1
GCA_050253135_1	fdhF	1
GCA_050253135_1	fdoH	2
GCA_050253135_1	folA	2
GCA_050253135_1	fpoA	1
GCA_050253135_1	fpoB	2
GCA_050253135_1	fpoC	1
GCA_050253135_1	fpoD	1
GCA_050253135_1	fpoI	1
GCA_050253135_1	fpoJ	1
GCA_050253135_1	fpoK	1
GCA_050253135_1	fpoL	1
GCA_050253135_1	fpoM	1
GCA_050253135_1	fpoN	1
GCA_050253135_1	frhA	1
GCA_050253135_1	frhD	1
GCA_050253135_1	frmA	3
GCA_050253135_1	glyA	5
GCA_050253135_1	gpmI	2
GCA_050253135_1	hdrD	4
GCA_050253135_1	hprA	2
GCA_050253135_1	hxlB	1
GCA_050253135_1	mbhJ	1
GCA_050253135_1	mcl	2
GCA_050253135_1	mdh	2
GCA_050253135_1	mdh-K00024	2
GCA_050253135_1	metF	4
GCA_050253135_1	mtbC	1
GCA_050253135_1	mtkA	4
GCA_050253135_1	mtkB	2
GCA_050253135_1	narB	5
GCA_050253135_1	narG	1
GCA_050253135_1	narH	2
GCA_050253135_1	narZ	1
GCA_050253135_1	pfkA	1
GCA_050253135_1	pfp	3
GCA_050253135_1	porA	2
GCA_050253135_1	porB	2
GCA_050253135_1	porD	3
GCA_050253135_1	porG	1
GCA_050253135_1	pps	2
GCA_050253135_1	pqqE	2
GCA_050253135_1	pta	3
GCA_050253135_1	rnfB	4
GCA_050253135_1	rnfE	1
GCA_050253135_1	serA	2
GCA_050253135_1	serB	3
GCA_050253135_1	torA	1
GCA_051745145_1	acdA	2
GCA_051745145_1	ackA	2
GCA_051745145_1	acs	2
GCA_051745145_1	apgM	2
GCA_051745145_1	cooF	1
GCA_051745145_1	echE	1
GCA_051745145_1	ehbA	1
GCA_051745145_1	ehbI	1
GCA_051745145_1	eno	2
GCA_051745145_1	fbaA	3
GCA_051745145_1	fbaB	1
GCA_051745145_1	folA	3
GCA_051745145_1	fpoH	1
GCA_051745145_1	fpoI	1
GCA_051745145_1	frmA	2
GCA_051745145_1	glyA	2
GCA_051745145_1	gpmI	1
GCA_051745145_1	hxlB	1
GCA_051745145_1	mbhJ	1
GCA_051745145_1	mbhL	1
GCA_051745145_1	metF	1
GCA_051745145_1	mmoC	1
GCA_051745145_1	mtkA	1
GCA_051745145_1	mtkB	2
GCA_051745145_1	pfkA	1
GCA_051745145_1	pfkB	1
GCA_051745145_1	pfp	3
GCA_051745145_1	porA	3
GCA_051745145_1	porB	1
GCA_051745145_1	porD	2
GCA_051745145_1	porG	1
GCA_051745145_1	pps	2
GCA_051745145_1	pqqE	2
GCA_051745145_1	pta	4
GCA_051745145_1	rnfA	1
GCA_051745145_1	rnfB	8
GCA_051745145_1	rnfC	3
GCA_051745145_1	rnfD	2
GCA_051745145_1	rnfE	1
GCA_051745145_1	rnfG	2
GCA_051745145_1	serA	4
GCA_051745145_1	serB	2
GCA_052033935_1	acdA	1
GCA_052033935_1	ackA	1
GCA_052033935_1	acsD	1
GCA_052033935_1	apgM	1
GCA_052033935_1	eno	3
GCA_052033935_1	fbaA	5
GCA_052033935_1	fdhA	1
GCA_052033935_1	fdhA-K00148	1
GCA_052033935_1	fdhF	1
GCA_052033935_1	folA	3
GCA_052033935_1	fpoA	2
GCA_052033935_1	fpoB	1
GCA_052033935_1	fpoH	1
GCA_052033935_1	fpoJ	2
GCA_052033935_1	fpoK	2
GCA_052033935_1	fpoM	1
GCA_052033935_1	fpoN	1
GCA_052033935_1	frmA	3
GCA_052033935_1	glpX	1
GCA_052033935_1	glyA	5
GCA_052033935_1	gpmB	2
GCA_052033935_1	hdrA2	1
GCA_052033935_1	hdrB2	1
GCA_052033935_1	hdrC2	1
GCA_052033935_1	hdrD	1
GCA_052033935_1	hmd	1
GCA_052033935_1	hprA	2
GCA_052033935_1	hxlB	3
GCA_052033935_1	mauE	1
GCA_052033935_1	mdh-K00024	2
GCA_052033935_1	mgsC	1
GCA_052033935_1	mmoC	1
GCA_052033935_1	mtaA	2
GCA_052033935_1	mtbC	4
GCA_052033935_1	mttC	1
GCA_052033935_1	mvhD	2
GCA_052033935_1	mxaF	1
GCA_052033935_1	napH	1
GCA_052033935_1	pfkB	5
GCA_052033935_1	pfp	3
GCA_052033935_1	porA	1
GCA_052033935_1	porB	1
GCA_052033935_1	porD	1
GCA_052033935_1	porG	1
GCA_052033935_1	pps	1
GCA_052033935_1	pqqA	1
GCA_052033935_1	pqqE	4
GCA_052033935_1	pqqF	3
GCA_052033935_1	pta	3
GCA_052033935_1	rnfB	3
GCA_052033935_1	serA	4
GCA_052033935_1	serB	3
GCA_052033935_1	serC	1
GCA_052361045_1	acs	1
GCA_052361045_1	acsD	1
GCA_052361045_1	apgM	1
GCA_052361045_1	cdhA	1
GCA_052361045_1	cdhB	1
GCA_052361045_1	cdhC	1
GCA_052361045_1	cdhD	1
GCA_052361045_1	cdhE	1
GCA_052361045_1	cooF	1
GCA_052361045_1	cytC	1
GCA_052361045_1	ehaQ	1
GCA_052361045_1	ehbA	1
GCA_052361045_1	ehbB	1
GCA_052361045_1	eno	1
GCA_052361045_1	fae-hps	1
GCA_052361045_1	fdoI	1
GCA_052361045_1	fmdB	1
GCA_052361045_1	fmdC	1
GCA_052361045_1	folA	1
GCA_052361045_1	fpoA	1
GCA_052361045_1	fpoB	1
GCA_052361045_1	fpoC	4
GCA_052361045_1	fpoD	1
GCA_052361045_1	fpoF	1
GCA_052361045_1	fpoH	1
GCA_052361045_1	fpoI	1
GCA_052361045_1	fpoJ	2
GCA_052361045_1	fpoK	1
GCA_052361045_1	fpoL	1
GCA_052361045_1	fpoM	2
GCA_052361045_1	fpoN	1
GCA_052361045_1	fpoO	1
GCA_052361045_1	frmA	2
GCA_052361045_1	fwdB	2
GCA_052361045_1	fwdC	1
GCA_052361045_1	fwdG	2
GCA_052361045_1	gfa	1
GCA_052361045_1	glpX	1
GCA_052361045_1	glyA	1
GCA_052361045_1	gpmI	3
GCA_052361045_1	hdrA1	2
GCA_052361045_1	hdrA2	2
GCA_052361045_1	hdrB1	5
GCA_052361045_1	hdrC1	2
GCA_052361045_1	hdrC2	1
GCA_052361045_1	hdrD	2
GCA_052361045_1	hmd	1
GCA_052361045_1	hxlA	1
GCA_052361045_1	hxlB	1
GCA_052361045_1	mch	1
GCA_052361045_1	mdh-K00024	4
GCA_052361045_1	mer	2
GCA_052361045_1	mgsC	2
GCA_052361045_1	mtd	1
GCA_052361045_1	mtkB	1
GCA_052361045_1	mtrA	2
GCA_052361045_1	mtrB	1
GCA_052361045_1	mtrC	1
GCA_052361045_1	mtrD	1
GCA_052361045_1	mtrE	1
GCA_052361045_1	mtrF	1
GCA_052361045_1	mtrG	1
GCA_052361045_1	mtrH	2
GCA_052361045_1	pfkC	2
GCA_052361045_1	pfp	1
GCA_052361045_1	porA	2
GCA_052361045_1	porB	1
GCA_052361045_1	porD	2
GCA_052361045_1	porG	3
GCA_052361045_1	pps	1
GCA_052361045_1	pqqE	6
GCA_052361045_1	pta	2
GCA_052361045_1	rnfA	2
GCA_052361045_1	rnfB	3
GCA_052361045_1	rnfC	2
GCA_052361045_1	rnfD	1
GCA_052361045_1	rnfE	2
GCA_052361045_1	rnfG	1
GCA_052361045_1	serA	2
GCA_052390515_1	acdA	9
GCA_052390515_1	acs	10
GCA_052390515_1	apgM	1
GCA_052390515_1	cooF	2
GCA_052390515_1	eno	2
GCA_052390515_1	fbaA	1
GCA_052390515_1	fbaB	1
GCA_052390515_1	fbp	1
GCA_052390515_1	fchA	2
GCA_052390515_1	fdhA	1
GCA_052390515_1	fdhA-K00148	1
GCA_052390515_1	fdhB	1
GCA_052390515_1	fdoG	1
GCA_052390515_1	fdoH	1
GCA_052390515_1	fdoI	1
GCA_052390515_1	folA	4
GCA_052390515_1	fpoA	1
GCA_052390515_1	fpoB	2
GCA_052390515_1	fpoH	1
GCA_052390515_1	fpoL	1
GCA_052390515_1	fpoM	1
GCA_052390515_1	frmA	2
GCA_052390515_1	gfa	1
GCA_052390515_1	glpX	1
GCA_052390515_1	glyA	5
GCA_052390515_1	gpmI	1
GCA_052390515_1	hdrA1	1
GCA_052390515_1	hdrB1	1
GCA_052390515_1	hdrC2	1
GCA_052390515_1	hdrD	1
GCA_052390515_1	hxlB	2
GCA_052390515_1	mauC	6
GCA_052390515_1	mauE	1
GCA_052390515_1	mcl	2
GCA_052390515_1	mdh-K00024	1
GCA_052390515_1	mtbC	1
GCA_052390515_1	mtkA	1
GCA_052390515_1	mtkB	2
GCA_052390515_1	mvhA	1
GCA_052390515_1	mvhD	1
GCA_052390515_1	mvhG	1
GCA_052390515_1	mxaC	1
GCA_052390515_1	narH	1
GCA_052390515_1	nirK	2
GCA_052390515_1	nrfA	1
GCA_052390515_1	nrfH	1
GCA_052390515_1	nxrA	1
GCA_052390515_1	pfkA	2
GCA_052390515_1	pfkB	1
GCA_052390515_1	pfp	1
GCA_052390515_1	porA	1
GCA_052390515_1	porB	2
GCA_052390515_1	porG	1
GCA_052390515_1	pps	3
GCA_052390515_1	pqqB	1
GCA_052390515_1	pqqE	2
GCA_052390515_1	pqqF	2
GCA_052390515_1	pta	4
GCA_052390515_1	rnfB	5
GCA_052390515_1	serA	4
GCA_052390515_1	serB	1
GCA_052390515_1	serC	1
GCA_052390515_1	thrH	1
GCA_052390515_1	torA	1
GCA_900321865_1	ackA	1
GCA_900321865_1	eno	2
GCA_900321865_1	fbaA	2
GCA_900321865_1	folA	3
GCA_900321865_1	fpoB	1
GCA_900321865_1	frmA	2
GCA_900321865_1	glyA	4
GCA_900321865_1	gpmI	2
GCA_900321865_1	hxlB	1
GCA_900321865_1	mdh	3
GCA_900321865_1	pfkA	2
GCA_900321865_1	pfp	3
GCA_900321865_1	porA	1
GCA_900321865_1	porB	1
GCA_900321865_1	porD	1
GCA_900321865_1	pqqF	1
GCA_900321865_1	pta	3
GCA_900321865_1	rnfB	3
GCA_900321865_1	rnfE	2
GCA_900321865_1	serA	2
GCA_900321865_1	serB	2
GCA_902386135_1	acdA	1
GCA_902386135_1	ackA	6
GCA_902386135_1	acs	3
GCA_902386135_1	acsD	1
GCA_902386135_1	amoB	1
GCA_902386135_1	apgM	1
GCA_902386135_1	cdhA	1
GCA_902386135_1	cdhB	1
GCA_902386135_1	cdhC	1
GCA_902386135_1	cdhD	1
GCA_902386135_1	cdhE	1
GCA_902386135_1	cooS	3
GCA_902386135_1	echB	1
GCA_902386135_1	eno	2
GCA_902386135_1	fae-hps	1
GCA_902386135_1	fbp	1
GCA_902386135_1	fdhA	1
GCA_902386135_1	fdhA-K00148	1
GCA_902386135_1	fdhB	3
GCA_902386135_1	fdoI	3
GCA_902386135_1	fmdB	1
GCA_902386135_1	fmdC	2
GCA_902386135_1	folA	4
GCA_902386135_1	fpoB	1
GCA_902386135_1	fpoC	5
GCA_902386135_1	fpoD	1
GCA_902386135_1	fpoF	2
GCA_902386135_1	fpoH	1
GCA_902386135_1	fpoJ	2
GCA_902386135_1	fpoK	1
GCA_902386135_1	fpoL	1
GCA_902386135_1	fpoM	2
GCA_902386135_1	fpoN	1
GCA_902386135_1	fpoO	1
GCA_902386135_1	frmA	2
GCA_902386135_1	ftr	1
GCA_902386135_1	fwdB	2
GCA_902386135_1	fwdC	1
GCA_902386135_1	fwdG	3
GCA_902386135_1	gfa	1
GCA_902386135_1	glyA	3
GCA_902386135_1	gpmI	2
GCA_902386135_1	hdrA1	1
GCA_902386135_1	hdrA2	4
GCA_902386135_1	hdrB1	2
GCA_902386135_1	hdrB2	1
GCA_902386135_1	hdrC2	3
GCA_902386135_1	hdrD	4
GCA_902386135_1	hdrE	1
GCA_902386135_1	hxlA	1
GCA_902386135_1	hxlB	1
GCA_902386135_1	mauC	3
GCA_902386135_1	mbhJ	1
GCA_902386135_1	mch	1
GCA_902386135_1	mcrA	1
GCA_902386135_1	mcrB	1
GCA_902386135_1	mcrC	1
GCA_902386135_1	mcrD	2
GCA_902386135_1	mcrG	1
GCA_902386135_1	mdh-K00024	1
GCA_902386135_1	mer	1
GCA_902386135_1	mgsC	3
GCA_902386135_1	mmoC	1
GCA_902386135_1	mtd	1
GCA_902386135_1	mtkA	2
GCA_902386135_1	mtkB	2
GCA_902386135_1	mtrA	3
GCA_902386135_1	mtrB	1
GCA_902386135_1	mtrC	1
GCA_902386135_1	mtrD	1
GCA_902386135_1	mtrE	1
GCA_902386135_1	mtrF	1
GCA_902386135_1	mtrG	1
GCA_902386135_1	mtrH	1
GCA_902386135_1	mvhD	2
GCA_902386135_1	mxaF	1
GCA_902386135_1	narB	2
GCA_902386135_1	narG	1
GCA_902386135_1	narH	1
GCA_902386135_1	nrfH	1
GCA_902386135_1	pfp	3
GCA_902386135_1	porA	2
GCA_902386135_1	porB	2
GCA_902386135_1	porD	4
GCA_902386135_1	porG	1
GCA_902386135_1	pps	3
GCA_902386135_1	pqqE	5
GCA_902386135_1	pta	2
GCA_902386135_1	rnfB	4
GCA_902386135_1	rnfC	3
GCA_902386135_1	rnfE	1
GCA_902386135_1	serA	3
GCA_902386135_1	serB	1
GCA_902386135_1	xoxF5	1
GCA_902386255_1	ackA	1
GCA_902386255_1	acs	2
GCA_902386255_1	acsD	1
GCA_902386255_1	apgM	1
GCA_902386255_1	cdhA	1
GCA_902386255_1	cdhB	1
GCA_902386255_1	cdhC	1
GCA_902386255_1	cdhD	1
GCA_902386255_1	cdhE	1
GCA_902386255_1	cooF	1
GCA_902386255_1	cooS	1
GCA_902386255_1	echB	1
GCA_902386255_1	eno	2
GCA_902386255_1	fae-hps	2
GCA_902386255_1	fbp	2
GCA_902386255_1	fdhA	1
GCA_902386255_1	fdhB	2
GCA_902386255_1	fdoI	2
GCA_902386255_1	fmdB	1
GCA_902386255_1	fmdC	2
GCA_902386255_1	folA	3
GCA_902386255_1	fpoB	3
GCA_902386255_1	fpoC	5
GCA_902386255_1	fpoD	1
GCA_902386255_1	fpoF	1
GCA_902386255_1	fpoH	1
GCA_902386255_1	fpoJ	2
GCA_902386255_1	fpoK	1
GCA_902386255_1	fpoL	2
GCA_902386255_1	fpoM	1
GCA_902386255_1	fpoN	1
GCA_902386255_1	fpoO	1
GCA_902386255_1	frhB	2
GCA_902386255_1	frmA	2
GCA_902386255_1	ftr	1
GCA_902386255_1	fwdB	2
GCA_902386255_1	fwdC	1
GCA_902386255_1	fwdG	3
GCA_902386255_1	gfa	1
GCA_902386255_1	glyA	2
GCA_902386255_1	gpmI	2
GCA_902386255_1	hdrA1	1
GCA_902386255_1	hdrA2	4
GCA_902386255_1	hdrB1	3
GCA_902386255_1	hdrB2	1
GCA_902386255_1	hdrC1	1
GCA_902386255_1	hdrC2	2
GCA_902386255_1	hdrD	4
GCA_902386255_1	hdrE	1
GCA_902386255_1	hxlB	1
GCA_902386255_1	mauC	2
GCA_902386255_1	mbhJ	2
GCA_902386255_1	mch	2
GCA_902386255_1	mcrA	1
GCA_902386255_1	mcrB	1
GCA_902386255_1	mcrC	1
GCA_902386255_1	mcrD	2
GCA_902386255_1	mcrG	1
GCA_902386255_1	mdh-K00024	2
GCA_902386255_1	mer	1
GCA_902386255_1	mgsC	2
GCA_902386255_1	mtd	1
GCA_902386255_1	mtkA	2
GCA_902386255_1	mtkB	2
GCA_902386255_1	mtrA	1
GCA_902386255_1	mtrB	1
GCA_902386255_1	mtrC	1
GCA_902386255_1	mtrD	2
GCA_902386255_1	mtrE	1
GCA_902386255_1	mtrF	1
GCA_902386255_1	mtrG	1
GCA_902386255_1	mtrH	1
GCA_902386255_1	mvhD	1
GCA_902386255_1	mxaF	3
GCA_902386255_1	napH	1
GCA_902386255_1	narB	3
GCA_902386255_1	narG	1
GCA_902386255_1	narH	1
GCA_902386255_1	nrfH	3
GCA_902386255_1	pfp	3
GCA_902386255_1	porA	2
GCA_902386255_1	porB	2
GCA_902386255_1	porD	4
GCA_902386255_1	porG	1
GCA_902386255_1	pps	1
GCA_902386255_1	pqqE	7
GCA_902386255_1	pta	2
GCA_902386255_1	rnfB	5
GCA_902386255_1	rnfC	3
GCA_902386255_1	rnfE	2
GCA_902386255_1	serA	4
GCA_902386255_1	torD	1
GCA_902606065_1	acs	2
GCA_902606065_1	cooF	1
GCA_902606065_1	eno	1
GCA_902606065_1	fbaA	2
GCA_902606065_1	folA	1
GCA_902606065_1	fpoK	1
GCA_902606065_1	fpoL	1
GCA_902606065_1	fpoM	1
GCA_902606065_1	frmA	2
GCA_902606065_1	glpX	1
GCA_902606065_1	glyA	1
GCA_902606065_1	hprA	1
GCA_902606065_1	hxlB	1
GCA_902606065_1	mdh	1
GCA_902606065_1	metF	2
GCA_902606065_1	mgsA	1
GCA_902606065_1	mgsB	1
GCA_902606065_1	mgsC	2
GCA_902606065_1	pfp	1
GCA_902606065_1	porD	1
GCA_902606065_1	pps	1
GCA_902606065_1	pta	3
GCA_902606065_1	rnfE	1
GCA_902606065_1	serA	1
GCA_902606065_1	tmm	1
GCA_902810705_1	acdA	3
GCA_902810705_1	ackA	3
GCA_902810705_1	acs	3
GCA_902810705_1	cooF	1
GCA_902810705_1	dcmA	1
GCA_902810705_1	echB	1
GCA_902810705_1	eno	3
GCA_902810705_1	fae	2
GCA_902810705_1	fbaA	3
GCA_902810705_1	fbaB	1
GCA_902810705_1	fbp	1
GCA_902810705_1	fchA	1
GCA_902810705_1	fdhA	3
GCA_902810705_1	fdhA-K00148	1
GCA_902810705_1	fdhB	1
GCA_902810705_1	fdm	3
GCA_902810705_1	fdsD	1
GCA_902810705_1	folA	6
GCA_902810705_1	fpoA	1
GCA_902810705_1	fpoB	3
GCA_902810705_1	fpoH	1
GCA_902810705_1	fpoK	1
GCA_902810705_1	fpoL	1
GCA_902810705_1	fpoM	2
GCA_902810705_1	frmA	2
GCA_902810705_1	ftr	1
GCA_902810705_1	fwdB	1
GCA_902810705_1	fwdC	1
GCA_902810705_1	glpX	2
GCA_902810705_1	glyA	12
GCA_902810705_1	gpmB	4
GCA_902810705_1	gpmI	2
GCA_902810705_1	hprA	2
GCA_902810705_1	hxlB	3
GCA_902810705_1	mauC	1
GCA_902810705_1	mbhJ	3
GCA_902810705_1	mch	2
GCA_902810705_1	mcl	1
GCA_902810705_1	mdh-K00024	5
GCA_902810705_1	mer	1
GCA_902810705_1	metF	2
GCA_902810705_1	mgsC	1
GCA_902810705_1	mtaA	1
GCA_902810705_1	mtdA	2
GCA_902810705_1	mtdB	2
GCA_902810705_1	mtkA	1
GCA_902810705_1	mtkB	1
GCA_902810705_1	mtrA	1
GCA_902810705_1	mxaC	1
GCA_902810705_1	mxaD	1
GCA_902810705_1	mxaF	2
GCA_902810705_1	mxaK	1
GCA_902810705_1	mxaL	2
GCA_902810705_1	narB	4
GCA_902810705_1	nirK	3
GCA_902810705_1	nirS	3
GCA_902810705_1	pfkB	1
GCA_902810705_1	pfp	7
GCA_902810705_1	pmoC	3
GCA_902810705_1	pps	1
GCA_902810705_1	pqqB	1
GCA_902810705_1	pqqC	1
GCA_902810705_1	pqqD	1
GCA_902810705_1	pqqE	3
GCA_902810705_1	pqqF	1
GCA_902810705_1	pta	3
GCA_902810705_1	rnfA	2
GCA_902810705_1	rnfB	2
GCA_902810705_1	rnfC	2
GCA_902810705_1	rnfD	3
GCA_902810705_1	rnfE	4
GCA_902810705_1	rnfG	2
GCA_902810705_1	serA	3
GCA_902810705_1	serB	3
GCA_902810705_1	serC	1
GCA_902810705_1	xoxF5	2
GCA_903819965_1	acdA	3
GCA_903819965_1	ackA	3
GCA_903819965_1	acs	6
GCA_903819965_1	amoB	1
GCA_903819965_1	echB	1
GCA_903819965_1	eno	3
GCA_903819965_1	fae	2
GCA_903819965_1	fbaA	4
GCA_903819965_1	fbaB	1
GCA_903819965_1	fbp	2
GCA_903819965_1	fchA	1
GCA_903819965_1	fdhA	1
GCA_903819965_1	fdm	1
GCA_903819965_1	fdsD	1
GCA_903819965_1	fdwB	1
GCA_903819965_1	folA	5
GCA_903819965_1	fpoB	2
GCA_903819965_1	fpoL	2
GCA_903819965_1	fpoM	1
GCA_903819965_1	frhD	1
GCA_903819965_1	frhG	1
GCA_903819965_1	frmA	3
GCA_903819965_1	ftr	1
GCA_903819965_1	fwdB	1
GCA_903819965_1	fwdC	1
GCA_903819965_1	glyA	24
GCA_903819965_1	gpmB	3
GCA_903819965_1	gpmI	1
GCA_903819965_1	hdrD	1
GCA_903819965_1	hxlB	1
GCA_903819965_1	mauC	1
GCA_903819965_1	mbhJ	2
GCA_903819965_1	mch	2
GCA_903819965_1	mcl	1
GCA_903819965_1	mdh	2
GCA_903819965_1	mdh-K00024	3
GCA_903819965_1	metF	1
GCA_903819965_1	mgsC	1
GCA_903819965_1	mmoC	2
GCA_903819965_1	mtaA	1
GCA_903819965_1	mtdA	1
GCA_903819965_1	mtdB	2
GCA_903819965_1	mtkA	1
GCA_903819965_1	mtkB	2
GCA_903819965_1	mvhA	1
GCA_903819965_1	mxaC	1
GCA_903819965_1	mxaD	2
GCA_903819965_1	mxaF	2
GCA_903819965_1	mxaK	1
GCA_903819965_1	mxaL	2
GCA_903819965_1	narB	4
GCA_903819965_1	nirK	3
GCA_903819965_1	nirS	1
GCA_903819965_1	pfp	6
GCA_903819965_1	pmoA	1
GCA_903819965_1	pmoC	3
GCA_903819965_1	porD	1
GCA_903819965_1	pps	1
GCA_903819965_1	pqqB	1
GCA_903819965_1	pqqC	1
GCA_903819965_1	pqqD	1
GCA_903819965_1	pqqE	3
GCA_903819965_1	pqqF	1
GCA_903819965_1	pta	2
GCA_903819965_1	rnfA	2
GCA_903819965_1	rnfB	4
GCA_903819965_1	rnfC	2
GCA_903819965_1	rnfD	3
GCA_903819965_1	rnfE	4
GCA_903819965_1	rnfG	2
GCA_903819965_1	serA	3
GCA_903819965_1	serB	2
GCA_903819965_1	serC	1
GCA_903819965_1	xoxF5	2
GCA_903831375_1	ackA	1
GCA_903831375_1	acs	4
GCA_903831375_1	eno	2
GCA_903831375_1	fbaA	1
GCA_903831375_1	fbaB	1
GCA_903831375_1	folA	2
GCA_903831375_1	frmA	1
GCA_903831375_1	glpX	1
GCA_903831375_1	glyA	2
GCA_903831375_1	gpmB	1
GCA_903831375_1	hxlB	1
GCA_903831375_1	mdh-K00024	2
GCA_903831375_1	mmoC	1
GCA_903831375_1	mtkB	1
GCA_903831375_1	narB	1
GCA_903831375_1	pfp	3
GCA_903831375_1	pqqE	1
GCA_903831375_1	pqqF	1
GCA_903831375_1	pta	2
GCA_903831375_1	rnfE	1
GCA_903831375_1	serA	3
GCA_903831375_1	serB	1
GCA_903831375_1	vhcA	1
GCA_903831375_1	vhuG	1
GCA_903857865_1	acs	3
GCA_903857865_1	apgM	1
GCA_903857865_1	cooF	1
GCA_903857865_1	cooS	1
GCA_903857865_1	echE	1
GCA_903857865_1	eno	2
GCA_903857865_1	fbaA	2
GCA_903857865_1	fchA	1
GCA_903857865_1	fdhA	2
GCA_903857865_1	fdm	1
GCA_903857865_1	folA	2
GCA_903857865_1	fpoB	1
GCA_903857865_1	fpoH	1
GCA_903857865_1	fpoL	1
GCA_903857865_1	fpoN	1
GCA_903857865_1	frmA	2
GCA_903857865_1	ftr	1
GCA_903857865_1	glyA	4
GCA_903857865_1	hdrD	1
GCA_903857865_1	mch	1
GCA_903857865_1	mdh-K00024	1
GCA_903857865_1	mtkA	2
GCA_903857865_1	mtkB	2
GCA_903857865_1	mvhA	1
GCA_903857865_1	mvhG	1
GCA_903857865_1	pfkA	2
GCA_903857865_1	pfkB	2
GCA_903857865_1	pfp	1
GCA_903857865_1	porA	1
GCA_903857865_1	porB	1
GCA_903857865_1	porG	2
GCA_903857865_1	pps	1
GCA_903857865_1	pqqE	2
GCA_903857865_1	pqqF	1
GCA_903857865_1	pta	3
GCA_903857865_1	rnfB	4
GCA_903857865_1	serA	5
GCA_903857865_1	serB	2
GCA_903857865_1	serC	1
GCA_903883855_1	acdA	15
GCA_903883855_1	acdB	1
GCA_903883855_1	ackA	2
GCA_903883855_1	acs	5
GCA_903883855_1	amoB	1
GCA_903883855_1	cooF	1
GCA_903883855_1	eno	2
GCA_903883855_1	fbaA	4
GCA_903883855_1	fchA	1
GCA_903883855_1	fdhA	1
GCA_903883855_1	fdhA-K00148	1
GCA_903883855_1	fdhB	1
GCA_903883855_1	fdwB	1
GCA_903883855_1	folA	5
GCA_903883855_1	fpoA	1
GCA_903883855_1	fpoB	2
GCA_903883855_1	fpoJ	1
GCA_903883855_1	fpoK	1
GCA_903883855_1	fpoL	1
GCA_903883855_1	fpoM	1
GCA_903883855_1	fpoN	1
GCA_903883855_1	frmA	5
GCA_903883855_1	glpX	2
GCA_903883855_1	glyA	5
GCA_903883855_1	gpmB	1
GCA_903883855_1	hdrD	1
GCA_903883855_1	hprA	1
GCA_903883855_1	hxlB	1
GCA_903883855_1	mdh	1
GCA_903883855_1	mdh-K00024	2
GCA_903883855_1	metF	2
GCA_903883855_1	mgsC	1
GCA_903883855_1	mtkB	1
GCA_903883855_1	mxaC	1
GCA_903883855_1	narB	2
GCA_903883855_1	nrfA	1
GCA_903883855_1	nrfH	1
GCA_903883855_1	pfkA	2
GCA_903883855_1	pfkB	1
GCA_903883855_1	pfp	3
GCA_903883855_1	pps	1
GCA_903883855_1	pqqF	3
GCA_903883855_1	pta	7
GCA_903883855_1	rnfE	1
GCA_903883855_1	serA	2
GCA_903883855_1	serB	2
GCA_903883855_1	tmm	1
GCA_903883855_1	vhcA	1
GCA_903883855_1	vhcG	1
GCA_903930515_1	acdA	25
GCA_903930515_1	acdB	1
GCA_903930515_1	ackA	2
GCA_903930515_1	acs	7
GCA_903930515_1	acsD	1
GCA_903930515_1	apgM	2
GCA_903930515_1	cooS	1
GCA_903930515_1	eno	2
GCA_903930515_1	fae-hps	1
GCA_903930515_1	fbaA	1
GCA_903930515_1	fbaB	1
GCA_903930515_1	fdhA	3
GCA_903930515_1	fdhA-K00148	2
GCA_903930515_1	fdhB	1
GCA_903930515_1	fdm	2
GCA_903930515_1	fdoH	4
GCA_903930515_1	fdwB	2
GCA_903930515_1	folA	7
GCA_903930515_1	fpoB	1
GCA_903930515_1	fpoC	1
GCA_903930515_1	fpoH	2
GCA_903930515_1	fpoL	1
GCA_903930515_1	fpoM	1
GCA_903930515_1	fpoN	1
GCA_903930515_1	frhD	1
GCA_903930515_1	frmA	2
GCA_903930515_1	gck	1
GCA_903930515_1	glpX	1
GCA_903930515_1	glyA	4
GCA_903930515_1	gpmB	2
GCA_903930515_1	gpmI	1
GCA_903930515_1	hdrA2	1
GCA_903930515_1	hdrB2	2
GCA_903930515_1	hdrC2	1
GCA_903930515_1	hdrD	8
GCA_903930515_1	hmd	1
GCA_903930515_1	hprA	2
GCA_903930515_1	hxlA	1
GCA_903930515_1	hxlB	2
GCA_903930515_1	mauC	1
GCA_903930515_1	mdh	2
GCA_903930515_1	mdh-K00024	6
GCA_903930515_1	mgsC	2
GCA_903930515_1	mtbC	3
GCA_903930515_1	mtkA	1
GCA_903930515_1	mtkB	1
GCA_903930515_1	mvhA	2
GCA_903930515_1	mvhD	2
GCA_903930515_1	mvhG	1
GCA_903930515_1	mxaC	1
GCA_903930515_1	narB	1
GCA_903930515_1	pfkA	4
GCA_903930515_1	pfkB	4
GCA_903930515_1	pfp	3
GCA_903930515_1	porA	2
GCA_903930515_1	porB	2
GCA_903930515_1	porD	2
GCA_903930515_1	porG	2
GCA_903930515_1	pps	1
GCA_903930515_1	pqqA	1
GCA_903930515_1	pqqB	1
GCA_903930515_1	pqqE	3
GCA_903930515_1	pqqF	1
GCA_903930515_1	pta	2
GCA_903930515_1	rnfB	3
GCA_903930515_1	rnfC	1
GCA_903930515_1	rnfE	1
GCA_903930515_1	rnfG	1
GCA_903930515_1	serA	6
GCA_903930515_1	serB	3
GCA_905236315_1	ackA	2
GCA_905236315_1	acs	1
GCA_905236315_1	eno	1
GCA_905236315_1	fbaA	4
GCA_905236315_1	folA	2
GCA_905236315_1	fpoB	1
GCA_905236315_1	frmA	2
GCA_905236315_1	glpX	1
GCA_905236315_1	glyA	9
GCA_905236315_1	gpmB	2
GCA_905236315_1	gpmI	1
GCA_905236315_1	hdrA2	2
GCA_905236315_1	hdrB1	1
GCA_905236315_1	hdrB2	1
GCA_905236315_1	hdrC2	1
GCA_905236315_1	hmd	1
GCA_905236315_1	mauC	1
GCA_905236315_1	mdh	2
GCA_905236315_1	mdh-K00024	2
GCA_905236315_1	metF	1
GCA_905236315_1	mgsC	1
GCA_905236315_1	mvhD	2
GCA_905236315_1	pfkA	1
GCA_905236315_1	pfkB	2
GCA_905236315_1	pfp	3
GCA_905236315_1	pps	2
GCA_905236315_1	pqqE	2
GCA_905236315_1	pta	6
GCA_905236315_1	rnfA	1
GCA_905236315_1	rnfB	6
GCA_905236315_1	rnfC	2
GCA_905236315_1	rnfD	2
GCA_905236315_1	rnfE	2
GCA_905236315_1	rnfG	1
GCA_905236315_1	serA	1
GCA_905236315_1	serB	1
GCA_905236315_1	serC	1
GCA_905236315_1	thrH	1
GCA_937132175_1	ehbA	1
GCA_937132175_1	ehbE	1
GCA_937132175_1	eno	1
GCA_937132175_1	fbaA	1
GCA_937132175_1	fbp	1
GCA_937132175_1	fdhA-K00148	1
GCA_937132175_1	folA	3
GCA_937132175_1	fpoB	1
GCA_937132175_1	fpoC	1
GCA_937132175_1	fpoN	1
GCA_937132175_1	frmA	1
GCA_937132175_1	glyA	1
GCA_937132175_1	mauC	1
GCA_937132175_1	mcl	1
GCA_937132175_1	mtkB	1
GCA_937132175_1	narB	1
GCA_937132175_1	pps	2
GCA_937132175_1	pqqB	1
GCA_937132175_1	rnfE	1
GCA_937958695_1	ackA	2
GCA_937958695_1	apgM	1
GCA_937958695_1	cooS	1
GCA_937958695_1	eno	2
GCA_937958695_1	fae-hps	1
GCA_937958695_1	fbaA	7
GCA_937958695_1	fdhA	1
GCA_937958695_1	fdhA-K00148	3
GCA_937958695_1	fdm	1
GCA_937958695_1	fghA	1
GCA_937958695_1	folA	1
GCA_937958695_1	frhG	1
GCA_937958695_1	frmA	3
GCA_937958695_1	glyA	4
GCA_937958695_1	gpmB	2
GCA_937958695_1	hdrA2	1
GCA_937958695_1	hmd	1
GCA_937958695_1	hprA	2
GCA_937958695_1	hxlA	1
GCA_937958695_1	hxlB	2
GCA_937958695_1	mdh	3
GCA_937958695_1	mdh-K00024	2
GCA_937958695_1	mgsC	1
GCA_937958695_1	mtaA	3
GCA_937958695_1	mtaB	1
GCA_937958695_1	mtbC	3
GCA_937958695_1	mtrG	1
GCA_937958695_1	mtsA	2
GCA_937958695_1	mvhA	1
GCA_937958695_1	napH	1
GCA_937958695_1	narB	1
GCA_937958695_1	pfkA	3
GCA_937958695_1	pfkB	3
GCA_937958695_1	pfkC	1
GCA_937958695_1	pfp	1
GCA_937958695_1	porA	2
GCA_937958695_1	porB	1
GCA_937958695_1	porD	1
GCA_937958695_1	porG	1
GCA_937958695_1	pps	1
GCA_937958695_1	pqqE	2
GCA_937958695_1	pta	3
GCA_937958695_1	rnfA	1
GCA_937958695_1	rnfB	3
GCA_937958695_1	rnfC	1
GCA_937958695_1	rnfD	2
GCA_937958695_1	rnfE	1
GCA_937958695_1	serA	7
GCA_937958695_1	serB	3
GCA_937967935_1	acdA	9
GCA_937967935_1	acdB	1
GCA_937967935_1	acs	10
GCA_937967935_1	apgM	1
GCA_937967935_1	dcmR	1
GCA_937967935_1	ehbC	1
GCA_937967935_1	ehbE	1
GCA_937967935_1	eno	3
GCA_937967935_1	fae-hps	1
GCA_937967935_1	fbaA	3
GCA_937967935_1	fbp	2
GCA_937967935_1	fdhA	4
GCA_937967935_1	fdhA-K00148	2
GCA_937967935_1	fdhB	1
GCA_937967935_1	fdm	1
GCA_937967935_1	fdoG	2
GCA_937967935_1	fdoH	1
GCA_937967935_1	fdoI	1
GCA_937967935_1	fdwB	1
GCA_937967935_1	folA	4
GCA_937967935_1	fpoA	2
GCA_937967935_1	fpoB	2
GCA_937967935_1	fpoD	1
GCA_937967935_1	fpoH	2
GCA_937967935_1	fpoJ	2
GCA_937967935_1	fpoK	2
GCA_937967935_1	fpoL	3
GCA_937967935_1	fpoM	2
GCA_937967935_1	fpoN	2
GCA_937967935_1	frmA	4
GCA_937967935_1	gck	1
GCA_937967935_1	glpX	3
GCA_937967935_1	glyA	5
GCA_937967935_1	gpmB	2
GCA_937967935_1	gpmI	2
GCA_937967935_1	hdrA2	1
GCA_937967935_1	hdrD	3
GCA_937967935_1	hprA	1
GCA_937967935_1	hxlB	1
GCA_937967935_1	mauC	1
GCA_937967935_1	mcl	3
GCA_937967935_1	mdh-K00024	4
GCA_937967935_1	mer	1
GCA_937967935_1	metF	1
GCA_937967935_1	mgsC	1
GCA_937967935_1	mtaA	1
GCA_937967935_1	mtbC	2
GCA_937967935_1	mtkA	2
GCA_937967935_1	mtkB	2
GCA_937967935_1	narH	1
GCA_937967935_1	nirK	7
GCA_937967935_1	nxrA	1
GCA_937967935_1	pfkA	1
GCA_937967935_1	pfkB	3
GCA_937967935_1	pfp	2
GCA_937967935_1	porA	5
GCA_937967935_1	porB	4
GCA_937967935_1	porD	2
GCA_937967935_1	porG	3
GCA_937967935_1	ppc	1
GCA_937967935_1	pps	4
GCA_937967935_1	pqqE	1
GCA_937967935_1	pqqF	2
GCA_937967935_1	pta	5
GCA_937967935_1	rnfB	1
GCA_937967935_1	rnfE	3
GCA_937967935_1	serA	7
GCA_937967935_1	serB	3
GCA_944321895_1	acdA	2
GCA_944321895_1	ackA	3
GCA_944321895_1	acs	1
GCA_944321895_1	apgM	1
GCA_944321895_1	eno	2
GCA_944321895_1	fbaA	1
GCA_944321895_1	fbp	1
GCA_944321895_1	fdhA-K00148	1
GCA_944321895_1	folA	4
GCA_944321895_1	frmA	3
GCA_944321895_1	frmB	1
GCA_944321895_1	glyA	3
GCA_944321895_1	gpmI	4
GCA_944321895_1	hdrB1	1
GCA_944321895_1	hdrC1	1
GCA_944321895_1	hdrD	2
GCA_944321895_1	hxlB	1
GCA_944321895_1	mauC	2
GCA_944321895_1	mcl	2
GCA_944321895_1	mdh-K00024	2
GCA_944321895_1	metF	1
GCA_944321895_1	mgsC	1
GCA_944321895_1	mtbC	2
GCA_944321895_1	narB	1
GCA_944321895_1	pfkA	3
GCA_944321895_1	pfkB	1
GCA_944321895_1	pfp	4
GCA_944321895_1	porA	2
GCA_944321895_1	porB	1
GCA_944321895_1	porG	1
GCA_944321895_1	pps	1
GCA_944321895_1	pqqE	1
GCA_944321895_1	pqqF	3
GCA_944321895_1	pta	6
GCA_944321895_1	rnfA	1
GCA_944321895_1	rnfB	4
GCA_944321895_1	rnfC	1
GCA_944321895_1	rnfD	2
GCA_944321895_1	rnfE	2
GCA_944321895_1	rnfG	2
GCA_944321895_1	serA	3
GCA_944321895_1	serB	3
GCA_944321895_1	serC	1
GCA_944321895_1	xoxF5	1
GCA_944358455_1	ackA	6
GCA_944358455_1	cooF	1
GCA_944358455_1	eno	1
GCA_944358455_1	fbaA	3
GCA_944358455_1	frmA	1
GCA_944358455_1	gpmB	2
GCA_944358455_1	mdh	1
GCA_944358455_1	mdh-K00024	2
GCA_944358455_1	pfp	1
GCA_944358455_1	pps	1
GCA_944358455_1	pqqE	1
GCA_944358455_1	pta	2
GCA_944358455_1	rnfA	1
GCA_944358455_1	rnfB	1
GCA_944358455_1	rnfC	1
GCA_944358455_1	rnfE	3
GCA_945786985_1	acdA	6
GCA_945786985_1	ackA	2
GCA_945786985_1	acs	12
GCA_945786985_1	acsC	2
GCA_945786985_1	acsD	2
GCA_945786985_1	amoB	1
GCA_945786985_1	apgM	1
GCA_945786985_1	cdhC	1
GCA_945786985_1	cooF	1
GCA_945786985_1	cooS	2
GCA_945786985_1	eno	1
GCA_945786985_1	fae-hps	1
GCA_945786985_1	fbaA	2
GCA_945786985_1	fbp	1
GCA_945786985_1	fchA	1
GCA_945786985_1	fdhA	6
GCA_945786985_1	fdhA-K00148	1
GCA_945786985_1	fdhB	3
GCA_945786985_1	fdhF	1
GCA_945786985_1	fdoH	1
GCA_945786985_1	fdoI	2
GCA_945786985_1	fdwB	1
GCA_945786985_1	folA	4
GCA_945786985_1	fpoA	1
GCA_945786985_1	fpoB	2
GCA_945786985_1	fpoC	1
GCA_945786985_1	fpoH	2
GCA_945786985_1	fpoJ	1
GCA_945786985_1	fpoK	1
GCA_945786985_1	frhD	1
GCA_945786985_1	frmA	4
GCA_945786985_1	gck	1
GCA_945786985_1	glpX	1
GCA_945786985_1	glyA	7
GCA_945786985_1	gpmI	2
GCA_945786985_1	hdrA1	1
GCA_945786985_1	hdrA2	1
GCA_945786985_1	hdrB1	1
GCA_945786985_1	hdrD	4
GCA_945786985_1	hxlB	1
GCA_945786985_1	mauC	2
GCA_945786985_1	mcl	1
GCA_945786985_1	mdh-K00024	1
GCA_945786985_1	mgsC	2
GCA_945786985_1	mtkB	2
GCA_945786985_1	mvhA	2
GCA_945786985_1	narB	4
GCA_945786985_1	nrfA	1
GCA_945786985_1	nrfH	1
GCA_945786985_1	pfkA	1
GCA_945786985_1	pfp	5
GCA_945786985_1	porA	1
GCA_945786985_1	porB	1
GCA_945786985_1	porD	2
GCA_945786985_1	porG	1
GCA_945786985_1	ppc	1
GCA_945786985_1	pps	3
GCA_945786985_1	pqqE	4
GCA_945786985_1	pqqF	2
GCA_945786985_1	pta	1
GCA_945786985_1	rnfA	1
GCA_945786985_1	rnfB	5
GCA_945786985_1	rnfC	3
GCA_945786985_1	rnfD	1
GCA_945786985_1	rnfE	4
GCA_945786985_1	rnfG	2
GCA_945786985_1	serA	5
GCA_945786985_1	serB	2
GCA_945786985_1	torD	1
GCA_945786985_1	torZ	1
GCA_945786985_1	vhcG	1
GCA_945786985_1	vhtG	1
GCA_945787325_1	acdA	5
GCA_945787325_1	ackA	2
GCA_945787325_1	acs	9
GCA_945787325_1	acsC	2
GCA_945787325_1	acsD	1
GCA_945787325_1	apgM	1
GCA_945787325_1	cdhC	1
GCA_945787325_1	cdhE	1
GCA_945787325_1	cooF	1
GCA_945787325_1	cooS	1
GCA_945787325_1	ehbA	1
GCA_945787325_1	ehbE	1
GCA_945787325_1	ehbH	1
GCA_945787325_1	eno	3
GCA_945787325_1	fbaA	1
GCA_945787325_1	fbp	3
GCA_945787325_1	fdhA	5
GCA_945787325_1	fdhA-K00148	1
GCA_945787325_1	fdhB	3
GCA_945787325_1	fdhF	2
GCA_945787325_1	fdoH	2
GCA_945787325_1	folA	3
GCA_945787325_1	fpoA	1
GCA_945787325_1	fpoB	3
GCA_945787325_1	fpoC	1
GCA_945787325_1	fpoD	1
GCA_945787325_1	fpoJ	1
GCA_945787325_1	fpoK	1
GCA_945787325_1	fpoL	3
GCA_945787325_1	fpoM	1
GCA_945787325_1	frhD	1
GCA_945787325_1	frmA	3
GCA_945787325_1	glpX	1
GCA_945787325_1	glyA	7
GCA_945787325_1	gpmB	1
GCA_945787325_1	gpmI	1
GCA_945787325_1	hdrA2	6
GCA_945787325_1	hdrC1	1
GCA_945787325_1	mcl	1
GCA_945787325_1	mdh	2
GCA_945787325_1	mdh-K00024	1
GCA_945787325_1	metF	3
GCA_945787325_1	mgsC	2
GCA_945787325_1	mtkB	1
GCA_945787325_1	mvhA	1
GCA_945787325_1	mvhD	1
GCA_945787325_1	mxaF	2
GCA_945787325_1	narB	1
GCA_945787325_1	nirK	1
GCA_945787325_1	pfkA	1
GCA_945787325_1	pfkB	2
GCA_945787325_1	pfp	2
GCA_945787325_1	porA	1
GCA_945787325_1	porB	1
GCA_945787325_1	porG	1
GCA_945787325_1	pps	2
GCA_945787325_1	pqqD	1
GCA_945787325_1	pqqE	1
GCA_945787325_1	pqqF	1
GCA_945787325_1	pta	2
GCA_945787325_1	rnfA	1
GCA_945787325_1	rnfB	6
GCA_945787325_1	rnfC	1
GCA_945787325_1	rnfD	1
GCA_945787325_1	rnfE	1
GCA_945787325_1	rnfG	1
GCA_945787325_1	serA	3
GCA_945787325_1	serB	2
GCA_945787325_1	serC	1
GCA_945787325_1	torY	1
GCA_945787325_1	torZ	1
GCA_945787325_1	vhuD	1
GCA_945889655_1	acdA	4
GCA_945889655_1	acs	6
GCA_945889655_1	amoB	1
GCA_945889655_1	eno	4
GCA_945889655_1	fbaA	1
GCA_945889655_1	fbp	1
GCA_945889655_1	fchA	1
GCA_945889655_1	fdhA-K00148	2
GCA_945889655_1	fdhB	2
GCA_945889655_1	fdoG	1
GCA_945889655_1	fdoH	1
GCA_945889655_1	folA	6
GCA_945889655_1	fpoA	1
GCA_945889655_1	fpoB	1
GCA_945889655_1	frmA	4
GCA_945889655_1	gfa	1
GCA_945889655_1	glpX	1
GCA_945889655_1	glyA	3
GCA_945889655_1	hdrD	1
GCA_945889655_1	hprA	1
GCA_945889655_1	mauC	6
GCA_945889655_1	mcl	2
GCA_945889655_1	mdh	1
GCA_945889655_1	mdh-K00024	2
GCA_945889655_1	mer	1
GCA_945889655_1	metF	1
GCA_945889655_1	mtkA	1
GCA_945889655_1	mtkB	1
GCA_945889655_1	mxaC	1
GCA_945889655_1	nirK	2
GCA_945889655_1	pfkA	1
GCA_945889655_1	pfp	1
GCA_945889655_1	porA	1
GCA_945889655_1	pps	2
GCA_945889655_1	pqqE	2
GCA_945889655_1	pqqF	3
GCA_945889655_1	pta	2
GCA_945889655_1	rnfD	1
GCA_945889655_1	serA	4
GCA_945889655_1	serB	1
GCA_945889655_1	torZ	1
GCA_945889655_1	xoxF5	1
GCA_945903675_1	acs	1
GCA_945903675_1	cooF	1
GCA_945903675_1	eno	2
GCA_945903675_1	fae	2
GCA_945903675_1	fbaA	4
GCA_945903675_1	fbp	1
GCA_945903675_1	fchA	1
GCA_945903675_1	fdhA	1
GCA_945903675_1	fdhA-K00148	1
GCA_945903675_1	fdwB	2
GCA_945903675_1	fghA	1
GCA_945903675_1	fmdB	1
GCA_945903675_1	folA	7
GCA_945903675_1	fpoB	3
GCA_945903675_1	fpoL	1
GCA_945903675_1	fpoM	3
GCA_945903675_1	frhG	1
GCA_945903675_1	frmA	3
GCA_945903675_1	ftr	2
GCA_945903675_1	fwdC	1
GCA_945903675_1	gck	1
GCA_945903675_1	glyA	9
GCA_945903675_1	gpmB	2
GCA_945903675_1	gpmI	2
GCA_945903675_1	hxlA	1
GCA_945903675_1	hxlB	1
GCA_945903675_1	mch	2
GCA_945903675_1	mcl	2
GCA_945903675_1	mdh-K00024	2
GCA_945903675_1	metF	2
GCA_945903675_1	mgsC	1
GCA_945903675_1	mtaA	1
GCA_945903675_1	mtdA	1
GCA_945903675_1	mtdB	2
GCA_945903675_1	mtkA	2
GCA_945903675_1	mtkB	3
GCA_945903675_1	mxaA	1
GCA_945903675_1	mxaC	1
GCA_945903675_1	mxaD	2
GCA_945903675_1	mxaF	1
GCA_945903675_1	mxaG	1
GCA_945903675_1	mxaI	1
GCA_945903675_1	mxaJ	1
GCA_945903675_1	mxaK	1
GCA_945903675_1	mxaL	1
GCA_945903675_1	narB	1
GCA_945903675_1	narG	1
GCA_945903675_1	narH	1
GCA_945903675_1	nirK	3
GCA_945903675_1	nirS	1
GCA_945903675_1	pfp	5
GCA_945903675_1	pmoA	1
GCA_945903675_1	pmoB	1
GCA_945903675_1	pmoC	1
GCA_945903675_1	pps	2
GCA_945903675_1	pqqB	1
GCA_945903675_1	pqqC	1
GCA_945903675_1	pqqD	1
GCA_945903675_1	pqqE	2
GCA_945903675_1	pqqF	1
GCA_945903675_1	pta	2
GCA_945903675_1	rnfB	1
GCA_945903675_1	rnfE	2
GCA_945903675_1	serA	1
GCA_945903675_1	serB	3
GCA_945903675_1	serC	1
GCA_945903675_1	torA	2
GCA_945903675_1	xoxF5	2
GCA_947491025_1	acdA	9
GCA_947491025_1	acdB	1
GCA_947491025_1	ackA	2
GCA_947491025_1	cooF	2
GCA_947491025_1	eno	2
GCA_947491025_1	fbaA	1
GCA_947491025_1	fbp	1
GCA_947491025_1	fdhA	2
GCA_947491025_1	fdhB	1
GCA_947491025_1	fdwB	1
GCA_947491025_1	folA	4
GCA_947491025_1	fpoB	1
GCA_947491025_1	frmA	3
GCA_947491025_1	glpX	1
GCA_947491025_1	glyA	3
GCA_947491025_1	gpmB	1
GCA_947491025_1	gpmI	1
GCA_947491025_1	hdrD	1
GCA_947491025_1	hprA	1
GCA_947491025_1	mauC	1
GCA_947491025_1	mcl	1
GCA_947491025_1	mdh-K00024	2
GCA_947491025_1	mtkA	1
GCA_947491025_1	narB	1
GCA_947491025_1	narH	1
GCA_947491025_1	pfkA	1
GCA_947491025_1	pfp	4
GCA_947491025_1	pps	1
GCA_947491025_1	pqqE	7
GCA_947491025_1	pqqF	3
GCA_947491025_1	pta	3
GCA_947491025_1	rnfC	1
GCA_947491025_1	rnfD	1
GCA_947491025_1	rnfE	1
GCA_947491025_1	serA	3
GCA_947491025_1	serB	1
GCA_947491025_1	tmm	1
GCA_963422735_1	acdA	1
GCA_963422735_1	ackA	2
GCA_963422735_1	acs	2
GCA_963422735_1	apgM	2
GCA_963422735_1	ehbA	1
GCA_963422735_1	ehbC	1
GCA_963422735_1	ehbE	1
GCA_963422735_1	ehbH	1
GCA_963422735_1	eno	5
GCA_963422735_1	fbaA	1
GCA_963422735_1	fbaB	1
GCA_963422735_1	fbp	1
GCA_963422735_1	fdhA	2
GCA_963422735_1	fdhA-K00148	5
GCA_963422735_1	fdhB	1
GCA_963422735_1	fdm	1
GCA_963422735_1	fdwB	1
GCA_963422735_1	folA	9
GCA_963422735_1	fpoL	1
GCA_963422735_1	fpoN	1
GCA_963422735_1	frmA	5
GCA_963422735_1	gck	1
GCA_963422735_1	glyA	3
GCA_963422735_1	gpmB	1
GCA_963422735_1	hdrD	1
GCA_963422735_1	hprA	10
GCA_963422735_1	hxlA	1
GCA_963422735_1	mauC	1
GCA_963422735_1	mdh	4
GCA_963422735_1	mdh-K00024	7
GCA_963422735_1	metF	2
GCA_963422735_1	mgsA	1
GCA_963422735_1	mgsB	1
GCA_963422735_1	mgsC	2
GCA_963422735_1	mmoC	1
GCA_963422735_1	mtbC	2
GCA_963422735_1	mtkA	1
GCA_963422735_1	mtkB	1
GCA_963422735_1	mxaF	1
GCA_963422735_1	nrfA	1
GCA_963422735_1	nrfH	1
GCA_963422735_1	pfp	4
GCA_963422735_1	porA	1
GCA_963422735_1	porB	1
GCA_963422735_1	porD	1
GCA_963422735_1	pps	1
GCA_963422735_1	pqqD	1
GCA_963422735_1	pqqE	2
GCA_963422735_1	pqqF	2
GCA_963422735_1	pta	1
GCA_963422735_1	rnfD	1
GCA_963422735_1	rnfE	2
GCA_963422735_1	rnfG	1
GCA_963422735_1	serA	10
GCA_963422735_1	serB	2
GCA_963422735_1	serC	1
GCA_963422735_1	xoxF5	5
GCA_963586845_1	acdA	1
GCA_963586845_1	acs	1
GCA_963586845_1	acsD	1
GCA_963586845_1	apgM	2
GCA_963586845_1	cooF	1
GCA_963586845_1	cooS	1
GCA_963586845_1	echA	1
GCA_963586845_1	echB	2
GCA_963586845_1	echE	1
GCA_963586845_1	eno	1
GCA_963586845_1	fbaA	1
GCA_963586845_1	folA	2
GCA_963586845_1	fpoA	1
GCA_963586845_1	fpoC	3
GCA_963586845_1	fpoD	1
GCA_963586845_1	fpoH	1
GCA_963586845_1	fpoK	1
GCA_963586845_1	fpoL	1
GCA_963586845_1	fpoM	2
GCA_963586845_1	fpoN	1
GCA_963586845_1	frmA	2
GCA_963586845_1	glyA	3
GCA_963586845_1	hdrA2	1
GCA_963586845_1	hdrB2	1
GCA_963586845_1	hdrC2	1
GCA_963586845_1	hdrD	3
GCA_963586845_1	hxlA	1
GCA_963586845_1	hxlB	1
GCA_963586845_1	mbhJ	2
GCA_963586845_1	mcrA	1
GCA_963586845_1	mcrB	1
GCA_963586845_1	mcrC	1
GCA_963586845_1	mcrD	1
GCA_963586845_1	mcrG	1
GCA_963586845_1	mdh-K00024	3
GCA_963586845_1	mgsC	1
GCA_963586845_1	mtaA	3
GCA_963586845_1	mtaB	3
GCA_963586845_1	mtaC	3
GCA_963586845_1	mtbB	2
GCA_963586845_1	mtbC	6
GCA_963586845_1	mtkB	1
GCA_963586845_1	mtmB	2
GCA_963586845_1	mttB	2
GCA_963586845_1	mttC	5
GCA_963586845_1	mvhA	1
GCA_963586845_1	mvhG	1
GCA_963586845_1	pfkB	1
GCA_963586845_1	pfp	1
GCA_963586845_1	porA	2
GCA_963586845_1	porB	2
GCA_963586845_1	porD	2
GCA_963586845_1	porG	2
GCA_963586845_1	pps	2
GCA_963586845_1	pqqE	1
GCA_963586845_1	pqqF	1
GCA_963586845_1	pta	2
GCA_963586845_1	rnfB	5
GCA_963586845_1	serA	2
GCA_963586845_1	serB	3
GCA_963586845_1	xoxF4	1
GCA_963594315_1	acs	3
GCA_963594315_1	acsC	1
GCA_963594315_1	acsD	1
GCA_963594315_1	apgM	1
GCA_963594315_1	cdhC	1
GCA_963594315_1	cooS	1
GCA_963594315_1	echB	1
GCA_963594315_1	eno	1
GCA_963594315_1	fae-hps	1
GCA_963594315_1	fbaA	1
GCA_963594315_1	fbp	1
GCA_963594315_1	folA	3
GCA_963594315_1	fpoC	2
GCA_963594315_1	fpoD	1
GCA_963594315_1	fpoK	1
GCA_963594315_1	fpoL	1
GCA_963594315_1	fpoM	2
GCA_963594315_1	fpoN	1
GCA_963594315_1	frmA	1
GCA_963594315_1	hdrA2	1
GCA_963594315_1	hdrB2	1
GCA_963594315_1	hdrC2	1
GCA_963594315_1	hdrD	2
GCA_963594315_1	hxlA	1
GCA_963594315_1	hxlB	1
GCA_963594315_1	mbhJ	1
GCA_963594315_1	mcrA	1
GCA_963594315_1	mcrB	1
GCA_963594315_1	mcrC	1
GCA_963594315_1	mcrD	1
GCA_963594315_1	mcrG	1
GCA_963594315_1	mdh-K00024	1
GCA_963594315_1	mgsC	2
GCA_963594315_1	mtaA	3
GCA_963594315_1	mtaB	1
GCA_963594315_1	mtaC	1
GCA_963594315_1	mtbA	1
GCA_963594315_1	mtbC	1
GCA_963594315_1	mvhA	1
GCA_963594315_1	mvhG	1
GCA_963594315_1	narH	2
GCA_963594315_1	pfkB	1
GCA_963594315_1	pfp	1
GCA_963594315_1	porA	2
GCA_963594315_1	porB	1
GCA_963594315_1	porD	1
GCA_963594315_1	porG	1
GCA_963594315_1	pps	2
GCA_963594315_1	pqqE	2
GCA_963594315_1	pqqF	1
GCA_963594315_1	pta	2
GCA_963594315_1	serA	2
GCA_963594315_1	serB	2
GCA_963594315_1	serC	2
GCA_963665755_1	acdA	4
GCA_963665755_1	ackA	2
GCA_963665755_1	acs	2
GCA_963665755_1	cooF	2
GCA_963665755_1	eno	4
GCA_963665755_1	fbaA	4
GCA_963665755_1	fchA	1
GCA_963665755_1	fdhA	1
GCA_963665755_1	fdhA-K00148	8
GCA_963665755_1	fdhB	2
GCA_963665755_1	fdhF	2
GCA_963665755_1	fdwB	3
GCA_963665755_1	folA	13
GCA_963665755_1	fpoB	1
GCA_963665755_1	fpoC	1
GCA_963665755_1	fpoH	1
GCA_963665755_1	fpoJ	1
GCA_963665755_1	fpoK	1
GCA_963665755_1	fpoM	1
GCA_963665755_1	fpoN	1
GCA_963665755_1	frmA	4
GCA_963665755_1	gck	1
GCA_963665755_1	gfa	1
GCA_963665755_1	glyA	6
GCA_963665755_1	gpmB	2
GCA_963665755_1	gpmI	1
GCA_963665755_1	hdrD	2
GCA_963665755_1	hprA	6
GCA_963665755_1	hxlA	1
GCA_963665755_1	hxlB	3
GCA_963665755_1	mcl	2
GCA_963665755_1	mdh	1
GCA_963665755_1	mdh-K00024	4
GCA_963665755_1	mer	1
GCA_963665755_1	metF	2
GCA_963665755_1	mgdA	1
GCA_963665755_1	mgsC	1
GCA_963665755_1	mtaA	1
GCA_963665755_1	mtbC	2
GCA_963665755_1	mtkA	1
GCA_963665755_1	mtkB	3
GCA_963665755_1	mxaC	1
GCA_963665755_1	narB	2
GCA_963665755_1	nirK	1
GCA_963665755_1	pfkB	3
GCA_963665755_1	pfp	4
GCA_963665755_1	porA	2
GCA_963665755_1	porB	1
GCA_963665755_1	pps	1
GCA_963665755_1	pqqA	1
GCA_963665755_1	pqqE	2
GCA_963665755_1	pqqF	1
GCA_963665755_1	pta	1
GCA_963665755_1	rnfE	2
GCA_963665755_1	serA	8
GCA_963665755_1	serB	1
GCA_963665755_1	torZ	1
GCA_963665755_1	xoxF5	2
GCA_963701105_1	acdA	1
GCA_963701105_1	acs	2
GCA_963701105_1	acsC	2
GCA_963701105_1	acsD	2
GCA_963701105_1	amoB	1
GCA_963701105_1	apgM	1
GCA_963701105_1	cdhC	1
GCA_963701105_1	cdhE	1
GCA_963701105_1	cooS	2
GCA_963701105_1	eno	5
GCA_963701105_1	fbaA	2
GCA_963701105_1	fchA	1
GCA_963701105_1	fdhA	2
GCA_963701105_1	folA	1
GCA_963701105_1	fpoB	2
GCA_963701105_1	fpoD	1
GCA_963701105_1	fpoH	1
GCA_963701105_1	fpoJ	1
GCA_963701105_1	fpoK	1
GCA_963701105_1	fpoL	1
GCA_963701105_1	fpoM	1
GCA_963701105_1	fpoN	2
GCA_963701105_1	frmA	2
GCA_963701105_1	gck	1
GCA_963701105_1	glpX	1
GCA_963701105_1	glyA	3
GCA_963701105_1	gpmI	1
GCA_963701105_1	hdrA2	1
GCA_963701105_1	hdrB2	2
GCA_963701105_1	hdrD	3
GCA_963701105_1	hxlA	1
GCA_963701105_1	mauC	1
GCA_963701105_1	mdh-K00024	1
GCA_963701105_1	metF	2
GCA_963701105_1	mgsC	1
GCA_963701105_1	mmoC	1
GCA_963701105_1	mtaA	1
GCA_963701105_1	mtbC	3
GCA_963701105_1	mtkA	1
GCA_963701105_1	mtkB	1
GCA_963701105_1	mttC	1
GCA_963701105_1	narB	1
GCA_963701105_1	nirS	1
GCA_963701105_1	nrfH	1
GCA_963701105_1	pfkB	1
GCA_963701105_1	pfp	2
GCA_963701105_1	pqqE	1
GCA_963701105_1	pqqF	1
GCA_963701105_1	pta	1
GCA_963701105_1	rnfB	4
GCA_963701105_1	rnfC	2
GCA_963701105_1	serA	2
GCA_963701105_1	serB	3
GCA_963745455_1	acdA	3
GCA_963745455_1	ackA	1
GCA_963745455_1	acs	2
GCA_963745455_1	amoA	2
GCA_963745455_1	amoB	1
GCA_963745455_1	amoC	4
GCA_963745455_1	apgM	1
GCA_963745455_1	eno	3
GCA_963745455_1	fbaA	3
GCA_963745455_1	fdhA	1
GCA_963745455_1	fdhA-K00148	2
GCA_963745455_1	fdwB	3
GCA_963745455_1	folA	5
GCA_963745455_1	fpoA	1
GCA_963745455_1	fpoB	2
GCA_963745455_1	fpoH	1
GCA_963745455_1	fpoL	2
GCA_963745455_1	fpoM	4
GCA_963745455_1	frhG	1
GCA_963745455_1	frmA	4
GCA_963745455_1	gck	1
GCA_963745455_1	glpX	2
GCA_963745455_1	glyA	11
GCA_963745455_1	gpmB	1
GCA_963745455_1	hprA	3
GCA_963745455_1	mauC	2
GCA_963745455_1	mcl	1
GCA_963745455_1	mdh-K00024	2
GCA_963745455_1	metF	2
GCA_963745455_1	mmoC	1
GCA_963745455_1	mtaA	1
GCA_963745455_1	mtkA	2
GCA_963745455_1	mtkB	1
GCA_963745455_1	narB	1
GCA_963745455_1	nirK	1
GCA_963745455_1	pfp	4
GCA_963745455_1	porD	1
GCA_963745455_1	ppc	1
GCA_963745455_1	pps	2
GCA_963745455_1	pqqC	1
GCA_963745455_1	pqqE	1
GCA_963745455_1	pta	2
GCA_963745455_1	rnfB	2
GCA_963745455_1	rnfE	2
GCA_963745455_1	serA	1
GCA_963745455_1	serB	4
GCA_963745455_1	serC	1
GCA_963745455_1	torY	1
GCA_963768165_1	ackA	4
GCA_963768165_1	acs	2
GCA_963768165_1	apgM	2
GCA_963768165_1	eno	6
GCA_963768165_1	fbaA	3
GCA_963768165_1	fdhA	3
GCA_963768165_1	fdhA-K00148	2
GCA_963768165_1	fdhB	1
GCA_963768165_1	fdm	2
GCA_963768165_1	fdoH	1
GCA_963768165_1	fdoI	1
GCA_963768165_1	folA	4
GCA_963768165_1	fpoA	1
GCA_963768165_1	fpoB	1
GCA_963768165_1	fpoC	3
GCA_963768165_1	fpoD	2
GCA_963768165_1	fpoH	2
GCA_963768165_1	fpoJ	2
GCA_963768165_1	fpoK	1
GCA_963768165_1	fpoL	2
GCA_963768165_1	fpoM	1
GCA_963768165_1	frhG	1
GCA_963768165_1	frmA	3
GCA_963768165_1	glyA	4
GCA_963768165_1	gpmB	2
GCA_963768165_1	gpmI	1
GCA_963768165_1	hdrA2	1
GCA_963768165_1	hdrD	1
GCA_963768165_1	hxlB	2
GCA_963768165_1	mcl	1
GCA_963768165_1	mdh-K00024	2
GCA_963768165_1	metF	1
GCA_963768165_1	mgsC	1
GCA_963768165_1	mtbC	4
GCA_963768165_1	mtkA	1
GCA_963768165_1	mtkB	1
GCA_963768165_1	mtsA	1
GCA_963768165_1	mttC	1
GCA_963768165_1	mvhA	1
GCA_963768165_1	mvhG	1
GCA_963768165_1	mxaL	1
GCA_963768165_1	napH	1
GCA_963768165_1	narB	1
GCA_963768165_1	nrfH	1
GCA_963768165_1	pfkA	2
GCA_963768165_1	pfkB	2
GCA_963768165_1	pfp	4
GCA_963768165_1	porA	1
GCA_963768165_1	porB	1
GCA_963768165_1	porD	1
GCA_963768165_1	pps	1
GCA_963768165_1	pqqE	7
GCA_963768165_1	pqqF	1
GCA_963768165_1	pta	2
GCA_963768165_1	rnfB	4
GCA_963768165_1	rnfC	1
GCA_963768165_1	rnfE	2
GCA_963768165_1	serA	6
GCA_963768165_1	serB	3
GCA_963773125_1	acdA	22
GCA_963773125_1	acs	7
GCA_963773125_1	cooF	2
GCA_963773125_1	eno	1
GCA_963773125_1	fbaA	1
GCA_963773125_1	fbp	1
GCA_963773125_1	fdhA	2
GCA_963773125_1	fdhA-K00148	4
GCA_963773125_1	fdhB	2
GCA_963773125_1	fdm	2
GCA_963773125_1	fdoG	2
GCA_963773125_1	folA	7
GCA_963773125_1	fpoB	1
GCA_963773125_1	fpoD	1
GCA_963773125_1	fpoH	2
GCA_963773125_1	fpoJ	2
GCA_963773125_1	fpoK	1
GCA_963773125_1	fpoL	3
GCA_963773125_1	fpoN	2
GCA_963773125_1	frmA	2
GCA_963773125_1	gck	1
GCA_963773125_1	gfa	1
GCA_963773125_1	glpX	1
GCA_963773125_1	glyA	5
GCA_963773125_1	gpmB	5
GCA_963773125_1	gpmI	1
GCA_963773125_1	hdrB1	1
GCA_963773125_1	hdrD	3
GCA_963773125_1	hprA	1
GCA_963773125_1	mauE	1
GCA_963773125_1	mcl	6
GCA_963773125_1	mdh-K00024	1
GCA_963773125_1	mer	16
GCA_963773125_1	metF	2
GCA_963773125_1	mtkB	3
GCA_963773125_1	mxaC	1
GCA_963773125_1	mxaF	1
GCA_963773125_1	narB	1
GCA_963773125_1	narH	1
GCA_963773125_1	nirK	1
GCA_963773125_1	pfp	4
GCA_963773125_1	porA	1
GCA_963773125_1	porD	1
GCA_963773125_1	pqqE	3
GCA_963773125_1	pqqF	1
GCA_963773125_1	pta	3
GCA_963773125_1	rnfE	1
GCA_963773125_1	serA	5
GCA_963773125_1	torA	3
GCA_963773125_1	torZ	1
GCA_963775895_1	acdA	3
GCA_963775895_1	ackA	2
GCA_963775895_1	acs	1
GCA_963775895_1	acsC	1
GCA_963775895_1	acsD	1
GCA_963775895_1	apgM	1
GCA_963775895_1	cdhA	1
GCA_963775895_1	cdhB	1
GCA_963775895_1	cdhC	1
GCA_963775895_1	cdhD	1
GCA_963775895_1	cdhE	2
GCA_963775895_1	cooF	4
GCA_963775895_1	echE	1
GCA_963775895_1	ehaR	2
GCA_963775895_1	eno	2
GCA_963775895_1	fae	1
GCA_963775895_1	fae-hps	1
GCA_963775895_1	fbaA	1
GCA_963775895_1	fdhA-K00148	1
GCA_963775895_1	fmdC	1
GCA_963775895_1	folA	3
GCA_963775895_1	fpoB	1
GCA_963775895_1	fpoC	2
GCA_963775895_1	frhB	1
GCA_963775895_1	ftr	2
GCA_963775895_1	fwdB	2
GCA_963775895_1	fwdG	1
GCA_963775895_1	gck	1
GCA_963775895_1	glpX	1
GCA_963775895_1	glyA	5
GCA_963775895_1	hdrA1	6
GCA_963775895_1	hdrA2	5
GCA_963775895_1	hdrB1	1
GCA_963775895_1	hdrB2	1
GCA_963775895_1	hdrC2	1
GCA_963775895_1	hdrD	2
GCA_963775895_1	hxlB	1
GCA_963775895_1	mbhJ	1
GCA_963775895_1	mch	4
GCA_963775895_1	mcl	2
GCA_963775895_1	mdh-K00024	2
GCA_963775895_1	mer	1
GCA_963775895_1	mtdB	1
GCA_963775895_1	mtkA	2
GCA_963775895_1	mtkB	3
GCA_963775895_1	mtrH	1
GCA_963775895_1	mttB	1
GCA_963775895_1	mvhA	2
GCA_963775895_1	mvhD	2
GCA_963775895_1	mvhG	1
GCA_963775895_1	narB	1
GCA_963775895_1	nirK	1
GCA_963775895_1	pfkB	2
GCA_963775895_1	pfp	1
GCA_963775895_1	porA	5
GCA_963775895_1	porB	4
GCA_963775895_1	porD	2
GCA_963775895_1	porG	4
GCA_963775895_1	pps	2
GCA_963775895_1	pqqE	4
GCA_963775895_1	pta	1
GCA_963775895_1	rnfE	1
GCA_963775895_1	serA	3
GCA_963775895_1	serB	1
GCA_963775895_1	vhcG	1
GCA_963776515_1	acs	5
GCA_963776515_1	apgM	3
GCA_963776515_1	cooF	2
GCA_963776515_1	ehbA	1
GCA_963776515_1	ehbB	1
GCA_963776515_1	ehbC	1
GCA_963776515_1	ehbD	1
GCA_963776515_1	ehbE	1
GCA_963776515_1	ehbF	1
GCA_963776515_1	ehbG	1
GCA_963776515_1	ehbH	1
GCA_963776515_1	ehbI	1
GCA_963776515_1	ehbJ	1
GCA_963776515_1	ehbK	1
GCA_963776515_1	ehbL	1
GCA_963776515_1	ehbN	1
GCA_963776515_1	ehbO	1
GCA_963776515_1	ehbP	1
GCA_963776515_1	ehbQ	1
GCA_963776515_1	fae-hps	1
GCA_963776515_1	fbp	1
GCA_963776515_1	fdhA	1
GCA_963776515_1	fmdC	1
GCA_963776515_1	folA	2
GCA_963776515_1	fpoB	1
GCA_963776515_1	frhA	1
GCA_963776515_1	frhB	2
GCA_963776515_1	frhD	2
GCA_963776515_1	frhG	1
GCA_963776515_1	frmA	1
GCA_963776515_1	ftr	1
GCA_963776515_1	fwdB	1
GCA_963776515_1	fwdC	1
GCA_963776515_1	fwdF	2
GCA_963776515_1	fwdG	1
GCA_963776515_1	fwdH	1
GCA_963776515_1	glyA	5
GCA_963776515_1	hdrA2	1
GCA_963776515_1	hdrB1	1
GCA_963776515_1	hdrC1	1
GCA_963776515_1	hdrD	1
GCA_963776515_1	hprA	1
GCA_963776515_1	hxlB	1
GCA_963776515_1	mauC	1
GCA_963776515_1	mbhJ	1
GCA_963776515_1	mch	2
GCA_963776515_1	mcrA	1
GCA_963776515_1	mcrB	1
GCA_963776515_1	mcrC	1
GCA_963776515_1	mcrD	1
GCA_963776515_1	mcrG	1
GCA_963776515_1	mdh-K00024	2
GCA_963776515_1	mer	1
GCA_963776515_1	mgsA	1
GCA_963776515_1	mgsB	1
GCA_963776515_1	mgsC	1
GCA_963776515_1	mtd	1
GCA_963776515_1	mtkA	1
GCA_963776515_1	mtkB	1
GCA_963776515_1	mtrA	2
GCA_963776515_1	mtrB	1
GCA_963776515_1	mtrC	1
GCA_963776515_1	mtrD	1
GCA_963776515_1	mtrE	1
GCA_963776515_1	mtrF	1
GCA_963776515_1	mtrG	1
GCA_963776515_1	mtrH	1
GCA_963776515_1	mvhA	2
GCA_963776515_1	mvhD	1
GCA_963776515_1	mvhG	1
GCA_963776515_1	narB	1
GCA_963776515_1	pfkB	1
GCA_963776515_1	porA	5
GCA_963776515_1	porB	1
GCA_963776515_1	porD	2
GCA_963776515_1	porG	2
GCA_963776515_1	pps	1
GCA_963776515_1	pta	1
GCA_963776515_1	rnfB	1
GCA_963776515_1	serA	2
GCA_963776515_1	serB	1
GCA_963776515_1	serC	1
GCA_963776515_1	vhcG	1
GCA_963786915_1	acdA	2
GCA_963786915_1	acs	4
GCA_963786915_1	apgM	1
GCA_963786915_1	eno	4
GCA_963786915_1	fbaA	1
GCA_963786915_1	fdhA-K00148	1
GCA_963786915_1	fghA	1
GCA_963786915_1	folA	5
GCA_963786915_1	fpoA	1
GCA_963786915_1	fpoB	2
GCA_963786915_1	fpoC	6
GCA_963786915_1	fpoD	1
GCA_963786915_1	fpoJ	1
GCA_963786915_1	fpoK	1
GCA_963786915_1	fpoL	1
GCA_963786915_1	fpoN	2
GCA_963786915_1	frmA	4
GCA_963786915_1	gck	2
GCA_963786915_1	gfa	1
GCA_963786915_1	glyA	3
GCA_963786915_1	gpmB	1
GCA_963786915_1	hprA	1
GCA_963786915_1	mauC	7
GCA_963786915_1	mcl	2
GCA_963786915_1	mdh	1
GCA_963786915_1	mdh-K00024	3
GCA_963786915_1	mer	5
GCA_963786915_1	mmoC	1
GCA_963786915_1	mtkA	2
GCA_963786915_1	mtkB	1
GCA_963786915_1	narB	1
GCA_963786915_1	nirK	3
GCA_963786915_1	pfkB	1
GCA_963786915_1	pmoB	1
GCA_963786915_1	pmoC	1
GCA_963786915_1	porA	2
GCA_963786915_1	porB	1
GCA_963786915_1	pps	2
GCA_963786915_1	pqqE	2
GCA_963786915_1	pta	3
GCA_963786915_1	rnfB	1
GCA_963786915_1	serA	3
GCA_963786915_1	serB	2
GCA_963789555_1	acs	3
GCA_963789555_1	acsC	3
GCA_963789555_1	acsD	3
GCA_963789555_1	apgM	1
GCA_963789555_1	cdhC	2
GCA_963789555_1	cdhE	2
GCA_963789555_1	cooS	2
GCA_963789555_1	echA	1
GCA_963789555_1	echB	1
GCA_963789555_1	echE	1
GCA_963789555_1	eno	1
GCA_963789555_1	fbaA	1
GCA_963789555_1	fbp	1
GCA_963789555_1	fdhA-K00148	1
GCA_963789555_1	folA	2
GCA_963789555_1	fpoB	1
GCA_963789555_1	fpoC	4
GCA_963789555_1	fpoD	1
GCA_963789555_1	fpoH	1
GCA_963789555_1	fpoJ	1
GCA_963789555_1	fpoK	1
GCA_963789555_1	fpoL	3
GCA_963789555_1	fpoM	1
GCA_963789555_1	fpoN	1
GCA_963789555_1	gfa	1
GCA_963789555_1	glyA	4
GCA_963789555_1	hdrA1	2
GCA_963789555_1	hdrA2	4
GCA_963789555_1	hdrB1	1
GCA_963789555_1	hdrB2	2
GCA_963789555_1	hdrC1	1
GCA_963789555_1	hdrC2	2
GCA_963789555_1	hdrD	2
GCA_963789555_1	hxlB	1
GCA_963789555_1	mauC	1
GCA_963789555_1	mbhJ	1
GCA_963789555_1	mcrA	1
GCA_963789555_1	mcrB	2
GCA_963789555_1	mcrC	1
GCA_963789555_1	mcrD	1
GCA_963789555_1	mcrG	1
GCA_963789555_1	mgsC	3
GCA_963789555_1	mtaA	7
GCA_963789555_1	mtaB	1
GCA_963789555_1	mtaC	2
GCA_963789555_1	mtbA	1
GCA_963789555_1	mtbC	5
GCA_963789555_1	mtkA	2
GCA_963789555_1	mtkB	1
GCA_963789555_1	mtrA	1
GCA_963789555_1	mtrH	1
GCA_963789555_1	mttC	1
GCA_963789555_1	mvhA	2
GCA_963789555_1	mvhD	2
GCA_963789555_1	mvhG	1
GCA_963789555_1	narB	1
GCA_963789555_1	pfkB	1
GCA_963789555_1	pfp	2
GCA_963789555_1	porA	4
GCA_963789555_1	porB	3
GCA_963789555_1	porD	3
GCA_963789555_1	porG	1
GCA_963789555_1	pps	4
GCA_963789555_1	pqqE	1
GCA_963789555_1	pqqF	1
GCA_963789555_1	pta	1
GCA_963789555_1	rnfB	3
GCA_963789555_1	rnfC	1
GCA_963789555_1	serA	2
GCA_963789555_1	serB	2
GCA_963789555_1	vhcD	1
GCA_963789555_1	vhuD	1
GCA_963803145_1	ackA	1
GCA_963803145_1	acs	9
GCA_963803145_1	apgM	1
GCA_963803145_1	cdhA	1
GCA_963803145_1	cdhB	1
GCA_963803145_1	cdhC	1
GCA_963803145_1	cdhD	1
GCA_963803145_1	cdhE	1
GCA_963803145_1	cooF	1
GCA_963803145_1	cooS	1
GCA_963803145_1	ehaQ	1
GCA_963803145_1	ehbA	1
GCA_963803145_1	ehbE	1
GCA_963803145_1	ehbH	3
GCA_963803145_1	ehbQ	1
GCA_963803145_1	eno	3
GCA_963803145_1	fae	1
GCA_963803145_1	fae-hps	1
GCA_963803145_1	fbaA	1
GCA_963803145_1	fbp	1
GCA_963803145_1	fdhA	4
GCA_963803145_1	fdwE	2
GCA_963803145_1	fmdB	1
GCA_963803145_1	fmdC	2
GCA_963803145_1	folA	3
GCA_963803145_1	fpoA	2
GCA_963803145_1	fpoB	3
GCA_963803145_1	fpoC	5
GCA_963803145_1	fpoD	2
GCA_963803145_1	fpoH	2
GCA_963803145_1	fpoI	2
GCA_963803145_1	fpoJ	4
GCA_963803145_1	fpoK	2
GCA_963803145_1	fpoL	2
GCA_963803145_1	fpoM	1
GCA_963803145_1	fpoN	2
GCA_963803145_1	fpoO	1
GCA_963803145_1	frhB	2
GCA_963803145_1	frmA	2
GCA_963803145_1	ftr	1
GCA_963803145_1	fwdB	2
GCA_963803145_1	fwdC	1
GCA_963803145_1	fwdG	4
GCA_963803145_1	glyA	2
GCA_963803145_1	gpmI	2
GCA_963803145_1	hdrA1	1
GCA_963803145_1	hdrB1	1
GCA_963803145_1	hdrC1	1
GCA_963803145_1	hdrD	7
GCA_963803145_1	hdrE	1
GCA_963803145_1	hprA	5
GCA_963803145_1	hxlA	1
GCA_963803145_1	hxlB	1
GCA_963803145_1	mauC	10
GCA_963803145_1	mch	1
GCA_963803145_1	mcrA	1
GCA_963803145_1	mcrB	1
GCA_963803145_1	mcrC	1
GCA_963803145_1	mcrD	1
GCA_963803145_1	mcrG	1
GCA_963803145_1	mdh	1
GCA_963803145_1	mer	1
GCA_963803145_1	metF	1
GCA_963803145_1	mgsC	1
GCA_963803145_1	mtd	1
GCA_963803145_1	mtkA	2
GCA_963803145_1	mtkB	1
GCA_963803145_1	mtrA	3
GCA_963803145_1	mtrB	1
GCA_963803145_1	mtrC	1
GCA_963803145_1	mtrD	1
GCA_963803145_1	mtrE	2
GCA_963803145_1	mtrF	1
GCA_963803145_1	mtrG	1
GCA_963803145_1	mtrH	2
GCA_963803145_1	mxaF	1
GCA_963803145_1	narH	1
GCA_963803145_1	nirK	4
GCA_963803145_1	pfkB	1
GCA_963803145_1	pfkC	1
GCA_963803145_1	pfp	1
GCA_963803145_1	porA	3
GCA_963803145_1	porB	1
GCA_963803145_1	porD	1
GCA_963803145_1	porG	1
GCA_963803145_1	pps	2
GCA_963803145_1	pqqE	11
GCA_963803145_1	pta	2
GCA_963803145_1	rnfB	5
GCA_963803145_1	rnfE	1
GCA_963803145_1	serA	4
GCA_963803145_1	serB	1
GCA_963803145_1	xoxF4	2
GCA_963803145_1	xoxF5	1
GCA_963804035_1	acdA	1
GCA_963804035_1	ackA	2
GCA_963804035_1	acs	5
GCA_963804035_1	amoB	1
GCA_963804035_1	cooF	1
GCA_963804035_1	eno	4
GCA_963804035_1	fae	2
GCA_963804035_1	fbaA	6
GCA_963804035_1	fchA	1
GCA_963804035_1	fdhA	1
GCA_963804035_1	fdsD	1
GCA_963804035_1	folA	7
GCA_963804035_1	fpoB	2
GCA_963804035_1	fpoL	1
GCA_963804035_1	fpoM	3
GCA_963804035_1	frmA	2
GCA_963804035_1	ftr	2
GCA_963804035_1	fwdB	1
GCA_963804035_1	gck	1
GCA_963804035_1	glyA	10
GCA_963804035_1	gpmB	3
GCA_963804035_1	gpmI	2
GCA_963804035_1	hdrA1	1
GCA_963804035_1	hxlA	1
GCA_963804035_1	mch	3
GCA_963804035_1	mcl	1
GCA_963804035_1	mdh-K00024	2
GCA_963804035_1	metF	9
GCA_963804035_1	mgsC	1
GCA_963804035_1	mmoC	2
GCA_963804035_1	mtaA	1
GCA_963804035_1	mtdA	1
GCA_963804035_1	mtdB	2
GCA_963804035_1	mtkA	2
GCA_963804035_1	mtkB	5
GCA_963804035_1	mxaD	1
GCA_963804035_1	narB	3
GCA_963804035_1	nirK	4
GCA_963804035_1	nirS	1
GCA_963804035_1	pfp	6
GCA_963804035_1	pmoA	3
GCA_963804035_1	pmoB	3
GCA_963804035_1	pmoC	3
GCA_963804035_1	pps	1
GCA_963804035_1	pqqB	2
GCA_963804035_1	pqqC	1
GCA_963804035_1	pqqE	2
GCA_963804035_1	pqqF	1
GCA_963804035_1	pta	3
GCA_963804035_1	rnfA	1
GCA_963804035_1	rnfB	3
GCA_963804035_1	rnfC	1
GCA_963804035_1	rnfD	1
GCA_963804035_1	rnfE	3
GCA_963804035_1	rnfG	1
GCA_963804035_1	serA	3
GCA_963804035_1	serB	3
GCA_963804035_1	serC	1
GCA_963804035_1	tmm	1
GCA_963804035_1	torA	1
GCA_963804035_1	xoxF4	1
GCA_963804035_1	xoxF5	1
GCA_963829335_1	acs	6
GCA_963829335_1	acsC	3
GCA_963829335_1	apgM	2
GCA_963829335_1	cdhA	2
GCA_963829335_1	cdhB	1
GCA_963829335_1	cdhC	4
GCA_963829335_1	cdhD	2
GCA_963829335_1	cdhE	2
GCA_963829335_1	cooS	1
GCA_963829335_1	echA	1
GCA_963829335_1	echB	2
GCA_963829335_1	echE	3
GCA_963829335_1	ehbQ	2
GCA_963829335_1	eno	2
GCA_963829335_1	fae-hps	1
GCA_963829335_1	fbaA	1
GCA_963829335_1	fbp	2
GCA_963829335_1	fdhA	2
GCA_963829335_1	fdhB	2
GCA_963829335_1	folA	5
GCA_963829335_1	fpoC	4
GCA_963829335_1	fpoH	1
GCA_963829335_1	fpoL	1
GCA_963829335_1	fpoN	1
GCA_963829335_1	frhA	1
GCA_963829335_1	frhB	1
GCA_963829335_1	frhD	1
GCA_963829335_1	frhG	1
GCA_963829335_1	frmA	2
GCA_963829335_1	ftr	2
GCA_963829335_1	fwdB	1
GCA_963829335_1	fwdG	1
GCA_963829335_1	gfa	1
GCA_963829335_1	glyA	3
GCA_963829335_1	hdrA1	4
GCA_963829335_1	hdrB2	1
GCA_963829335_1	hdrC1	1
GCA_963829335_1	hdrD	1
GCA_963829335_1	hxlA	1
GCA_963829335_1	hxlB	2
GCA_963829335_1	mauC	3
GCA_963829335_1	mbhJ	2
GCA_963829335_1	mch	1
GCA_963829335_1	mdh-K00024	3
GCA_963829335_1	mer	1
GCA_963829335_1	metF	3
GCA_963829335_1	mgsC	2
GCA_963829335_1	mtd	1
GCA_963829335_1	mtkA	1
GCA_963829335_1	mtrA	2
GCA_963829335_1	mtrB	1
GCA_963829335_1	mtrC	2
GCA_963829335_1	mtrD	1
GCA_963829335_1	mtrE	1
GCA_963829335_1	mtrF	1
GCA_963829335_1	mtrH	1
GCA_963829335_1	mvhD	1
GCA_963829335_1	narB	2
GCA_963829335_1	narH	1
GCA_963829335_1	nirK	1
GCA_963829335_1	pfkA	2
GCA_963829335_1	pfkC	1
GCA_963829335_1	pfp	1
GCA_963829335_1	porA	4
GCA_963829335_1	porB	1
GCA_963829335_1	porD	1
GCA_963829335_1	porG	4
GCA_963829335_1	pps	1
GCA_963829335_1	pqqE	3
GCA_963829335_1	pta	1
GCA_963829335_1	rnfB	2
GCA_963829335_1	rnfE	1
GCA_963829335_1	serA	3
GCA_963829335_1	serB	1
GCA_964343345_1	acdA	4
GCA_964343345_1	acs	1
GCA_964343345_1	apgM	1
GCA_964343345_1	ehbA	1
GCA_964343345_1	eno	2
GCA_964343345_1	fbp	1
GCA_964343345_1	fchA	1
GCA_964343345_1	fdhA-K00148	1
GCA_964343345_1	fdwB	2
GCA_964343345_1	folA	2
GCA_964343345_1	fpoB	1
GCA_964343345_1	fpoD	1
GCA_964343345_1	fpoH	1
GCA_964343345_1	fpoJ	1
GCA_964343345_1	fpoK	1
GCA_964343345_1	fpoM	1
GCA_964343345_1	fpoN	2
GCA_964343345_1	frmA	1
GCA_964343345_1	glyA	2
GCA_964343345_1	gpmI	1
GCA_964343345_1	hdrA1	1
GCA_964343345_1	hprA	1
GCA_964343345_1	mauC	1
GCA_964343345_1	mcl	2
GCA_964343345_1	mdh-K00024	3
GCA_964343345_1	mtkA	1
GCA_964343345_1	mtkB	2
GCA_964343345_1	pfkA	2
GCA_964343345_1	pfp	1
GCA_964343345_1	porB	1
GCA_964343345_1	pps	1
GCA_964343345_1	pqqB	1
GCA_964343345_1	pta	1
GCA_964343345_1	rnfA	1
GCA_964343345_1	rnfB	1
GCA_964343345_1	rnfE	1
GCA_964343345_1	serA	1
GCA_964343345_1	serB	1
GCA_964347835_1	acdA	1
GCA_964347835_1	ackA	1
GCA_964347835_1	acs	2
GCA_964347835_1	acsC	1
GCA_964347835_1	amoB	1
GCA_964347835_1	apgM	2
GCA_964347835_1	cdhA	2
GCA_964347835_1	cdhB	1
GCA_964347835_1	cdhC	1
GCA_964347835_1	cdhD	1
GCA_964347835_1	cdhE	2
GCA_964347835_1	cooS	1
GCA_964347835_1	ehbQ	2
GCA_964347835_1	eno	2
GCA_964347835_1	fae-hps	1
GCA_964347835_1	fbaA	1
GCA_964347835_1	fbp	2
GCA_964347835_1	fdhB	1
GCA_964347835_1	folA	2
GCA_964347835_1	fpoB	2
GCA_964347835_1	fpoC	2
GCA_964347835_1	frhB	2
GCA_964347835_1	frhD	1
GCA_964347835_1	frmA	2
GCA_964347835_1	ftr	1
GCA_964347835_1	fwdB	2
GCA_964347835_1	fwdC	1
GCA_964347835_1	fwdG	2
GCA_964347835_1	gck	1
GCA_964347835_1	glyA	2
GCA_964347835_1	hdrA1	1
GCA_964347835_1	hdrA2	4
GCA_964347835_1	hdrB1	4
GCA_964347835_1	hdrB2	1
GCA_964347835_1	hdrC2	5
GCA_964347835_1	hdrD	6
GCA_964347835_1	hxlA	1
GCA_964347835_1	hxlB	1
GCA_964347835_1	mbhJ	2
GCA_964347835_1	mch	1
GCA_964347835_1	mcl	2
GCA_964347835_1	mer	4
GCA_964347835_1	mgsC	1
GCA_964347835_1	mtaA	3
GCA_964347835_1	mtbA	2
GCA_964347835_1	mtd	1
GCA_964347835_1	mtkA	1
GCA_964347835_1	mtkB	2
GCA_964347835_1	mtrA	3
GCA_964347835_1	mtrH	2
GCA_964347835_1	mttC	1
GCA_964347835_1	mvhA	1
GCA_964347835_1	mvhD	2
GCA_964347835_1	mvhG	1
GCA_964347835_1	napH	3
GCA_964347835_1	narB	3
GCA_964347835_1	narH	1
GCA_964347835_1	pfkB	1
GCA_964347835_1	pfp	2
GCA_964347835_1	porA	3
GCA_964347835_1	porB	3
GCA_964347835_1	porD	3
GCA_964347835_1	porG	3
GCA_964347835_1	pps	1
GCA_964347835_1	pqqB	1
GCA_964347835_1	pqqD	1
GCA_964347835_1	pqqE	5
GCA_964347835_1	rnfB	2
GCA_964347835_1	rnfC	1
GCA_964347835_1	serA	2
GCA_964347835_1	serB	4
GCA_964354375_1	acdA	3
GCA_964354375_1	acs	5
GCA_964354375_1	acsD	1
GCA_964354375_1	apgM	1
GCA_964354375_1	cooF	1
GCA_964354375_1	echA	1
GCA_964354375_1	echB	1
GCA_964354375_1	echE	1
GCA_964354375_1	eno	2
GCA_964354375_1	fbaA	2
GCA_964354375_1	fbaB	1
GCA_964354375_1	fbp	1
GCA_964354375_1	fchA	1
GCA_964354375_1	fdhA	1
GCA_964354375_1	fdoI	1
GCA_964354375_1	fdwB	1
GCA_964354375_1	fghA	1
GCA_964354375_1	folA	2
GCA_964354375_1	fpoA	1
GCA_964354375_1	fpoB	1
GCA_964354375_1	fpoC	1
GCA_964354375_1	fpoI	1
GCA_964354375_1	fpoJ	1
GCA_964354375_1	fpoK	1
GCA_964354375_1	fpoL	2
GCA_964354375_1	fpoM	2
GCA_964354375_1	fpoN	1
GCA_964354375_1	frhG	1
GCA_964354375_1	frmA	3
GCA_964354375_1	gfa	1
GCA_964354375_1	glpX	1
GCA_964354375_1	glyA	3
GCA_964354375_1	gpmB	2
GCA_964354375_1	gpmI	2
GCA_964354375_1	hdrA1	1
GCA_964354375_1	hdrA2	1
GCA_964354375_1	hdrB1	1
GCA_964354375_1	hdrB2	1
GCA_964354375_1	hdrC2	2
GCA_964354375_1	hdrD	3
GCA_964354375_1	hxlB	1
GCA_964354375_1	mbhJ	1
GCA_964354375_1	mcl	1
GCA_964354375_1	mdh	1
GCA_964354375_1	mdh-K00024	1
GCA_964354375_1	mtaA	1
GCA_964354375_1	mtkA	2
GCA_964354375_1	mtkB	2
GCA_964354375_1	mttC	1
GCA_964354375_1	mvhA	2
GCA_964354375_1	mvhD	1
GCA_964354375_1	mvhG	2
GCA_964354375_1	mxaC	1
GCA_964354375_1	mxaF	1
GCA_964354375_1	pfkA	3
GCA_964354375_1	pfkB	2
GCA_964354375_1	pfp	2
GCA_964354375_1	porA	3
GCA_964354375_1	porB	3
GCA_964354375_1	porG	3
GCA_964354375_1	pps	1
GCA_964354375_1	pqqF	1
GCA_964354375_1	pta	1
GCA_964354375_1	rnfB	5
GCA_964354375_1	serA	3
GCA_964354375_1	serB	2
GCA_964354375_1	serC	1
GCA_964354375_1	vhcD	1
GCA_964371695_1	acdA	12
GCA_964371695_1	acdB	1
GCA_964371695_1	acs	4
GCA_964371695_1	cooF	3
GCA_964371695_1	eno	2
GCA_964371695_1	fbaA	2
GCA_964371695_1	fbaB	1
GCA_964371695_1	fbp	1
GCA_964371695_1	fdhF	1
GCA_964371695_1	fdoG	1
GCA_964371695_1	fdwB	3
GCA_964371695_1	folA	1
GCA_964371695_1	fpoB	1
GCA_964371695_1	fpoC	1
GCA_964371695_1	fpoD	1
GCA_964371695_1	fpoJ	1
GCA_964371695_1	fpoL	2
GCA_964371695_1	frmA	2
GCA_964371695_1	glpX	1
GCA_964371695_1	glyA	5
GCA_964371695_1	gpmB	2
GCA_964371695_1	gpmI	1
GCA_964371695_1	hdrA2	1
GCA_964371695_1	hxlB	1
GCA_964371695_1	mcl	3
GCA_964371695_1	mdh	2
GCA_964371695_1	mdh-K00024	5
GCA_964371695_1	metF	1
GCA_964371695_1	mgsC	1
GCA_964371695_1	mtkA	1
GCA_964371695_1	mtkB	1
GCA_964371695_1	narB	5
GCA_964371695_1	narH	2
GCA_964371695_1	nirK	2
GCA_964371695_1	nirS	1
GCA_964371695_1	nxrA	1
GCA_964371695_1	pfkA	2
GCA_964371695_1	pfp	1
GCA_964371695_1	porA	1
GCA_964371695_1	porB	1
GCA_964371695_1	pps	3
GCA_964371695_1	pqqE	14
GCA_964371695_1	pqqF	1
GCA_964371695_1	pta	3
GCA_964371695_1	rnfB	1
GCA_964371695_1	rnfE	1
GCA_964371695_1	serA	3
GCA_964371695_1	serB	4
GCA_964371695_1	serC	1
GCA_964371695_1	vhcA	1
GCA_964371695_1	vhuG	1
GCA_964372275_1	acdA	14
GCA_964372275_1	acdB	1
GCA_964372275_1	ackA	2
GCA_964372275_1	acs	6
GCA_964372275_1	cooF	4
GCA_964372275_1	eno	2
GCA_964372275_1	fbaA	1
GCA_964372275_1	fbaB	1
GCA_964372275_1	fdhA	2
GCA_964372275_1	fdhB	1
GCA_964372275_1	fdwB	2
GCA_964372275_1	folA	5
GCA_964372275_1	fpoB	4
GCA_964372275_1	fpoC	1
GCA_964372275_1	fpoD	1
GCA_964372275_1	fpoH	2
GCA_964372275_1	fpoJ	2
GCA_964372275_1	fpoK	1
GCA_964372275_1	fpoL	2
GCA_964372275_1	fpoM	2
GCA_964372275_1	fpoN	1
GCA_964372275_1	frmA	1
GCA_964372275_1	gck	1
GCA_964372275_1	glpX	1
GCA_964372275_1	glyA	7
GCA_964372275_1	gpmI	3
GCA_964372275_1	hdrD	2
GCA_964372275_1	hprA	2
GCA_964372275_1	hxlB	1
GCA_964372275_1	mauC	3
GCA_964372275_1	mcl	4
GCA_964372275_1	mdh	1
GCA_964372275_1	mdh-K00024	6
GCA_964372275_1	metF	1
GCA_964372275_1	mgsA	1
GCA_964372275_1	mtbC	1
GCA_964372275_1	mtkA	1
GCA_964372275_1	mtkB	2
GCA_964372275_1	mtsA	1
GCA_964372275_1	mxaC	1
GCA_964372275_1	mxaL	1
GCA_964372275_1	nirK	3
GCA_964372275_1	pfkA	3
GCA_964372275_1	pfp	4
GCA_964372275_1	porA	1
GCA_964372275_1	pps	3
GCA_964372275_1	pqqE	2
GCA_964372275_1	pqqF	5
GCA_964372275_1	pta	7
GCA_964372275_1	rnfB	1
GCA_964372275_1	rnfE	2
GCA_964372275_1	serA	3
GCA_964372275_1	serB	4
GCA_964387285_1	acdA	3
GCA_964387285_1	ackA	5
GCA_964387285_1	acs	4
GCA_964387285_1	acsC	2
GCA_964387285_1	apgM	1
GCA_964387285_1	cdhC	1
GCA_964387285_1	cdhE	1
GCA_964387285_1	cooS	1
GCA_964387285_1	echB	2
GCA_964387285_1	eno	3
GCA_964387285_1	fbaA	7
GCA_964387285_1	fbp	1
GCA_964387285_1	fchA	1
GCA_964387285_1	fdhA	2
GCA_964387285_1	fdhA-K00148	3
GCA_964387285_1	fdhF	1
GCA_964387285_1	fdm	1
GCA_964387285_1	fdoH	3
GCA_964387285_1	fdoI	1
GCA_964387285_1	fdwB	2
GCA_964387285_1	fghA	1
GCA_964387285_1	folA	4
GCA_964387285_1	fpoA	2
GCA_964387285_1	fpoB	3
GCA_964387285_1	fpoC	1
GCA_964387285_1	fpoD	1
GCA_964387285_1	fpoH	2
GCA_964387285_1	fpoJ	2
GCA_964387285_1	fpoK	2
GCA_964387285_1	fpoL	3
GCA_964387285_1	fpoM	3
GCA_964387285_1	fpoN	2
GCA_964387285_1	frhD	1
GCA_964387285_1	frmA	3
GCA_964387285_1	frmB	1
GCA_964387285_1	glyA	4
GCA_964387285_1	gpmB	1
GCA_964387285_1	gpmI	1
GCA_964387285_1	hdrA2	1
GCA_964387285_1	hdrB2	1
GCA_964387285_1	hdrC2	1
GCA_964387285_1	hdrD	2
GCA_964387285_1	hprA	3
GCA_964387285_1	hxlB	2
GCA_964387285_1	mauE	1
GCA_964387285_1	mbhJ	2
GCA_964387285_1	mbhL	2
GCA_964387285_1	mdh	2
GCA_964387285_1	mgsC	1
GCA_964387285_1	mmoC	1
GCA_964387285_1	mtaA	2
GCA_964387285_1	mtbC	3
GCA_964387285_1	mtkA	2
GCA_964387285_1	mtkB	1
GCA_964387285_1	mtsA	1
GCA_964387285_1	mttB	1
GCA_964387285_1	mttC	1
GCA_964387285_1	mvhD	1
GCA_964387285_1	napH	2
GCA_964387285_1	narB	1
GCA_964387285_1	nrfA	1
GCA_964387285_1	nrfH	1
GCA_964387285_1	pfkA	2
GCA_964387285_1	pfkB	1
GCA_964387285_1	pfp	5
GCA_964387285_1	porA	2
GCA_964387285_1	porB	2
GCA_964387285_1	porD	2
GCA_964387285_1	porG	1
GCA_964387285_1	pps	2
GCA_964387285_1	pqqD	1
GCA_964387285_1	pqqE	11
GCA_964387285_1	pqqF	2
GCA_964387285_1	pta	4
GCA_964387285_1	rnfA	1
GCA_964387285_1	rnfB	7
GCA_964387285_1	rnfC	2
GCA_964387285_1	rnfD	1
GCA_964387285_1	rnfE	2
GCA_964387285_1	rnfG	1
GCA_964387285_1	serA	6
GCA_964387285_1	serB	2
GCA_964387285_1	serC	1
GCA_964387285_1	torA	1
GCA_964387285_1	xoxF5	1
GCA_964389675_1	acdA	2
GCA_964389675_1	ackA	1
GCA_964389675_1	acs	6
GCA_964389675_1	apgM	1
GCA_964389675_1	cooF	1
GCA_964389675_1	cooS	1
GCA_964389675_1	eno	2
GCA_964389675_1	fbaA	2
GCA_964389675_1	fbp	1
GCA_964389675_1	fchA	1
GCA_964389675_1	fdhA	2
GCA_964389675_1	fdhA-K00148	1
GCA_964389675_1	folA	2
GCA_964389675_1	fpoB	1
GCA_964389675_1	frmA	2
GCA_964389675_1	glyA	2
GCA_964389675_1	gpmB	2
GCA_964389675_1	gpmI	2
GCA_964389675_1	hdrA2	1
GCA_964389675_1	hdrB2	1
GCA_964389675_1	hdrC2	1
GCA_964389675_1	hdrD	1
GCA_964389675_1	hxlB	1
GCA_964389675_1	mcl	2
GCA_964389675_1	mdh	1
GCA_964389675_1	mmoC	2
GCA_964389675_1	mtkA	1
GCA_964389675_1	mtkB	1
GCA_964389675_1	mvhA	1
GCA_964389675_1	mvhD	1
GCA_964389675_1	mvhG	1
GCA_964389675_1	mxaC	1
GCA_964389675_1	narB	1
GCA_964389675_1	pfkA	4
GCA_964389675_1	pfp	3
GCA_964389675_1	porA	4
GCA_964389675_1	porB	4
GCA_964389675_1	porD	1
GCA_964389675_1	porG	3
GCA_964389675_1	pps	1
GCA_964389675_1	pqqE	4
GCA_964389675_1	pqqF	1
GCA_964389675_1	pta	3
GCA_964389675_1	rnfA	1
GCA_964389675_1	rnfB	5
GCA_964389675_1	rnfC	1
GCA_964389675_1	rnfD	2
GCA_964389675_1	rnfE	3
GCA_964389675_1	rnfG	1
GCA_964389675_1	serA	4
GCA_964389675_1	serB	2
GCA_964389675_1	serC	1
GCA_964389675_1	vhcA	1
GCA_964389675_1	vhuG	1
GCA_964389675_1	xoxF5	1
GCA_964392195_1	acdA	43
GCA_964392195_1	acdB	3
GCA_964392195_1	ackA	2
GCA_964392195_1	acs	13
GCA_964392195_1	dcmA	2
GCA_964392195_1	echB	1
GCA_964392195_1	eno	2
GCA_964392195_1	fbaA	2
GCA_964392195_1	fbaB	1
GCA_964392195_1	fbp	3
GCA_964392195_1	fdhA	2
GCA_964392195_1	fdhA-K00148	3
GCA_964392195_1	fdhB	1
GCA_964392195_1	fdm	1
GCA_964392195_1	fdoG	2
GCA_964392195_1	fdoH	2
GCA_964392195_1	fdwB	1
GCA_964392195_1	fghA	1
GCA_964392195_1	folA	8
GCA_964392195_1	fpoA	1
GCA_964392195_1	fpoB	1
GCA_964392195_1	fpoH	2
GCA_964392195_1	fpoM	2
GCA_964392195_1	fpoN	1
GCA_964392195_1	frmA	5
GCA_964392195_1	glpX	1
GCA_964392195_1	glyA	9
GCA_964392195_1	gpmB	4
GCA_964392195_1	gpmI	2
GCA_964392195_1	hdrD	2
GCA_964392195_1	hprA	1
GCA_964392195_1	mauC	4
GCA_964392195_1	mbhJ	1
GCA_964392195_1	mcl	3
GCA_964392195_1	mdh	1
GCA_964392195_1	mdh-K00024	4
GCA_964392195_1	mer	7
GCA_964392195_1	metF	1
GCA_964392195_1	mgsC	1
GCA_964392195_1	mmoC	3
GCA_964392195_1	mtkB	1
GCA_964392195_1	mvhA	2
GCA_964392195_1	mxaL	1
GCA_964392195_1	narB	4
GCA_964392195_1	nirK	1
GCA_964392195_1	nrfA	1
GCA_964392195_1	nrfH	1
GCA_964392195_1	pfkB	2
GCA_964392195_1	pfp	6
GCA_964392195_1	porA	2
GCA_964392195_1	porB	1
GCA_964392195_1	ppc	1
GCA_964392195_1	pps	4
GCA_964392195_1	pqqE	28
GCA_964392195_1	pqqF	1
GCA_964392195_1	pta	7
GCA_964392195_1	rnfB	4
GCA_964392195_1	rnfD	1
GCA_964392195_1	rnfE	1
GCA_964392195_1	rnfG	1
GCA_964392195_1	serA	4
GCA_964392195_1	serB	4
GCA_964392195_1	serC	2
GCA_964392195_1	tmm	1
GCA_964392195_1	torA	2
GCA_964392195_1	vhcG	1
GCA_964392195_1	vhtG	1
GCA_964393905_1	acdA	8
GCA_964393905_1	ackA	2
GCA_964393905_1	acs	3
GCA_964393905_1	eno	3
GCA_964393905_1	fbaA	1
GCA_964393905_1	fbaB	1
GCA_964393905_1	fbp	1
GCA_964393905_1	fchA	1
GCA_964393905_1	fdhA	1
GCA_964393905_1	fdhA-K00148	1
GCA_964393905_1	fdhB	1
GCA_964393905_1	fdhF	1
GCA_964393905_1	fdwB	1
GCA_964393905_1	folA	5
GCA_964393905_1	fpoA	2
GCA_964393905_1	fpoB	3
GCA_964393905_1	fpoC	2
GCA_964393905_1	fpoD	1
GCA_964393905_1	fpoH	2
GCA_964393905_1	fpoJ	2
GCA_964393905_1	fpoK	1
GCA_964393905_1	fpoL	2
GCA_964393905_1	fpoM	2
GCA_964393905_1	fpoN	2
GCA_964393905_1	frhB	1
GCA_964393905_1	frmA	1
GCA_964393905_1	glyA	3
GCA_964393905_1	gpmB	1
GCA_964393905_1	gpmI	2
GCA_964393905_1	hdrD	1
GCA_964393905_1	hxlA	1
GCA_964393905_1	mauC	3
GCA_964393905_1	mcl	2
GCA_964393905_1	mdh-K00024	2
GCA_964393905_1	metF	1
GCA_964393905_1	mmoC	1
GCA_964393905_1	mxaL	1
GCA_964393905_1	narB	2
GCA_964393905_1	nirK	3
GCA_964393905_1	pfp	4
GCA_964393905_1	ppc	1
GCA_964393905_1	pps	1
GCA_964393905_1	pqqA	1
GCA_964393905_1	pqqB	2
GCA_964393905_1	pqqF	1
GCA_964393905_1	pta	2
GCA_964393905_1	rnfE	1
GCA_964393905_1	rnfG	1
GCA_964393905_1	serA	3
GCA_964393905_1	serC	1
GCA_964397735_1	acdA	4
GCA_964397735_1	acs	1
GCA_964397735_1	cooF	1
GCA_964397735_1	ehbE	1
GCA_964397735_1	eno	2
GCA_964397735_1	fchA	1
GCA_964397735_1	fdwB	2
GCA_964397735_1	folA	3
GCA_964397735_1	fpoB	1
GCA_964397735_1	fpoD	1
GCA_964397735_1	fpoH	1
GCA_964397735_1	fpoK	1
GCA_964397735_1	fpoL	1
GCA_964397735_1	fpoM	1
GCA_964397735_1	fpoN	1
GCA_964397735_1	frmA	1
GCA_964397735_1	glyA	2
GCA_964397735_1	gpmI	1
GCA_964397735_1	hdrA1	1
GCA_964397735_1	mcl	2
GCA_964397735_1	mdh-K00024	3
GCA_964397735_1	mmoC	1
GCA_964397735_1	mtkA	2
GCA_964397735_1	mtkB	2
GCA_964397735_1	pfp	1
GCA_964397735_1	porA	1
GCA_964397735_1	pps	2
GCA_964397735_1	pqqB	1
GCA_964397735_1	pta	1
GCA_964397735_1	rnfA	1
GCA_964397735_1	rnfB	1
GCA_964397735_1	rnfE	1
GCA_964397735_1	serB	1
GCA_964398245_1	acdA	2
GCA_964398245_1	ackA	3
GCA_964398245_1	acs	3
GCA_964398245_1	cdhB	1
GCA_964398245_1	cooF	1
GCA_964398245_1	echB	1
GCA_964398245_1	eno	3
GCA_964398245_1	fbp	1
GCA_964398245_1	fchA	2
GCA_964398245_1	fdhA	1
GCA_964398245_1	fdwB	3
GCA_964398245_1	folA	3
GCA_964398245_1	fpoM	1
GCA_964398245_1	frhG	2
GCA_964398245_1	frmA	2
GCA_964398245_1	gck	1
GCA_964398245_1	glpX	2
GCA_964398245_1	glyA	4
GCA_964398245_1	gpmI	1
GCA_964398245_1	hdrA2	2
GCA_964398245_1	hdrB2	1
GCA_964398245_1	mauC	1
GCA_964398245_1	mbhJ	1
GCA_964398245_1	mcrA	1
GCA_964398245_1	mcrG	2
GCA_964398245_1	mdh	1
GCA_964398245_1	mdh-K00024	3
GCA_964398245_1	mgsA	1
GCA_964398245_1	mvhA	1
GCA_964398245_1	napH	1
GCA_964398245_1	narB	1
GCA_964398245_1	pfkA	1
GCA_964398245_1	pfp	3
GCA_964398245_1	porA	3
GCA_964398245_1	porB	2
GCA_964398245_1	porG	3
GCA_964398245_1	pps	1
GCA_964398245_1	pqqE	3
GCA_964398245_1	pta	5
GCA_964398245_1	rnfA	1
GCA_964398245_1	rnfB	2
GCA_964398245_1	rnfC	1
GCA_964398245_1	rnfD	1
GCA_964398245_1	rnfE	1
GCA_964398245_1	rnfG	2
GCA_964398245_1	serA	5
GCA_964398245_1	serB	2
GCA_964398245_1	serC	1
GCA_964399265_1	acdA	7
GCA_964399265_1	ackA	2
GCA_964399265_1	acs	9
GCA_964399265_1	acsD	1
GCA_964399265_1	apgM	1
GCA_964399265_1	cooS	1
GCA_964399265_1	ehbC	2
GCA_964399265_1	ehbD	1
GCA_964399265_1	ehbE	1
GCA_964399265_1	ehbI	1
GCA_964399265_1	eno	1
GCA_964399265_1	fbaA	3
GCA_964399265_1	fchA	2
GCA_964399265_1	fdhA	1
GCA_964399265_1	folA	2
GCA_964399265_1	fpoD	1
GCA_964399265_1	fpoH	1
GCA_964399265_1	fpoL	1
GCA_964399265_1	fpoM	1
GCA_964399265_1	frhD	2
GCA_964399265_1	frmA	1
GCA_964399265_1	glpX	1
GCA_964399265_1	glyA	4
GCA_964399265_1	gpmI	4
GCA_964399265_1	hdrA2	3
GCA_964399265_1	hdrC2	1
GCA_964399265_1	hdrD	1
GCA_964399265_1	mbhL	1
GCA_964399265_1	mcl	2
GCA_964399265_1	metF	1
GCA_964399265_1	mmoC	1
GCA_964399265_1	mtbB	1
GCA_964399265_1	mtbC	1
GCA_964399265_1	mtkA	1
GCA_964399265_1	mtkB	2
GCA_964399265_1	mvhA	1
GCA_964399265_1	mvhD	2
GCA_964399265_1	mvhG	1
GCA_964399265_1	napH	1
GCA_964399265_1	narB	2
GCA_964399265_1	pfkA	1
GCA_964399265_1	pfp	2
GCA_964399265_1	porA	3
GCA_964399265_1	porB	1
GCA_964399265_1	porD	1
GCA_964399265_1	porG	4
GCA_964399265_1	pps	1
GCA_964399265_1	pqqE	5
GCA_964399265_1	pqqF	2
GCA_964399265_1	pta	4
GCA_964399265_1	rnfA	1
GCA_964399265_1	rnfB	5
GCA_964399265_1	rnfC	2
GCA_964399265_1	rnfD	1
GCA_964399265_1	rnfE	2
GCA_964399265_1	rnfG	1
GCA_964399265_1	serA	6
GCA_964399265_1	serB	4
GCA_964401205_1	acdA	1
GCA_964401205_1	apgM	1
GCA_964401205_1	eno	2
GCA_964401205_1	fbp	1
GCA_964401205_1	frmA	1
GCA_964401205_1	glpX	1
GCA_964401205_1	hxlA	1
GCA_964401205_1	hxlB	1
GCA_964401205_1	mdh	1
GCA_964401205_1	mtkB	1
GCA_964401205_1	pfkB	1
GCA_964401205_1	porD	1
GCA_964401205_1	pta	1
GCA_964401205_1	rnfE	1
GCA_964401205_1	serA	3
GCA_964404325_1	acdA	7
GCA_964404325_1	acdB	2
GCA_964404325_1	ackA	2
GCA_964404325_1	acs	2
GCA_964404325_1	eno	2
GCA_964404325_1	fbaA	1
GCA_964404325_1	fdhA	2
GCA_964404325_1	fdhA-K00148	1
GCA_964404325_1	fdhB	3
GCA_964404325_1	fdwB	2
GCA_964404325_1	folA	2
GCA_964404325_1	fpoB	4
GCA_964404325_1	fpoJ	1
GCA_964404325_1	fpoL	1
GCA_964404325_1	fpoM	1
GCA_964404325_1	fpoN	1
GCA_964404325_1	frmA	3
GCA_964404325_1	glpX	1
GCA_964404325_1	glyA	6
GCA_964404325_1	gpmI	1
GCA_964404325_1	hdrD	1
GCA_964404325_1	hxlB	1
GCA_964404325_1	mcl	1
GCA_964404325_1	mcrB	1
GCA_964404325_1	mdh-K00024	1
GCA_964404325_1	mgsC	1
GCA_964404325_1	mmoC	2
GCA_964404325_1	mtkB	1
GCA_964404325_1	mxaC	1
GCA_964404325_1	mxaG	1
GCA_964404325_1	narB	1
GCA_964404325_1	narH	1
GCA_964404325_1	nirK	1
GCA_964404325_1	nirS	2
GCA_964404325_1	nxrA	1
GCA_964404325_1	pfkA	2
GCA_964404325_1	pfp	4
GCA_964404325_1	porA	1
GCA_964404325_1	pqqA	1
GCA_964404325_1	pqqE	1
GCA_964404325_1	pqqF	1
GCA_964404325_1	pta	3
GCA_964404325_1	rnfB	1
GCA_964404325_1	rnfE	1
GCA_964404325_1	serA	3
GCA_964404325_1	serB	3
GCA_964404325_1	serC	1
GCA_964404765_1	acdA	4
GCA_964404765_1	ackA	6
GCA_964404765_1	acs	5
GCA_964404765_1	apgM	1
GCA_964404765_1	cooF	3
GCA_964404765_1	eno	4
GCA_964404765_1	fbaA	1
GCA_964404765_1	fbaB	1
GCA_964404765_1	fbp	2
GCA_964404765_1	fchA	1
GCA_964404765_1	fdhA	1
GCA_964404765_1	fdhB	2
GCA_964404765_1	fdoG	1
GCA_964404765_1	fdoH	2
GCA_964404765_1	fdwB	3
GCA_964404765_1	folA	6
GCA_964404765_1	fpoA	1
GCA_964404765_1	fpoB	2
GCA_964404765_1	fpoC	1
GCA_964404765_1	fpoH	1
GCA_964404765_1	fpoJ	1
GCA_964404765_1	fpoL	1
GCA_964404765_1	fpoM	1
GCA_964404765_1	fpoN	1
GCA_964404765_1	frhG	1
GCA_964404765_1	frmA	5
GCA_964404765_1	glpX	1
GCA_964404765_1	glyA	5
GCA_964404765_1	gpmB	2
GCA_964404765_1	hprA	2
GCA_964404765_1	hxlB	1
GCA_964404765_1	mauC	3
GCA_964404765_1	mcl	2
GCA_964404765_1	mdh	1
GCA_964404765_1	mdh-K00024	2
GCA_964404765_1	metF	3
GCA_964404765_1	mtbC	1
GCA_964404765_1	mtkA	3
GCA_964404765_1	mtkB	2
GCA_964404765_1	mxaC	1
GCA_964404765_1	mxaL	1
GCA_964404765_1	narB	1
GCA_964404765_1	nirK	2
GCA_964404765_1	nrfA	1
GCA_964404765_1	nrfH	1
GCA_964404765_1	pfkA	4
GCA_964404765_1	pfp	3
GCA_964404765_1	porA	1
GCA_964404765_1	porB	1
GCA_964404765_1	ppc	1
GCA_964404765_1	pps	2
GCA_964404765_1	pqqE	3
GCA_964404765_1	pqqF	2
GCA_964404765_1	pta	6
GCA_964404765_1	rnfB	1
GCA_964404765_1	rnfC	1
GCA_964404765_1	rnfD	1
GCA_964404765_1	rnfE	1
GCA_964404765_1	serA	5
GCA_964404765_1	serB	3
GCA_964404765_1	serC	1
GCA_964409285_1	acs	1
GCA_964409285_1	apgM	3
GCA_964409285_1	cooF	2
GCA_964409285_1	ehaB	1
GCA_964409285_1	ehaC	1
GCA_964409285_1	ehaD	1
GCA_964409285_1	ehaE	1
GCA_964409285_1	ehaF	1
GCA_964409285_1	ehaG	1
GCA_964409285_1	ehaH	1
GCA_964409285_1	ehaI	1
GCA_964409285_1	ehaJ	1
GCA_964409285_1	ehaK	1
GCA_964409285_1	ehaL	1
GCA_964409285_1	ehaM	1
GCA_964409285_1	ehaN	1
GCA_964409285_1	ehaO	1
GCA_964409285_1	ehaP	1
GCA_964409285_1	ehaQ	1
GCA_964409285_1	ehaR	1
GCA_964409285_1	ehbA	1
GCA_964409285_1	ehbB	1
GCA_964409285_1	ehbC	1
GCA_964409285_1	ehbD	1
GCA_964409285_1	ehbE	1
GCA_964409285_1	ehbF	1
GCA_964409285_1	ehbG	1
GCA_964409285_1	ehbH	1
GCA_964409285_1	ehbI	1
GCA_964409285_1	ehbJ	1
GCA_964409285_1	ehbK	1
GCA_964409285_1	ehbL	1
GCA_964409285_1	ehbM	1
GCA_964409285_1	ehbO	1
GCA_964409285_1	ehbP	1
GCA_964409285_1	ehbQ	1
GCA_964409285_1	eno	1
GCA_964409285_1	fae-hps	1
GCA_964409285_1	fbp	1
GCA_964409285_1	fdhA	2
GCA_964409285_1	fdhB	2
GCA_964409285_1	fghA	1
GCA_964409285_1	folA	2
GCA_964409285_1	fpoC	2
GCA_964409285_1	frhA	1
GCA_964409285_1	frhB	2
GCA_964409285_1	frhD	1
GCA_964409285_1	frhG	1
GCA_964409285_1	frmA	3
GCA_964409285_1	ftr	2
GCA_964409285_1	fwdB	1
GCA_964409285_1	fwdC	1
GCA_964409285_1	fwdF	2
GCA_964409285_1	fwdG	1
GCA_964409285_1	fwdH	1
GCA_964409285_1	glyA	2
GCA_964409285_1	hdrA2	3
GCA_964409285_1	hdrB1	2
GCA_964409285_1	hdrC1	1
GCA_964409285_1	hdrC2	1
GCA_964409285_1	hdrD	2
GCA_964409285_1	hmd	1
GCA_964409285_1	hprA	1
GCA_964409285_1	hxlB	1
GCA_964409285_1	mch	1
GCA_964409285_1	mcrA	1
GCA_964409285_1	mcrB	1
GCA_964409285_1	mcrC	1
GCA_964409285_1	mcrD	1
GCA_964409285_1	mcrG	1
GCA_964409285_1	mdh-K00024	2
GCA_964409285_1	mer	1
GCA_964409285_1	mgsA	2
GCA_964409285_1	mgsC	2
GCA_964409285_1	mtd	1
GCA_964409285_1	mtkA	1
GCA_964409285_1	mtkB	2
GCA_964409285_1	mtrA	3
GCA_964409285_1	mtrB	1
GCA_964409285_1	mtrC	1
GCA_964409285_1	mtrD	1
GCA_964409285_1	mtrE	1
GCA_964409285_1	mtrF	1
GCA_964409285_1	mtrG	1
GCA_964409285_1	mtrH	2
GCA_964409285_1	mvhA	1
GCA_964409285_1	mvhD	1
GCA_964409285_1	mvhG	1
GCA_964409285_1	narB	1
GCA_964409285_1	pfp	1
GCA_964409285_1	porA	3
GCA_964409285_1	porB	2
GCA_964409285_1	porD	2
GCA_964409285_1	porG	3
GCA_964409285_1	pps	1
GCA_964409285_1	pqqE	2
GCA_964409285_1	rnfB	1
GCA_964409285_1	serA	2
GCA_964409285_1	serB	1
GCA_964409285_1	serC	1
GCA_964409285_1	vhcD	1
GCA_964411245_1	acdA	5
GCA_964411245_1	acdB	1
GCA_964411245_1	ackA	1
GCA_964411245_1	acs	9
GCA_964411245_1	apgM	1
GCA_964411245_1	eno	4
GCA_964411245_1	fbaA	1
GCA_964411245_1	fdhA	2
GCA_964411245_1	fdhA-K00148	1
GCA_964411245_1	fdoG	2
GCA_964411245_1	folA	4
GCA_964411245_1	fpoB	1
GCA_964411245_1	fpoD	2
GCA_964411245_1	fpoK	1
GCA_964411245_1	fpoL	1
GCA_964411245_1	fpoM	1
GCA_964411245_1	fpoN	1
GCA_964411245_1	frmA	2
GCA_964411245_1	gfa	1
GCA_964411245_1	glyA	8
GCA_964411245_1	gpmB	1
GCA_964411245_1	hdrB1	1
GCA_964411245_1	hdrD	2
GCA_964411245_1	hxlA	1
GCA_964411245_1	hxlB	1
GCA_964411245_1	mdh-K00024	1
GCA_964411245_1	metF	1
GCA_964411245_1	mgsC	1
GCA_964411245_1	mtbC	1
GCA_964411245_1	mtkA	2
GCA_964411245_1	mtkB	2
GCA_964411245_1	mxaC	1
GCA_964411245_1	narH	1
GCA_964411245_1	nirK	3
GCA_964411245_1	nxrA	1
GCA_964411245_1	pfkA	1
GCA_964411245_1	pfp	3
GCA_964411245_1	porA	2
GCA_964411245_1	porB	1
GCA_964411245_1	porG	1
GCA_964411245_1	ppc	1
GCA_964411245_1	pps	2
GCA_964411245_1	pqqA	1
GCA_964411245_1	pqqE	2
GCA_964411245_1	pqqF	1
GCA_964411245_1	pta	1
GCA_964411245_1	rnfB	2
GCA_964411245_1	rnfE	1
GCA_964411245_1	rnfG	1
GCA_964411245_1	serA	6
GCA_964411245_1	serB	1
GCA_964411245_1	thrH	1
GCA_964414965_1	acdA	1
GCA_964414965_1	cooF	1
GCA_964414965_1	eno	1
GCA_964414965_1	fpoB	2
GCA_964414965_1	frmA	1
GCA_964414965_1	glyA	1
GCA_964414965_1	gpmI	1
GCA_964414965_1	hdrA2	1
GCA_964414965_1	mdh-K00024	1
GCA_964414965_1	pfp	1
GCA_964414965_1	pps	1
GCA_964414965_1	pqqE	1
GCA_964414965_1	pqqF	1
GCA_964414965_1	pta	1
GCA_964414965_1	rnfB	1
GCA_964414965_1	serB	1
GCA_964415445_1	acs	1
GCA_964415445_1	apgM	4
GCA_964415445_1	cdhD	1
GCA_964415445_1	cdhE	1
GCA_964415445_1	cooS	1
GCA_964415445_1	ehaR	1
GCA_964415445_1	ehbQ	1
GCA_964415445_1	eno	2
GCA_964415445_1	fae-hps	1
GCA_964415445_1	fbaA	2
GCA_964415445_1	fdhA-K00148	1
GCA_964415445_1	folA	3
GCA_964415445_1	fpoB	1
GCA_964415445_1	fpoC	2
GCA_964415445_1	frmA	2
GCA_964415445_1	ftr	1
GCA_964415445_1	glyA	3
GCA_964415445_1	hxlA	1
GCA_964415445_1	hxlB	1
GCA_964415445_1	mch	1
GCA_964415445_1	mdh-K00024	2
GCA_964415445_1	mer	1
GCA_964415445_1	mgsC	2
GCA_964415445_1	mtd	1
GCA_964415445_1	mtdB	1
GCA_964415445_1	mtrA	1
GCA_964415445_1	mtrH	1
GCA_964415445_1	mxaF	1
GCA_964415445_1	narB	2
GCA_964415445_1	nirK	1
GCA_964415445_1	pfkA	2
GCA_964415445_1	pfkB	1
GCA_964415445_1	pfp	2
GCA_964415445_1	porA	1
GCA_964415445_1	porD	1
GCA_964415445_1	pps	2
GCA_964415445_1	pqqE	2
GCA_964415445_1	pta	2
GCA_964415445_1	rnfA	1
GCA_964415445_1	rnfB	6
GCA_964415445_1	rnfC	2
GCA_964415445_1	rnfD	1
GCA_964415445_1	rnfE	2
GCA_964415445_1	rnfG	1
GCA_964415445_1	serA	2
GCA_964415445_1	serB	1
GCA_964415445_1	torA	1
GCA_964415445_1	torZ	1
GCA_964415445_1	vhcA	1
GCA_964415445_1	vhcG	1
GCA_964420375_1	acdA	28
GCA_964420375_1	acdB	3
GCA_964420375_1	ackA	5
GCA_964420375_1	acs	9
GCA_964420375_1	acsC	4
GCA_964420375_1	acsD	2
GCA_964420375_1	apgM	2
GCA_964420375_1	cdhC	2
GCA_964420375_1	cdhE	1
GCA_964420375_1	cooF	1
GCA_964420375_1	cooS	2
GCA_964420375_1	eno	2
GCA_964420375_1	fbaA	3
GCA_964420375_1	fbaB	1
GCA_964420375_1	fbp	1
GCA_964420375_1	fdhA	4
GCA_964420375_1	fdhF	1
GCA_964420375_1	fdoH	4
GCA_964420375_1	fdwB	1
GCA_964420375_1	folA	2
GCA_964420375_1	fpoC	1
GCA_964420375_1	fpoH	1
GCA_964420375_1	fpoJ	1
GCA_964420375_1	fpoK	1
GCA_964420375_1	fpoL	1
GCA_964420375_1	fpoM	1
GCA_964420375_1	fpoN	1
GCA_964420375_1	frhB	1
GCA_964420375_1	frmA	2
GCA_964420375_1	fwdG	3
GCA_964420375_1	gck	1
GCA_964420375_1	glpX	2
GCA_964420375_1	glyA	4
GCA_964420375_1	gpmB	3
GCA_964420375_1	gpmI	2
GCA_964420375_1	hdrA1	4
GCA_964420375_1	hdrA2	3
GCA_964420375_1	hdrB1	1
GCA_964420375_1	hdrC1	1
GCA_964420375_1	hdrD	10
GCA_964420375_1	hxlB	1
GCA_964420375_1	mauC	1
GCA_964420375_1	mauE	1
GCA_964420375_1	mcl	4
GCA_964420375_1	mdh	2
GCA_964420375_1	mdh-K00024	8
GCA_964420375_1	mgsC	1
GCA_964420375_1	mtaA	3
GCA_964420375_1	mtbC	5
GCA_964420375_1	mtkA	2
GCA_964420375_1	mtkB	4
GCA_964420375_1	mttB	5
GCA_964420375_1	mvhD	1
GCA_964420375_1	mxaC	1
GCA_964420375_1	narB	1
GCA_964420375_1	pfkA	4
GCA_964420375_1	pfkB	1
GCA_964420375_1	pfp	5
GCA_964420375_1	porA	4
GCA_964420375_1	porB	2
GCA_964420375_1	porD	1
GCA_964420375_1	porG	5
GCA_964420375_1	pps	2
GCA_964420375_1	pqqA	2
GCA_964420375_1	pqqE	14
GCA_964420375_1	pqqF	1
GCA_964420375_1	pta	7
GCA_964420375_1	rnfA	1
GCA_964420375_1	rnfB	4
GCA_964420375_1	rnfC	3
GCA_964420375_1	rnfD	1
GCA_964420375_1	rnfE	1
GCA_964420375_1	rnfG	2
GCA_964420375_1	serA	6
GCA_964420375_1	serB	3
GCA_964420375_1	torC	1
GCA_964420375_1	vhuD	2
GCA_964421645_1	acdA	2
GCA_964421645_1	ackA	1
GCA_964421645_1	acs	2
GCA_964421645_1	acsD	1
GCA_964421645_1	apgM	3
GCA_964421645_1	cooF	2
GCA_964421645_1	echE	1
GCA_964421645_1	ehbH	1
GCA_964421645_1	ehbL	1
GCA_964421645_1	eno	2
GCA_964421645_1	fae-hps	1
GCA_964421645_1	fbaA	4
GCA_964421645_1	fchA	1
GCA_964421645_1	fdhA-K00148	9
GCA_964421645_1	fdm	1
GCA_964421645_1	folA	3
GCA_964421645_1	fpoC	1
GCA_964421645_1	fpoH	1
GCA_964421645_1	fpoL	2
GCA_964421645_1	fpoM	1
GCA_964421645_1	frmA	1
GCA_964421645_1	glyA	3
GCA_964421645_1	gpmI	2
GCA_964421645_1	hmd	2
GCA_964421645_1	hxlB	3
GCA_964421645_1	mbhJ	1
GCA_964421645_1	mdh	1
GCA_964421645_1	mtaA	3
GCA_964421645_1	mtbC	5
GCA_964421645_1	mtsA	1
GCA_964421645_1	mttB	1
GCA_964421645_1	narB	1
GCA_964421645_1	pfkA	1
GCA_964421645_1	pfkB	3
GCA_964421645_1	pfp	3
GCA_964421645_1	porA	2
GCA_964421645_1	porB	2
GCA_964421645_1	porD	1
GCA_964421645_1	porG	2
GCA_964421645_1	pps	1
GCA_964421645_1	pqqD	1
GCA_964421645_1	pqqE	1
GCA_964421645_1	pqqF	1
GCA_964421645_1	pta	3
GCA_964421645_1	rnfA	1
GCA_964421645_1	rnfB	4
GCA_964421645_1	rnfC	3
GCA_964421645_1	rnfD	1
GCA_964421645_1	rnfE	2
GCA_964421645_1	rnfG	1
GCA_964421645_1	serA	4
GCA_964421645_1	serB	2
GCA_964422215_1	acdA	1
GCA_964422215_1	acs	1
GCA_964422215_1	acsC	1
GCA_964422215_1	acsD	3
GCA_964422215_1	apgM	1
GCA_964422215_1	cdhC	1
GCA_964422215_1	cooS	1
GCA_964422215_1	echE	1
GCA_964422215_1	ehaR	1
GCA_964422215_1	ehbC	1
GCA_964422215_1	ehbH	1
GCA_964422215_1	ehbI	3
GCA_964422215_1	eno	2
GCA_964422215_1	fbaA	2
GCA_964422215_1	fchA	1
GCA_964422215_1	fdhA	1
GCA_964422215_1	fdhA-K00148	6
GCA_964422215_1	fdm	1
GCA_964422215_1	folA	3
GCA_964422215_1	fpoC	3
GCA_964422215_1	fpoD	1
GCA_964422215_1	fpoL	1
GCA_964422215_1	frhD	2
GCA_964422215_1	frmA	3
GCA_964422215_1	gck	1
GCA_964422215_1	glyA	3
GCA_964422215_1	gpmI	1
GCA_964422215_1	hdrA2	2
GCA_964422215_1	hmd	1
GCA_964422215_1	hprA	2
GCA_964422215_1	hxlA	1
GCA_964422215_1	hxlB	2
GCA_964422215_1	mbhJ	1
GCA_964422215_1	mdh	4
GCA_964422215_1	mgsC	1
GCA_964422215_1	mmoC	1
GCA_964422215_1	mtaA	1
GCA_964422215_1	mtbC	3
GCA_964422215_1	mttB	1
GCA_964422215_1	mvhA	1
GCA_964422215_1	pfkA	2
GCA_964422215_1	pfkB	5
GCA_964422215_1	pfp	2
GCA_964422215_1	porA	1
GCA_964422215_1	porB	1
GCA_964422215_1	porD	2
GCA_964422215_1	porG	2
GCA_964422215_1	pps	1
GCA_964422215_1	pqqF	1
GCA_964422215_1	pta	3
GCA_964422215_1	rnfA	1
GCA_964422215_1	rnfB	6
GCA_964422215_1	rnfC	5
GCA_964422215_1	rnfD	1
GCA_964422215_1	rnfE	2
GCA_964422215_1	rnfG	1
GCA_964422215_1	serA	4
GCA_964422215_1	serB	1
GCA_964422215_1	vhcA	1
GCA_964422215_1	vhuG	1
GCA_964427915_1	acdA	3
GCA_964427915_1	ackA	2
GCA_964427915_1	acs	1
GCA_964427915_1	eno	3
GCA_964427915_1	fbaA	2
GCA_964427915_1	fchA	1
GCA_964427915_1	folA	3
GCA_964427915_1	fpoM	1
GCA_964427915_1	fpoN	1
GCA_964427915_1	frmA	1
GCA_964427915_1	glyA	2
GCA_964427915_1	hdrA2	1
GCA_964427915_1	hdrB1	1
GCA_964427915_1	hdrC2	1
GCA_964427915_1	mdh	1
GCA_964427915_1	mdh-K00024	1
GCA_964427915_1	mtkA	1
GCA_964427915_1	mtkB	1
GCA_964427915_1	mvhD	3
GCA_964427915_1	napH	2
GCA_964427915_1	narB	1
GCA_964427915_1	pfkA	3
GCA_964427915_1	pfp	3
GCA_964427915_1	porA	2
GCA_964427915_1	porG	2
GCA_964427915_1	pps	3
GCA_964427915_1	pqqB	1
GCA_964427915_1	pqqE	2
GCA_964427915_1	pta	3
GCA_964427915_1	rnfA	1
GCA_964427915_1	rnfB	3
GCA_964427915_1	rnfC	1
GCA_964427915_1	rnfD	1
GCA_964427915_1	rnfE	2
GCA_964427915_1	rnfG	1
GCA_964427915_1	serA	2
GCA_964427915_1	serB	1
GCA_964427915_1	vhuD	1
GCA_964429075_1	acdA	4
GCA_964429075_1	acs	2
GCA_964429075_1	eno	3
GCA_964429075_1	fae-hps	2
GCA_964429075_1	fdhA	1
GCA_964429075_1	fdhA-K00148	1
GCA_964429075_1	fdhF	1
GCA_964429075_1	fdoG	1
GCA_964429075_1	fdwB	2
GCA_964429075_1	folA	5
GCA_964429075_1	fpoB	1
GCA_964429075_1	fpoC	1
GCA_964429075_1	fpoD	2
GCA_964429075_1	fpoH	2
GCA_964429075_1	fpoJ	2
GCA_964429075_1	fpoK	1
GCA_964429075_1	fpoL	2
GCA_964429075_1	fpoM	1
GCA_964429075_1	fpoN	2
GCA_964429075_1	frmA	1
GCA_964429075_1	gck	1
GCA_964429075_1	glyA	3
GCA_964429075_1	hdrD	2
GCA_964429075_1	hprA	1
GCA_964429075_1	hxlB	1
GCA_964429075_1	mcl	1
GCA_964429075_1	mdh-K00024	1
GCA_964429075_1	mtbC	1
GCA_964429075_1	mtkA	1
GCA_964429075_1	mtkB	1
GCA_964429075_1	mxaC	1
GCA_964429075_1	pfp	2
GCA_964429075_1	porA	1
GCA_964429075_1	porB	1
GCA_964429075_1	porG	1
GCA_964429075_1	pps	1
GCA_964429075_1	pqqE	1
GCA_964429075_1	pqqF	1
GCA_964429075_1	rnfB	2
GCA_964429075_1	serA	4
GCA_964429075_1	serB	1
GCA_964431655_1	acdA	2
GCA_964431655_1	ackA	1
GCA_964431655_1	acs	4
GCA_964431655_1	amoB	1
GCA_964431655_1	apgM	1
GCA_964431655_1	cooF	1
GCA_964431655_1	eno	3
GCA_964431655_1	fbaA	2
GCA_964431655_1	fbaB	1
GCA_964431655_1	fbp	1
GCA_964431655_1	fchA	1
GCA_964431655_1	fdhA	1
GCA_964431655_1	fdm	1
GCA_964431655_1	folA	2
GCA_964431655_1	fpoB	1
GCA_964431655_1	frmA	2
GCA_964431655_1	glyA	3
GCA_964431655_1	gpmB	1
GCA_964431655_1	gpmI	2
GCA_964431655_1	hdrA2	2
GCA_964431655_1	hdrB2	1
GCA_964431655_1	hdrC2	1
GCA_964431655_1	hdrD	1
GCA_964431655_1	hprA	1
GCA_964431655_1	hxlB	1
GCA_964431655_1	mcl	2
GCA_964431655_1	mdh	1
GCA_964431655_1	mdh-K00024	2
GCA_964431655_1	mmoC	3
GCA_964431655_1	mtkA	1
GCA_964431655_1	mtkB	1
GCA_964431655_1	mvhA	1
GCA_964431655_1	mvhG	1
GCA_964431655_1	mxaC	1
GCA_964431655_1	mxaL	1
GCA_964431655_1	napH	1
GCA_964431655_1	pfkA	3
GCA_964431655_1	pfp	4
GCA_964431655_1	porA	4
GCA_964431655_1	porB	4
GCA_964431655_1	porD	2
GCA_964431655_1	porG	2
GCA_964431655_1	pps	1
GCA_964431655_1	pqqE	6
GCA_964431655_1	pqqF	2
GCA_964431655_1	pta	5
GCA_964431655_1	rnfA	1
GCA_964431655_1	rnfB	3
GCA_964431655_1	rnfC	1
GCA_964431655_1	rnfD	2
GCA_964431655_1	rnfE	3
GCA_964431655_1	rnfG	1
GCA_964431655_1	serA	4
GCA_964431655_1	serB	2
GCA_964431655_1	serC	2
GCA_964431655_1	vhcA	1
GCA_964431655_1	vhcD	1
GCA_964431655_1	vhuG	1
GCA_964447955_1	acdA	4
GCA_964447955_1	ackA	2
GCA_964447955_1	acs	7
GCA_964447955_1	acsD	1
GCA_964447955_1	apgM	1
GCA_964447955_1	eno	4
GCA_964447955_1	fbaA	2
GCA_964447955_1	fbp	2
GCA_964447955_1	fchA	1
GCA_964447955_1	fdhA	1
GCA_964447955_1	fdhB	1
GCA_964447955_1	fdm	1
GCA_964447955_1	fdoI	1
GCA_964447955_1	fdwB	1
GCA_964447955_1	folA	3
GCA_964447955_1	fpoA	2
GCA_964447955_1	fpoC	2
GCA_964447955_1	fpoD	1
GCA_964447955_1	fpoH	2
GCA_964447955_1	fpoJ	2
GCA_964447955_1	fpoK	2
GCA_964447955_1	fpoL	3
GCA_964447955_1	fpoM	4
GCA_964447955_1	fpoN	3
GCA_964447955_1	frhG	1
GCA_964447955_1	frmA	3
GCA_964447955_1	gck	1
GCA_964447955_1	gfa	1
GCA_964447955_1	glpX	1
GCA_964447955_1	glyA	2
GCA_964447955_1	gpmB	2
GCA_964447955_1	gpmI	1
GCA_964447955_1	hdrA1	4
GCA_964447955_1	hdrA2	3
GCA_964447955_1	hdrB1	1
GCA_964447955_1	hdrB2	1
GCA_964447955_1	hdrC1	2
GCA_964447955_1	hdrD	4
GCA_964447955_1	hprA	1
GCA_964447955_1	hxlB	1
GCA_964447955_1	mauC	1
GCA_964447955_1	mdh-K00024	1
GCA_964447955_1	mgsC	1
GCA_964447955_1	mmoC	1
GCA_964447955_1	mtkA	1
GCA_964447955_1	mtkB	2
GCA_964447955_1	mvhA	1
GCA_964447955_1	mvhD	1
GCA_964447955_1	narB	1
GCA_964447955_1	nirK	1
GCA_964447955_1	pfkA	3
GCA_964447955_1	pfp	2
GCA_964447955_1	porA	4
GCA_964447955_1	porB	1
GCA_964447955_1	porG	1
GCA_964447955_1	pps	2
GCA_964447955_1	pqqB	1
GCA_964447955_1	pqqF	2
GCA_964447955_1	pta	2
GCA_964447955_1	rnfA	1
GCA_964447955_1	rnfB	3
GCA_964447955_1	rnfC	1
GCA_964447955_1	rnfD	1
GCA_964447955_1	rnfE	3
GCA_964447955_1	rnfG	1
GCA_964447955_1	serA	3
GCA_964447955_1	serB	1
GCA_964447955_1	serC	1
GCA_964448115_1	acdA	9
GCA_964448115_1	ackA	1
GCA_964448115_1	acs	4
GCA_964448115_1	acsD	1
GCA_964448115_1	amoB	1
GCA_964448115_1	apgM	1
GCA_964448115_1	cooF	1
GCA_964448115_1	eno	1
GCA_964448115_1	fbaA	2
GCA_964448115_1	fchA	1
GCA_964448115_1	fdhA	2
GCA_964448115_1	fdhA-K00148	3
GCA_964448115_1	fdhB	1
GCA_964448115_1	fdoH	1
GCA_964448115_1	fdwB	1
GCA_964448115_1	folA	5
GCA_964448115_1	fpoA	2
GCA_964448115_1	fpoC	2
GCA_964448115_1	fpoD	1
GCA_964448115_1	fpoH	2
GCA_964448115_1	fpoJ	1
GCA_964448115_1	fpoK	1
GCA_964448115_1	fpoL	4
GCA_964448115_1	fpoM	1
GCA_964448115_1	fpoN	1
GCA_964448115_1	frmA	1
GCA_964448115_1	glpX	1
GCA_964448115_1	glyA	3
GCA_964448115_1	gpmI	2
GCA_964448115_1	hdrA1	2
GCA_964448115_1	hdrA2	2
GCA_964448115_1	hdrB1	1
GCA_964448115_1	hdrC2	1
GCA_964448115_1	hdrD	7
GCA_964448115_1	hprA	1
GCA_964448115_1	hxlB	1
GCA_964448115_1	mcl	2
GCA_964448115_1	mdh	2
GCA_964448115_1	mgsC	1
GCA_964448115_1	mmoC	1
GCA_964448115_1	mtkB	3
GCA_964448115_1	mvhD	1
GCA_964448115_1	nirK	1
GCA_964448115_1	pfp	3
GCA_964448115_1	porA	2
GCA_964448115_1	porB	2
GCA_964448115_1	porD	2
GCA_964448115_1	porG	2
GCA_964448115_1	pps	3
GCA_964448115_1	pqqA	2
GCA_964448115_1	pqqE	34
GCA_964448115_1	pqqF	1
GCA_964448115_1	pta	5
GCA_964448115_1	rnfB	3
GCA_964448115_1	rnfC	2
GCA_964448115_1	rnfE	1
GCA_964448115_1	serA	3
GCA_964448115_1	serB	2
GCA_964448115_1	vhcA	1
GCA_964448115_1	vhuG	1
GCA_964450125_1	acdA	54
GCA_964450125_1	ackA	2
GCA_964450125_1	acs	16
GCA_964450125_1	cooF	2
GCA_964450125_1	echB	1
GCA_964450125_1	ehbF	1
GCA_964450125_1	eno	2
GCA_964450125_1	fbaA	2
GCA_964450125_1	fbaB	1
GCA_964450125_1	fbp	2
GCA_964450125_1	fdhA	2
GCA_964450125_1	fdhA-K00148	4
GCA_964450125_1	fdhB	4
GCA_964450125_1	fdhF	1
GCA_964450125_1	fdoG	3
GCA_964450125_1	fdoH	3
GCA_964450125_1	fdoI	2
GCA_964450125_1	fdwB	3
GCA_964450125_1	folA	6
GCA_964450125_1	fpoA	1
GCA_964450125_1	fpoB	3
GCA_964450125_1	fpoC	1
GCA_964450125_1	fpoH	2
GCA_964450125_1	fpoJ	2
GCA_964450125_1	fpoK	1
GCA_964450125_1	fpoL	2
GCA_964450125_1	fpoM	3
GCA_964450125_1	fpoN	1
GCA_964450125_1	frhD	1
GCA_964450125_1	frmA	6
GCA_964450125_1	glpX	1
GCA_964450125_1	glyA	22
GCA_964450125_1	gpmB	2
GCA_964450125_1	gpmI	4
GCA_964450125_1	hdrA1	1
GCA_964450125_1	hdrD	3
GCA_964450125_1	hprA	3
GCA_964450125_1	mauC	7
GCA_964450125_1	mbhJ	1
GCA_964450125_1	mcl	3
GCA_964450125_1	mdh-K00024	6
GCA_964450125_1	mer	8
GCA_964450125_1	metF	3
GCA_964450125_1	mgsA	1
GCA_964450125_1	mgsC	1
GCA_964450125_1	mmoC	2
GCA_964450125_1	mtkA	2
GCA_964450125_1	mtkB	2
GCA_964450125_1	mvhA	1
GCA_964450125_1	mxaC	1
GCA_964450125_1	mxaF	2
GCA_964450125_1	mxaL	2
GCA_964450125_1	narB	6
GCA_964450125_1	narH	1
GCA_964450125_1	nirK	3
GCA_964450125_1	nirS	1
GCA_964450125_1	nrfA	1
GCA_964450125_1	nrfH	1
GCA_964450125_1	nxrA	2
GCA_964450125_1	pfkB	1
GCA_964450125_1	pfp	7
GCA_964450125_1	porA	3
GCA_964450125_1	porB	2
GCA_964450125_1	porG	1
GCA_964450125_1	ppc	3
GCA_964450125_1	pps	5
GCA_964450125_1	pqqE	33
GCA_964450125_1	pqqF	1
GCA_964450125_1	pta	8
GCA_964450125_1	rnfB	5
GCA_964450125_1	rnfD	1
GCA_964450125_1	rnfE	1
GCA_964450125_1	rnfG	1
GCA_964450125_1	serA	3
GCA_964450125_1	serB	5
GCA_964450125_1	serC	1
GCA_964450125_1	tmm	1
GCA_964450125_1	vhcG	1
GCA_964452105_1	acdA	42
GCA_964452105_1	ackA	1
GCA_964452105_1	acs	10
GCA_964452105_1	acsD	1
GCA_964452105_1	apgM	2
GCA_964452105_1	cooF	3
GCA_964452105_1	eno	2
GCA_964452105_1	fbaA	2
GCA_964452105_1	fdhA	5
GCA_964452105_1	fdhA-K00148	2
GCA_964452105_1	fdhB	3
GCA_964452105_1	fdhF	5
GCA_964452105_1	fdoG	1
GCA_964452105_1	fdoH	1
GCA_964452105_1	fdwB	1
GCA_964452105_1	folA	7
GCA_964452105_1	fpoB	5
GCA_964452105_1	fpoC	1
GCA_964452105_1	fpoD	1
GCA_964452105_1	fpoH	2
GCA_964452105_1	fpoJ	1
GCA_964452105_1	fpoK	1
GCA_964452105_1	fpoL	1
GCA_964452105_1	fpoM	2
GCA_964452105_1	fpoN	2
GCA_964452105_1	frmA	5
GCA_964452105_1	gck	1
GCA_964452105_1	glyA	5
GCA_964452105_1	gpmB	3
GCA_964452105_1	gpmI	1
GCA_964452105_1	hdrB1	1
GCA_964452105_1	hdrD	5
GCA_964452105_1	hdrE	1
GCA_964452105_1	hprA	1
GCA_964452105_1	hxlA	2
GCA_964452105_1	hxlB	1
GCA_964452105_1	mcl	13
GCA_964452105_1	mdh-K00024	1
GCA_964452105_1	mgsC	1
GCA_964452105_1	mmoC	2
GCA_964452105_1	mtbC	2
GCA_964452105_1	mtkA	2
GCA_964452105_1	mtkB	3
GCA_964452105_1	mtrA	1
GCA_964452105_1	mttC	1
GCA_964452105_1	mxaF	1
GCA_964452105_1	narB	4
GCA_964452105_1	narG	2
GCA_964452105_1	narH	1
GCA_964452105_1	nirK	1
GCA_964452105_1	pfkB	1
GCA_964452105_1	pfp	3
GCA_964452105_1	porA	15
GCA_964452105_1	porB	9
GCA_964452105_1	porD	4
GCA_964452105_1	porG	11
GCA_964452105_1	pps	2
GCA_964452105_1	pqqE	8
GCA_964452105_1	pqqF	2
GCA_964452105_1	pta	13
GCA_964452105_1	rnfB	7
GCA_964452105_1	rnfC	1
GCA_964452105_1	rnfG	1
GCA_964452105_1	serA	9
GCA_964452105_1	serB	2
GCA_964452105_1	torA	1
GCA_964452105_1	torZ	1
GCA_964453435_1	acdA	28
GCA_964453435_1	acdB	1
GCA_964453435_1	acs	14
GCA_964453435_1	acsC	1
GCA_964453435_1	acsD	3
GCA_964453435_1	apgM	4
GCA_964453435_1	cdhC	2
GCA_964453435_1	cdhE	1
GCA_964453435_1	cooF	4
GCA_964453435_1	cooS	1
GCA_964453435_1	ehbA	1
GCA_964453435_1	eno	3
GCA_964453435_1	fbaA	5
GCA_964453435_1	fdhA	7
GCA_964453435_1	fdhA-K00148	9
GCA_964453435_1	fdhB	3
GCA_964453435_1	fdhF	3
GCA_964453435_1	fdm	4
GCA_964453435_1	fdoH	1
GCA_964453435_1	fdoI	2
GCA_964453435_1	fghA	1
GCA_964453435_1	folA	8
GCA_964453435_1	fpoA	1
GCA_964453435_1	fpoC	2
GCA_964453435_1	fpoD	1
GCA_964453435_1	fpoH	1
GCA_964453435_1	fpoJ	2
GCA_964453435_1	fpoK	2
GCA_964453435_1	fpoL	1
GCA_964453435_1	fpoM	1
GCA_964453435_1	fpoN	1
GCA_964453435_1	frhB	1
GCA_964453435_1	frmA	3
GCA_964453435_1	glpX	1
GCA_964453435_1	glyA	7
GCA_964453435_1	gpmB	2
GCA_964453435_1	gpmI	2
GCA_964453435_1	hdrA1	4
GCA_964453435_1	hdrA2	5
GCA_964453435_1	hdrB1	1
GCA_964453435_1	hdrB2	1
GCA_964453435_1	hdrC2	1
GCA_964453435_1	hdrD	9
GCA_964453435_1	hxlA	2
GCA_964453435_1	hxlB	2
GCA_964453435_1	mauC	1
GCA_964453435_1	mcl	4
GCA_964453435_1	mdh	2
GCA_964453435_1	mdh-K00024	2
GCA_964453435_1	metF	1
GCA_964453435_1	mgsC	1
GCA_964453435_1	mmoC	1
GCA_964453435_1	mtaA	5
GCA_964453435_1	mtbA	1
GCA_964453435_1	mtbC	9
GCA_964453435_1	mtkB	8
GCA_964453435_1	mtrH	1
GCA_964453435_1	mttB	6
GCA_964453435_1	mvhD	3
GCA_964453435_1	mxaC	1
GCA_964453435_1	narB	5
GCA_964453435_1	narG	6
GCA_964453435_1	narH	2
GCA_964453435_1	nxrA	1
GCA_964453435_1	pfkA	2
GCA_964453435_1	pfkB	1
GCA_964453435_1	pfp	3
GCA_964453435_1	porA	6
GCA_964453435_1	porB	3
GCA_964453435_1	porD	1
GCA_964453435_1	porG	4
GCA_964453435_1	pps	5
GCA_964453435_1	pqqA	2
GCA_964453435_1	pqqE	8
GCA_964453435_1	pqqF	2
GCA_964453435_1	pta	6
GCA_964453435_1	rnfA	1
GCA_964453435_1	rnfB	8
GCA_964453435_1	rnfC	3
GCA_964453435_1	rnfD	1
GCA_964453435_1	rnfE	3
GCA_964453435_1	rnfG	1
GCA_964453435_1	serA	7
GCA_964453435_1	serB	3
GCA_964453435_1	serC	1
GCA_964453435_1	torA	1
GCA_964453435_1	torY	1
GCA_964453435_1	vhuD	2
GCA_964453935_1	acdA	2
GCA_964453935_1	ackA	4
GCA_964453935_1	amoB	1
GCA_964453935_1	apgM	1
GCA_964453935_1	ehbA	1
GCA_964453935_1	ehbD	1
GCA_964453935_1	ehbE	1
GCA_964453935_1	ehbI	1
GCA_964453935_1	eno	2
GCA_964453935_1	fbaA	3
GCA_964453935_1	fchA	1
GCA_964453935_1	fdhA	1
GCA_964453935_1	folA	2
GCA_964453935_1	fpoC	1
GCA_964453935_1	fpoD	1
GCA_964453935_1	fpoH	1
GCA_964453935_1	fpoM	2
GCA_964453935_1	frmA	1
GCA_964453935_1	glpX	1
GCA_964453935_1	glyA	3
GCA_964453935_1	gpmB	1
GCA_964453935_1	hdrA1	1
GCA_964453935_1	hdrA2	1
GCA_964453935_1	hdrB2	1
GCA_964453935_1	hdrC1	1
GCA_964453935_1	hprA	1
GCA_964453935_1	mdh-K00024	1
GCA_964453935_1	mtkA	2
GCA_964453935_1	mtkB	2
GCA_964453935_1	mvhG	1
GCA_964453935_1	mxaC	1
GCA_964453935_1	narB	1
GCA_964453935_1	pfkA	1
GCA_964453935_1	pfkB	1
GCA_964453935_1	pfp	2
GCA_964453935_1	porA	2
GCA_964453935_1	porB	2
GCA_964453935_1	porD	1
GCA_964453935_1	porG	3
GCA_964453935_1	pps	1
GCA_964453935_1	pqqE	4
GCA_964453935_1	pta	4
GCA_964453935_1	rnfA	1
GCA_964453935_1	rnfB	5
GCA_964453935_1	rnfC	2
GCA_964453935_1	rnfD	1
GCA_964453935_1	rnfE	1
GCA_964453935_1	rnfG	1
GCA_964453935_1	serA	3
GCA_964453935_1	serB	1
GCA_964453935_1	serC	1
GCA_964453935_1	vhcA	1
GCA_964457585_1	acdA	1
GCA_964457585_1	ackA	1
GCA_964457585_1	acs	1
GCA_964457585_1	acsC	1
GCA_964457585_1	acsD	2
GCA_964457585_1	apgM	2
GCA_964457585_1	cdhC	1
GCA_964457585_1	cooS	3
GCA_964457585_1	ehbE	1
GCA_964457585_1	ehbI	1
GCA_964457585_1	eno	3
GCA_964457585_1	fbaB	2
GCA_964457585_1	fbp	1
GCA_964457585_1	fdhA	1
GCA_964457585_1	folA	2
GCA_964457585_1	fpoA	1
GCA_964457585_1	fpoB	2
GCA_964457585_1	fpoC	1
GCA_964457585_1	fpoD	1
GCA_964457585_1	fpoH	1
GCA_964457585_1	fpoJ	1
GCA_964457585_1	fpoL	4
GCA_964457585_1	fpoM	1
GCA_964457585_1	fpoN	1
GCA_964457585_1	frhD	1
GCA_964457585_1	frmA	1
GCA_964457585_1	glpX	1
GCA_964457585_1	glyA	3
GCA_964457585_1	gpmB	1
GCA_964457585_1	gpmI	2
GCA_964457585_1	hdrA1	1
GCA_964457585_1	hdrA2	2
GCA_964457585_1	hdrB1	2
GCA_964457585_1	hdrC1	1
GCA_964457585_1	hdrC2	1
GCA_964457585_1	hdrD	2
GCA_964457585_1	hprA	1
GCA_964457585_1	hxlA	1
GCA_964457585_1	hxlB	1
GCA_964457585_1	mbhJ	1
GCA_964457585_1	mdh-K00024	1
GCA_964457585_1	mgsC	1
GCA_964457585_1	mtbA	1
GCA_964457585_1	mtbC	1
GCA_964457585_1	mvhA	1
GCA_964457585_1	mvhD	1
GCA_964457585_1	mvhG	1
GCA_964457585_1	mxaC	1
GCA_964457585_1	mxaF	2
GCA_964457585_1	mxaL	1
GCA_964457585_1	pfkA	1
GCA_964457585_1	pfkB	1
GCA_964457585_1	pfp	2
GCA_964457585_1	porA	1
GCA_964457585_1	porB	1
GCA_964457585_1	pps	3
GCA_964457585_1	pqqE	6
GCA_964457585_1	pqqF	2
GCA_964457585_1	pta	1
GCA_964457585_1	rnfA	1
GCA_964457585_1	rnfB	7
GCA_964457585_1	rnfC	2
GCA_964457585_1	rnfD	1
GCA_964457585_1	rnfE	2
GCA_964457585_1	rnfG	2
GCA_964457585_1	serA	3
GCA_964457585_1	serB	2
GCA_964457585_1	serC	1
GCA_964460695_1	acdA	1
GCA_964460695_1	ackA	1
GCA_964460695_1	acs	3
GCA_964460695_1	apgM	4
GCA_964460695_1	cdhE	1
GCA_964460695_1	cooF	2
GCA_964460695_1	ehbB	1
GCA_964460695_1	ehbC	2
GCA_964460695_1	ehbD	1
GCA_964460695_1	ehbE	1
GCA_964460695_1	ehbF	1
GCA_964460695_1	ehbI	2
GCA_964460695_1	ehbK	1
GCA_964460695_1	ehbL	1
GCA_964460695_1	ehbM	1
GCA_964460695_1	ehbN	2
GCA_964460695_1	ehbO	1
GCA_964460695_1	ehbP	1
GCA_964460695_1	eno	1
GCA_964460695_1	fae-hps	1
GCA_964460695_1	fbaA	2
GCA_964460695_1	fbp	1
GCA_964460695_1	fdhA	1
GCA_964460695_1	fdhA-K00148	2
GCA_964460695_1	fdm	4
GCA_964460695_1	folA	1
GCA_964460695_1	fpoC	2
GCA_964460695_1	fpoL	1
GCA_964460695_1	fpoM	2
GCA_964460695_1	frhB	1
GCA_964460695_1	frmA	4
GCA_964460695_1	ftr	2
GCA_964460695_1	fwdB	1
GCA_964460695_1	fwdC	1
GCA_964460695_1	gck	1
GCA_964460695_1	glyA	3
GCA_964460695_1	gpmB	2
GCA_964460695_1	hmd	1
GCA_964460695_1	mch	3
GCA_964460695_1	mdh	1
GCA_964460695_1	mer	2
GCA_964460695_1	mtaA	4
GCA_964460695_1	mtbC	2
GCA_964460695_1	mtrH	3
GCA_964460695_1	narB	2
GCA_964460695_1	pfkB	3
GCA_964460695_1	pfkC	1
GCA_964460695_1	pfp	1
GCA_964460695_1	porA	2
GCA_964460695_1	porB	1
GCA_964460695_1	porD	1
GCA_964460695_1	porG	1
GCA_964460695_1	pps	1
GCA_964460695_1	pqqE	2
GCA_964460695_1	pqqF	1
GCA_964460695_1	pta	2
GCA_964460695_1	rnfB	5
GCA_964460695_1	serA	3
GCA_964460695_1	serB	2
GCA_964460695_1	vhcA	1
GCA_964460695_1	vhcG	1
GCA_964463175_1	acdA	23
GCA_964463175_1	ackA	3
GCA_964463175_1	acs	15
GCA_964463175_1	apgM	1
GCA_964463175_1	cooF	3
GCA_964463175_1	ehbE	1
GCA_964463175_1	eno	6
GCA_964463175_1	fae	1
GCA_964463175_1	fbaA	4
GCA_964463175_1	fbp	3
GCA_964463175_1	fdhA	4
GCA_964463175_1	fdhA-K00148	8
GCA_964463175_1	fdhB	2
GCA_964463175_1	fdhF	1
GCA_964463175_1	fdm	2
GCA_964463175_1	fdoG	2
GCA_964463175_1	fdoH	1
GCA_964463175_1	fdwB	1
GCA_964463175_1	folA	14
GCA_964463175_1	fpoA	1
GCA_964463175_1	fpoB	1
GCA_964463175_1	fpoC	1
GCA_964463175_1	fpoD	1
GCA_964463175_1	fpoH	3
GCA_964463175_1	fpoJ	2
GCA_964463175_1	fpoK	2
GCA_964463175_1	fpoL	2
GCA_964463175_1	fpoM	4
GCA_964463175_1	fpoN	2
GCA_964463175_1	frmA	6
GCA_964463175_1	ftr	1
GCA_964463175_1	fwdB	2
GCA_964463175_1	fwdC	1
GCA_964463175_1	gck	1
GCA_964463175_1	gfa	1
GCA_964463175_1	glyA	7
GCA_964463175_1	gpmB	5
GCA_964463175_1	gpmI	1
GCA_964463175_1	hdrD	5
GCA_964463175_1	hprA	10
GCA_964463175_1	mauC	3
GCA_964463175_1	mbhJ	1
GCA_964463175_1	mch	2
GCA_964463175_1	mcl	5
GCA_964463175_1	mdh	1
GCA_964463175_1	mdh-K00024	3
GCA_964463175_1	mer	29
GCA_964463175_1	metF	4
GCA_964463175_1	mgsA	1
GCA_964463175_1	mgsB	1
GCA_964463175_1	mgsC	2
GCA_964463175_1	mtbC	2
GCA_964463175_1	mtdA	1
GCA_964463175_1	mtkA	1
GCA_964463175_1	mtkB	3
GCA_964463175_1	mttB	1
GCA_964463175_1	mxaG	1
GCA_964463175_1	mxaL	2
GCA_964463175_1	narB	3
GCA_964463175_1	nirK	3
GCA_964463175_1	nrfA	1
GCA_964463175_1	nrfH	1
GCA_964463175_1	pfkA	3
GCA_964463175_1	pfkB	3
GCA_964463175_1	pfp	4
GCA_964463175_1	porA	2
GCA_964463175_1	porB	1
GCA_964463175_1	porD	3
GCA_964463175_1	ppc	1
GCA_964463175_1	pps	2
GCA_964463175_1	pqqA	1
GCA_964463175_1	pqqE	7
GCA_964463175_1	pqqF	3
GCA_964463175_1	pta	10
GCA_964463175_1	rnfE	2
GCA_964463175_1	serA	16
GCA_964463175_1	serB	1
GCA_964463175_1	torA	3
GCA_964463175_1	torZ	2
GCA_964469765_1	acdA	2
GCA_964469765_1	ackA	1
GCA_964469765_1	acs	5
GCA_964469765_1	acsD	2
GCA_964469765_1	apgM	1
GCA_964469765_1	echE	1
GCA_964469765_1	ehbA	1
GCA_964469765_1	ehbH	1
GCA_964469765_1	eno	3
GCA_964469765_1	fae-hps	1
GCA_964469765_1	fbaA	2
GCA_964469765_1	fchA	1
GCA_964469765_1	fdhA	1
GCA_964469765_1	fdhA-K00148	1
GCA_964469765_1	fdhB	1
GCA_964469765_1	fdwE	1
GCA_964469765_1	folA	4
GCA_964469765_1	fpoC	1
GCA_964469765_1	fpoH	1
GCA_964469765_1	fpoL	1
GCA_964469765_1	frhD	1
GCA_964469765_1	frmA	2
GCA_964469765_1	glyA	2
GCA_964469765_1	hxlA	1
GCA_964469765_1	hxlB	2
GCA_964469765_1	mbhJ	1
GCA_964469765_1	mbhL	1
GCA_964469765_1	mdh	1
GCA_964469765_1	mdh-K00024	1
GCA_964469765_1	metF	1
GCA_964469765_1	mmoC	1
GCA_964469765_1	mxaC	1
GCA_964469765_1	nirK	1
GCA_964469765_1	pfkA	2
GCA_964469765_1	pfp	4
GCA_964469765_1	porA	1
GCA_964469765_1	porB	2
GCA_964469765_1	porD	2
GCA_964469765_1	porG	2
GCA_964469765_1	pps	2
GCA_964469765_1	pqqE	3
GCA_964469765_1	pta	4
GCA_964469765_1	rnfA	1
GCA_964469765_1	rnfB	5
GCA_964469765_1	rnfC	1
GCA_964469765_1	rnfD	1
GCA_964469765_1	rnfE	3
GCA_964469765_1	rnfG	1
GCA_964469765_1	serA	1
GCA_964469765_1	serB	3
GCA_964469765_1	torA	1
GCA_964470215_1	acdA	2
GCA_964470215_1	ackA	1
GCA_964470215_1	acs	3
GCA_964470215_1	acsC	2
GCA_964470215_1	acsD	2
GCA_964470215_1	apgM	1
GCA_964470215_1	cooF	1
GCA_964470215_1	cooS	2
GCA_964470215_1	eno	2
GCA_964470215_1	fbaA	4
GCA_964470215_1	fchA	1
GCA_964470215_1	fdhA	1
GCA_964470215_1	fdhA-K00148	4
GCA_964470215_1	fdhB	1
GCA_964470215_1	fdm	3
GCA_964470215_1	fdoI	3
GCA_964470215_1	fghA	1
GCA_964470215_1	folA	3
GCA_964470215_1	fpoB	1
GCA_964470215_1	fpoC	1
GCA_964470215_1	frhA	1
GCA_964470215_1	frhD	1
GCA_964470215_1	frmA	4
GCA_964470215_1	glyA	6
GCA_964470215_1	gpmB	2
GCA_964470215_1	gpmI	1
GCA_964470215_1	hdrA2	2
GCA_964470215_1	hdrB1	1
GCA_964470215_1	hdrC2	1
GCA_964470215_1	hdrD	1
GCA_964470215_1	hprA	4
GCA_964470215_1	hxlA	1
GCA_964470215_1	hxlB	2
GCA_964470215_1	mdh-K00024	3
GCA_964470215_1	mtaA	3
GCA_964470215_1	mtbA	1
GCA_964470215_1	mtbC	2
GCA_964470215_1	mvhA	1
GCA_964470215_1	mvhD	1
GCA_964470215_1	mxaF	6
GCA_964470215_1	narB	1
GCA_964470215_1	pfkA	3
GCA_964470215_1	pfkB	2
GCA_964470215_1	pfp	3
GCA_964470215_1	porA	2
GCA_964470215_1	porD	1
GCA_964470215_1	porG	2
GCA_964470215_1	pps	1
GCA_964470215_1	pqqD	3
GCA_964470215_1	pqqE	8
GCA_964470215_1	pqqF	1
GCA_964470215_1	pta	7
GCA_964470215_1	rnfA	1
GCA_964470215_1	rnfB	6
GCA_964470215_1	rnfC	3
GCA_964470215_1	rnfD	1
GCA_964470215_1	rnfE	2
GCA_964470215_1	rnfG	1
GCA_964470215_1	serA	5
GCA_964470215_1	serB	4
GCA_964470215_1	vhuG	1
GCA_964470215_1	xoxF5	1
GCA_964471095_1	acdA	4
GCA_964471095_1	acdB	1
GCA_964471095_1	eno	2
GCA_964471095_1	fdhA	1
GCA_964471095_1	fdhB	1
GCA_964471095_1	fdwB	2
GCA_964471095_1	folA	4
GCA_964471095_1	fpoA	1
GCA_964471095_1	fpoB	1
GCA_964471095_1	fpoC	1
GCA_964471095_1	fpoD	1
GCA_964471095_1	fpoH	2
GCA_964471095_1	fpoJ	2
GCA_964471095_1	fpoK	2
GCA_964471095_1	fpoL	2
GCA_964471095_1	fpoM	2
GCA_964471095_1	fpoN	3
GCA_964471095_1	frmA	3
GCA_964471095_1	gfa	1
GCA_964471095_1	glpX	2
GCA_964471095_1	glyA	4
GCA_964471095_1	gpmB	1
GCA_964471095_1	gpmI	1
GCA_964471095_1	hdrD	2
GCA_964471095_1	mauC	1
GCA_964471095_1	mcl	2
GCA_964471095_1	mdh	1
GCA_964471095_1	mdh-K00024	1
GCA_964471095_1	metF	1
GCA_964471095_1	mmoC	1
GCA_964471095_1	mtkA	2
GCA_964471095_1	mtkB	2
GCA_964471095_1	narB	1
GCA_964471095_1	pfp	2
GCA_964471095_1	porA	2
GCA_964471095_1	porB	1
GCA_964471095_1	porG	1
GCA_964471095_1	pps	2
GCA_964471095_1	pqqE	3
GCA_964471095_1	pqqF	2
GCA_964471095_1	pta	2
GCA_964471095_1	rnfB	3
GCA_964471095_1	rnfE	2
GCA_964471095_1	rnfG	1
GCA_964471095_1	serA	4
GCA_964471095_1	serB	1
GCA_964474885_1	apgM	2
GCA_964474885_1	eno	2
GCA_964474885_1	fae-hps	2
GCA_964474885_1	fbaA	1
GCA_964474885_1	folA	1
GCA_964474885_1	fpoC	2
GCA_964474885_1	frmA	2
GCA_964474885_1	glyA	2
GCA_964474885_1	hdrD	1
GCA_964474885_1	hprA	1
GCA_964474885_1	hxlB	1
GCA_964474885_1	mer	1
GCA_964474885_1	metF	1
GCA_964474885_1	mgsC	2
GCA_964474885_1	mtkB	1
GCA_964474885_1	pfp	1
GCA_964474885_1	porA	1
GCA_964474885_1	porB	1
GCA_964474885_1	porD	2
GCA_964474885_1	porG	1
GCA_964474885_1	pps	1
GCA_964474885_1	rnfA	1
GCA_964474885_1	rnfB	4
GCA_964474885_1	rnfC	1
GCA_964474885_1	rnfD	1
GCA_964474885_1	rnfE	1
GCA_964474885_1	rnfG	1
GCA_964474885_1	serA	2
GCA_964474885_1	serB	1
GCA_964474885_1	serC	1
GCA_964480165_1	acdA	1
GCA_964480165_1	cooF	1
GCA_964480165_1	eno	1
GCA_964480165_1	fbp	1
GCA_964480165_1	fpoC	1
GCA_964480165_1	mtbC	1
GCA_964480165_1	mtkB	1
GCA_964480165_1	porA	1
GCA_964480165_1	pps	1
GCA_964480165_1	pqqE	1
GCA_964480165_1	rnfB	1
GCA_964480475_1	acdA	3
GCA_964480475_1	ackA	2
GCA_964480475_1	acs	4
GCA_964480475_1	apgM	2
GCA_964480475_1	cooF	1
GCA_964480475_1	cooS	1
GCA_964480475_1	echE	1
GCA_964480475_1	ehbB	1
GCA_964480475_1	ehbE	1
GCA_964480475_1	ehbI	2
GCA_964480475_1	eno	3
GCA_964480475_1	fbaA	2
GCA_964480475_1	fbp	1
GCA_964480475_1	fchA	1
GCA_964480475_1	folA	2
GCA_964480475_1	fpoH	1
GCA_964480475_1	fpoL	1
GCA_964480475_1	fpoN	1
GCA_964480475_1	frhD	1
GCA_964480475_1	frmA	1
GCA_964480475_1	gck	1
GCA_964480475_1	glyA	3
GCA_964480475_1	gpmI	2
GCA_964480475_1	hdrA2	1
GCA_964480475_1	hdrD	1
GCA_964480475_1	hxlA	1
GCA_964480475_1	mbhJ	1
GCA_964480475_1	mdh-K00024	1
GCA_964480475_1	mgsC	1
GCA_964480475_1	mtbC	1
GCA_964480475_1	mtkB	1
GCA_964480475_1	pfkA	1
GCA_964480475_1	pfkB	3
GCA_964480475_1	pfp	1
GCA_964480475_1	porA	2
GCA_964480475_1	porB	1
GCA_964480475_1	porD	1
GCA_964480475_1	porG	2
GCA_964480475_1	pps	2
GCA_964480475_1	pqqE	10
GCA_964480475_1	pqqF	1
GCA_964480475_1	pta	3
GCA_964480475_1	rnfA	1
GCA_964480475_1	rnfB	6
GCA_964480475_1	rnfC	2
GCA_964480475_1	rnfD	1
GCA_964480475_1	rnfE	1
GCA_964480475_1	rnfG	1
GCA_964480475_1	serA	5
GCA_964480475_1	serB	2
GCA_964491175_1	acdA	2
GCA_964491175_1	ackA	1
GCA_964491175_1	acs	1
GCA_964491175_1	apgM	1
GCA_964491175_1	echE	1
GCA_964491175_1	ehbE	1
GCA_964491175_1	ehbI	1
GCA_964491175_1	eno	2
GCA_964491175_1	fbaA	4
GCA_964491175_1	fdhB	1
GCA_964491175_1	folA	4
GCA_964491175_1	fpoH	1
GCA_964491175_1	fpoL	1
GCA_964491175_1	frmA	1
GCA_964491175_1	glyA	2
GCA_964491175_1	gpmI	1
GCA_964491175_1	hmd	2
GCA_964491175_1	hxlB	3
GCA_964491175_1	mbhJ	1
GCA_964491175_1	mbhK	1
GCA_964491175_1	mdh	1
GCA_964491175_1	mtaA	2
GCA_964491175_1	mtbC	2
GCA_964491175_1	mttC	1
GCA_964491175_1	pfkA	1
GCA_964491175_1	pfkB	2
GCA_964491175_1	pfp	4
GCA_964491175_1	porA	3
GCA_964491175_1	porB	2
GCA_964491175_1	porD	1
GCA_964491175_1	porG	2
GCA_964491175_1	pps	1
GCA_964491175_1	pqqE	1
GCA_964491175_1	pta	3
GCA_964491175_1	rnfA	1
GCA_964491175_1	rnfB	4
GCA_964491175_1	rnfC	1
GCA_964491175_1	rnfD	1
GCA_964491175_1	rnfE	1
GCA_964491175_1	rnfG	1
GCA_964491175_1	serA	2
GCA_964491175_1	serB	2
GCA_964493915_1	acdA	2
GCA_964493915_1	ackA	1
GCA_964493915_1	acs	1
GCA_964493915_1	apgM	3
GCA_964493915_1	cooF	1
GCA_964493915_1	ehbA	1
GCA_964493915_1	ehbD	1
GCA_964493915_1	ehbI	2
GCA_964493915_1	eno	3
GCA_964493915_1	fae-hps	1
GCA_964493915_1	fbaA	10
GCA_964493915_1	fdhA-K00148	2
GCA_964493915_1	fdhB	1
GCA_964493915_1	fdm	1
GCA_964493915_1	fdwB	2
GCA_964493915_1	folA	3
GCA_964493915_1	fpoC	1
GCA_964493915_1	fpoD	1
GCA_964493915_1	fpoH	1
GCA_964493915_1	fpoM	2
GCA_964493915_1	frhG	1
GCA_964493915_1	frmA	4
GCA_964493915_1	glyA	4
GCA_964493915_1	gpmB	1
GCA_964493915_1	gpmI	2
GCA_964493915_1	hdrA2	2
GCA_964493915_1	hmd	1
GCA_964493915_1	hprA	1
GCA_964493915_1	hxlA	1
GCA_964493915_1	mauC	1
GCA_964493915_1	mdh-K00024	1
GCA_964493915_1	metF	1
GCA_964493915_1	mgsC	1
GCA_964493915_1	mtaA	1
GCA_964493915_1	mtbC	3
GCA_964493915_1	mtkB	1
GCA_964493915_1	mttB	1
GCA_964493915_1	mxaF	1
GCA_964493915_1	nirK	1
GCA_964493915_1	pfkA	3
GCA_964493915_1	pfkB	1
GCA_964493915_1	pfp	4
GCA_964493915_1	porA	1
GCA_964493915_1	pps	3
GCA_964493915_1	pqqE	6
GCA_964493915_1	pqqF	1
GCA_964493915_1	pta	3
GCA_964493915_1	rnfA	1
GCA_964493915_1	rnfB	3
GCA_964493915_1	rnfC	1
GCA_964493915_1	rnfD	2
GCA_964493915_1	rnfE	2
GCA_964493915_1	rnfG	1
GCA_964493915_1	serA	6
GCA_964493915_1	serB	3
GCA_964493915_1	serC	1
GCA_964506745_1	ackA	1
GCA_964506745_1	acs	5
GCA_964506745_1	apgM	2
GCA_964506745_1	cdhA	1
GCA_964506745_1	cdhB	1
GCA_964506745_1	cdhC	1
GCA_964506745_1	cdhD	1
GCA_964506745_1	cdhE	3
GCA_964506745_1	cooF	1
GCA_964506745_1	cooS	1
GCA_964506745_1	ehaQ	1
GCA_964506745_1	ehbQ	1
GCA_964506745_1	eno	1
GCA_964506745_1	fae-hps	1
GCA_964506745_1	fbp	3
GCA_964506745_1	fdhA	4
GCA_964506745_1	fdhA-K00148	1
GCA_964506745_1	fdwE	1
GCA_964506745_1	fmdB	1
GCA_964506745_1	fmdC	2
GCA_964506745_1	folA	2
GCA_964506745_1	fpoA	1
GCA_964506745_1	fpoB	2
GCA_964506745_1	fpoC	4
GCA_964506745_1	fpoD	1
GCA_964506745_1	fpoH	1
GCA_964506745_1	fpoI	1
GCA_964506745_1	fpoJ	2
GCA_964506745_1	fpoK	1
GCA_964506745_1	fpoL	1
GCA_964506745_1	fpoM	1
GCA_964506745_1	fpoN	1
GCA_964506745_1	fpoO	1
GCA_964506745_1	frhB	1
GCA_964506745_1	frmA	2
GCA_964506745_1	ftr	1
GCA_964506745_1	fwdB	2
GCA_964506745_1	fwdC	1
GCA_964506745_1	fwdG	3
GCA_964506745_1	glyA	2
GCA_964506745_1	gpmI	2
GCA_964506745_1	hdrA1	1
GCA_964506745_1	hdrB1	1
GCA_964506745_1	hdrC2	1
GCA_964506745_1	hdrD	2
GCA_964506745_1	hdrE	1
GCA_964506745_1	hxlB	1
GCA_964506745_1	mch	1
GCA_964506745_1	mcrA	1
GCA_964506745_1	mcrB	1
GCA_964506745_1	mcrC	1
GCA_964506745_1	mcrD	1
GCA_964506745_1	mcrG	1
GCA_964506745_1	mer	1
GCA_964506745_1	metF	1
GCA_964506745_1	mtd	1
GCA_964506745_1	mtkA	2
GCA_964506745_1	mtrA	3
GCA_964506745_1	mtrB	1
GCA_964506745_1	mtrC	1
GCA_964506745_1	mtrD	1
GCA_964506745_1	mtrE	1
GCA_964506745_1	mtrF	1
GCA_964506745_1	mtrG	1
GCA_964506745_1	mtrH	2
GCA_964506745_1	mxaF	1
GCA_964506745_1	narB	1
GCA_964506745_1	narH	1
GCA_964506745_1	pfkB	1
GCA_964506745_1	pfkC	1
GCA_964506745_1	pfp	1
GCA_964506745_1	porA	3
GCA_964506745_1	porB	1
GCA_964506745_1	porD	1
GCA_964506745_1	porG	2
GCA_964506745_1	pps	2
GCA_964506745_1	pqqD	1
GCA_964506745_1	pqqE	9
GCA_964506745_1	pta	1
GCA_964506745_1	rnfB	4
GCA_964506745_1	rnfE	1
GCA_964506745_1	serA	3
GCA_964506745_1	serB	2
GCA_964506785_1	acdA	2
GCA_964506785_1	ackA	2
GCA_964506785_1	acsC	1
GCA_964506785_1	amoB	1
GCA_964506785_1	apgM	3
GCA_964506785_1	cooF	1
GCA_964506785_1	echE	1
GCA_964506785_1	ehbC	1
GCA_964506785_1	ehbH	1
GCA_964506785_1	eno	1
GCA_964506785_1	fae-hps	1
GCA_964506785_1	fbaA	1
GCA_964506785_1	fbaB	1
GCA_964506785_1	fdhA-K00148	1
GCA_964506785_1	fdhB	1
GCA_964506785_1	folA	4
GCA_964506785_1	fpoC	1
GCA_964506785_1	fpoH	1
GCA_964506785_1	frhD	1
GCA_964506785_1	frmA	2
GCA_964506785_1	glyA	3
GCA_964506785_1	gpmI	1
GCA_964506785_1	hxlA	1
GCA_964506785_1	hxlB	1
GCA_964506785_1	mbhJ	1
GCA_964506785_1	mdh-K00024	1
GCA_964506785_1	mgsC	1
GCA_964506785_1	mxaF	1
GCA_964506785_1	narB	1
GCA_964506785_1	narH	1
GCA_964506785_1	pfkA	1
GCA_964506785_1	pfp	4
GCA_964506785_1	porA	2
GCA_964506785_1	porB	1
GCA_964506785_1	porD	1
GCA_964506785_1	porG	1
GCA_964506785_1	pps	1
GCA_964506785_1	pqqE	2
GCA_964506785_1	pta	2
GCA_964506785_1	rnfA	1
GCA_964506785_1	rnfB	4
GCA_964506785_1	rnfC	1
GCA_964506785_1	rnfD	1
GCA_964506785_1	rnfE	2
GCA_964506785_1	rnfG	1
GCA_964506785_1	serA	3
GCA_964506785_1	serB	2
GCA_964509425_1	acdA	8
GCA_964509425_1	ackA	1
GCA_964509425_1	acs	5
GCA_964509425_1	cooF	1
GCA_964509425_1	eno	4
GCA_964509425_1	fbaA	1
GCA_964509425_1	fbaB	1
GCA_964509425_1	fbp	1
GCA_964509425_1	fdhB	1
GCA_964509425_1	fdhF	1
GCA_964509425_1	fdm	1
GCA_964509425_1	fdwB	1
GCA_964509425_1	folA	7
GCA_964509425_1	fpoA	1
GCA_964509425_1	fpoB	4
GCA_964509425_1	fpoC	1
GCA_964509425_1	fpoD	1
GCA_964509425_1	fpoH	1
GCA_964509425_1	fpoL	2
GCA_964509425_1	fpoM	1
GCA_964509425_1	fpoN	1
GCA_964509425_1	frhB	1
GCA_964509425_1	frmA	2
GCA_964509425_1	glyA	3
GCA_964509425_1	gpmB	2
GCA_964509425_1	gpmI	2
GCA_964509425_1	hdrA2	1
GCA_964509425_1	hdrD	1
GCA_964509425_1	hprA	2
GCA_964509425_1	hxlB	1
GCA_964509425_1	mauC	2
GCA_964509425_1	mcl	3
GCA_964509425_1	mdh-K00024	3
GCA_964509425_1	metF	3
GCA_964509425_1	mmoC	1
GCA_964509425_1	mtkA	1
GCA_964509425_1	mxaC	1
GCA_964509425_1	narB	1
GCA_964509425_1	nirK	5
GCA_964509425_1	pfkB	2
GCA_964509425_1	pfp	2
GCA_964509425_1	ppc	1
GCA_964509425_1	pps	3
GCA_964509425_1	pqqF	1
GCA_964509425_1	pta	2
GCA_964509425_1	rnfE	1
GCA_964509425_1	serA	5
GCA_964509425_1	serB	1
GCA_964509425_1	serC	1
GCA_964509425_1	torZ	1
GCA_964510695_1	acdA	14
GCA_964510695_1	acdB	1
GCA_964510695_1	ackA	2
GCA_964510695_1	acs	5
GCA_964510695_1	apgM	2
GCA_964510695_1	ehbA	1
GCA_964510695_1	ehbE	1
GCA_964510695_1	eno	3
GCA_964510695_1	fbp	2
GCA_964510695_1	fdhA	1
GCA_964510695_1	fdoG	1
GCA_964510695_1	fdwB	2
GCA_964510695_1	folA	5
GCA_964510695_1	fpoA	1
GCA_964510695_1	fpoB	3
GCA_964510695_1	fpoC	3
GCA_964510695_1	fpoD	2
GCA_964510695_1	fpoH	2
GCA_964510695_1	fpoJ	1
GCA_964510695_1	fpoL	2
GCA_964510695_1	fpoM	2
GCA_964510695_1	fpoN	1
GCA_964510695_1	frmA	2
GCA_964510695_1	glpX	1
GCA_964510695_1	glyA	6
GCA_964510695_1	gpmB	3
GCA_964510695_1	gpmI	2
GCA_964510695_1	hdrD	1
GCA_964510695_1	mauC	1
GCA_964510695_1	mcl	3
GCA_964510695_1	mdh-K00024	2
GCA_964510695_1	mer	2
GCA_964510695_1	metF	3
GCA_964510695_1	mgsC	1
GCA_964510695_1	mtaA	1
GCA_964510695_1	mtkA	1
GCA_964510695_1	mtkB	2
GCA_964510695_1	mxaD	1
GCA_964510695_1	nirK	2
GCA_964510695_1	pfkA	1
GCA_964510695_1	pfp	3
GCA_964510695_1	porA	1
GCA_964510695_1	ppc	2
GCA_964510695_1	pps	3
GCA_964510695_1	pta	7
GCA_964510695_1	serA	4
GCA_964510695_1	serB	3
GCA_964510695_1	serC	1
GCA_964510695_1	thrH	1
GCA_964513605_1	ackA	4
GCA_964513605_1	acs	4
GCA_964513605_1	acsC	1
GCA_964513605_1	apgM	1
GCA_964513605_1	cdhC	3
GCA_964513605_1	cdhD	1
GCA_964513605_1	cooS	2
GCA_964513605_1	fbaA	4
GCA_964513605_1	fchA	1
GCA_964513605_1	folA	3
GCA_964513605_1	fpoB	1
GCA_964513605_1	frmA	1
GCA_964513605_1	glyA	2
GCA_964513605_1	gpmI	2
GCA_964513605_1	hdrA1	1
GCA_964513605_1	hdrA2	2
GCA_964513605_1	hdrB2	1
GCA_964513605_1	hdrC2	1
GCA_964513605_1	mdh	1
GCA_964513605_1	mdh-K00024	4
GCA_964513605_1	pfkA	1
GCA_964513605_1	pfp	6
GCA_964513605_1	porD	1
GCA_964513605_1	pps	2
GCA_964513605_1	pqqE	5
GCA_964513605_1	pta	7
GCA_964513605_1	rnfB	4
GCA_964513605_1	rnfC	3
GCA_964513605_1	rnfD	1
GCA_964513605_1	rnfE	1
GCA_964513605_1	rnfG	1
GCA_964513605_1	serA	2
GCA_964513605_1	serB	1
GCA_964513605_1	serC	1
GCA_964513605_1	vhcD	1
GCA_964513745_1	acdA	4
GCA_964513745_1	ackA	5
GCA_964513745_1	acs	8
GCA_964513745_1	acsC	2
GCA_964513745_1	acsD	3
GCA_964513745_1	apgM	2
GCA_964513745_1	cdhC	1
GCA_964513745_1	cdhE	1
GCA_964513745_1	cooS	1
GCA_964513745_1	eno	3
GCA_964513745_1	fbaA	2
GCA_964513745_1	fdhA	5
GCA_964513745_1	fdhB	1
GCA_964513745_1	fdhF	1
GCA_964513745_1	fdoH	2
GCA_964513745_1	fdwB	1
GCA_964513745_1	folA	3
GCA_964513745_1	fpoA	2
GCA_964513745_1	fpoB	4
GCA_964513745_1	fpoH	2
GCA_964513745_1	fpoJ	1
GCA_964513745_1	fpoK	2
GCA_964513745_1	fpoL	1
GCA_964513745_1	fpoM	2
GCA_964513745_1	fpoN	2
GCA_964513745_1	frmA	4
GCA_964513745_1	glpX	1
GCA_964513745_1	glyA	3
GCA_964513745_1	gpmB	1
GCA_964513745_1	gpmI	1
GCA_964513745_1	hdrA1	3
GCA_964513745_1	hdrA2	4
GCA_964513745_1	hdrB2	1
GCA_964513745_1	hdrD	1
GCA_964513745_1	hxlB	1
GCA_964513745_1	mbhJ	1
GCA_964513745_1	mcl	1
GCA_964513745_1	mgsC	2
GCA_964513745_1	mtaA	1
GCA_964513745_1	mtbC	1
GCA_964513745_1	mtkA	1
GCA_964513745_1	mtkB	1
GCA_964513745_1	mvhA	2
GCA_964513745_1	mvhD	3
GCA_964513745_1	mvhG	1
GCA_964513745_1	napH	2
GCA_964513745_1	narB	1
GCA_964513745_1	nrfA	1
GCA_964513745_1	pfkA	1
GCA_964513745_1	pfkB	1
GCA_964513745_1	pfp	3
GCA_964513745_1	porA	4
GCA_964513745_1	porB	3
GCA_964513745_1	porD	2
GCA_964513745_1	porG	2
GCA_964513745_1	pps	3
GCA_964513745_1	pqqE	12
GCA_964513745_1	pqqF	2
GCA_964513745_1	rnfA	1
GCA_964513745_1	rnfB	7
GCA_964513745_1	rnfC	2
GCA_964513745_1	rnfD	1
GCA_964513745_1	rnfE	3
GCA_964513745_1	rnfG	1
GCA_964513745_1	serA	4
GCA_964513745_1	serB	3
GCA_964513745_1	serC	1
GCA_964513745_1	vhtG	1
GCA_964513745_1	vhuD	1
GCA_964519305_1	acs	2
GCA_964519305_1	acsD	1
GCA_964519305_1	amoB	1
GCA_964519305_1	apgM	1
GCA_964519305_1	cdhA	1
GCA_964519305_1	cdhC	1
GCA_964519305_1	cdhD	1
GCA_964519305_1	cdhE	1
GCA_964519305_1	cooF	1
GCA_964519305_1	cooS	1
GCA_964519305_1	eno	2
GCA_964519305_1	fae-hps	2
GCA_964519305_1	fbaA	3
GCA_964519305_1	fchA	1
GCA_964519305_1	fdhA-K00148	1
GCA_964519305_1	fmdC	1
GCA_964519305_1	fpoC	1
GCA_964519305_1	frhB	1
GCA_964519305_1	frmA	2
GCA_964519305_1	ftr	2
GCA_964519305_1	fwdB	3
GCA_964519305_1	fwdC	2
GCA_964519305_1	fwdG	1
GCA_964519305_1	gck	1
GCA_964519305_1	gfa	3
GCA_964519305_1	glyA	4
GCA_964519305_1	gpmI	1
GCA_964519305_1	hdrA1	1
GCA_964519305_1	hdrA2	3
GCA_964519305_1	hdrB2	1
GCA_964519305_1	hdrC2	1
GCA_964519305_1	hdrD	2
GCA_964519305_1	hxlA	1
GCA_964519305_1	hxlB	1
GCA_964519305_1	mch	2
GCA_964519305_1	mdh-K00024	1
GCA_964519305_1	mmoC	2
GCA_964519305_1	mtd	2
GCA_964519305_1	mtdB	1
GCA_964519305_1	mtkA	4
GCA_964519305_1	mtkB	3
GCA_964519305_1	mtrA	3
GCA_964519305_1	mtrH	2
GCA_964519305_1	mvhA	2
GCA_964519305_1	mvhD	3
GCA_964519305_1	mvhG	1
GCA_964519305_1	mxaL	1
GCA_964519305_1	napH	2
GCA_964519305_1	narH	1
GCA_964519305_1	nirK	1
GCA_964519305_1	pfkA	2
GCA_964519305_1	pfkB	2
GCA_964519305_1	porA	2
GCA_964519305_1	porB	2
GCA_964519305_1	porD	3
GCA_964519305_1	porG	2
GCA_964519305_1	pps	3
GCA_964519305_1	pqqE	21
GCA_964519305_1	rnfA	1
GCA_964519305_1	rnfB	5
GCA_964519305_1	rnfC	3
GCA_964519305_1	rnfD	1
GCA_964519305_1	rnfE	2
GCA_964519305_1	rnfG	1
GCA_964519305_1	serA	4
GCA_964519305_1	serB	4
GCA_964519305_1	serC	1
GCA_964519305_1	thrH	1
GCA_964519305_1	vhcG	1
GCA_964520315_1	acdA	15
GCA_964520315_1	acdB	1
GCA_964520315_1	ackA	1
GCA_964520315_1	acs	6
GCA_964520315_1	ehbH	1
GCA_964520315_1	ehbL	1
GCA_964520315_1	eno	4
GCA_964520315_1	fae-hps	1
GCA_964520315_1	fbaA	2
GCA_964520315_1	fbp	3
GCA_964520315_1	fchA	2
GCA_964520315_1	fdhA	1
GCA_964520315_1	fdhA-K00148	1
GCA_964520315_1	fdhB	4
GCA_964520315_1	fdhF	3
GCA_964520315_1	fdoH	1
GCA_964520315_1	fdwB	1
GCA_964520315_1	folA	6
GCA_964520315_1	fpoA	1
GCA_964520315_1	fpoB	3
GCA_964520315_1	fpoC	1
GCA_964520315_1	fpoH	3
GCA_964520315_1	fpoJ	2
GCA_964520315_1	fpoK	1
GCA_964520315_1	fpoL	3
GCA_964520315_1	fpoM	3
GCA_964520315_1	fpoN	4
GCA_964520315_1	frmA	3
GCA_964520315_1	gfa	1
GCA_964520315_1	glpX	1
GCA_964520315_1	glyA	6
GCA_964520315_1	gpmB	1
GCA_964520315_1	gpmI	4
GCA_964520315_1	hdrA2	2
GCA_964520315_1	hdrD	1
GCA_964520315_1	hprA	1
GCA_964520315_1	mauC	3
GCA_964520315_1	mcl	2
GCA_964520315_1	mdh	1
GCA_964520315_1	mdh-K00024	2
GCA_964520315_1	mtaA	1
GCA_964520315_1	mtkA	1
GCA_964520315_1	mtkB	1
GCA_964520315_1	napH	2
GCA_964520315_1	narG	3
GCA_964520315_1	narH	1
GCA_964520315_1	narZ	1
GCA_964520315_1	nirK	2
GCA_964520315_1	pfkA	2
GCA_964520315_1	pfkB	1
GCA_964520315_1	pfp	3
GCA_964520315_1	porA	5
GCA_964520315_1	porB	4
GCA_964520315_1	porD	2
GCA_964520315_1	porG	1
GCA_964520315_1	pps	5
GCA_964520315_1	pqqE	9
GCA_964520315_1	pqqF	1
GCA_964520315_1	pta	3
GCA_964520315_1	rnfA	1
GCA_964520315_1	rnfB	2
GCA_964520315_1	rnfC	3
GCA_964520315_1	rnfD	1
GCA_964520315_1	rnfE	2
GCA_964520315_1	rnfG	1
GCA_964520315_1	serA	5
GCA_964520315_1	serB	3
GCA_964520315_1	serC	1
GCA_964520315_1	vhcD	1
GCA_964520315_1	vhuD	1
GCA_964521515_1	acs	3
GCA_964521515_1	apgM	2
GCA_964521515_1	cooF	2
GCA_964521515_1	ehbA	1
GCA_964521515_1	ehbB	1
GCA_964521515_1	ehbC	1
GCA_964521515_1	ehbD	1
GCA_964521515_1	ehbE	1
GCA_964521515_1	ehbF	1
GCA_964521515_1	ehbI	1
GCA_964521515_1	ehbK	2
GCA_964521515_1	ehbL	1
GCA_964521515_1	ehbO	1
GCA_964521515_1	ehbP	1
GCA_964521515_1	eno	2
GCA_964521515_1	fbp	1
GCA_964521515_1	folA	2
GCA_964521515_1	fpoC	2
GCA_964521515_1	fpoF	1
GCA_964521515_1	frhA	1
GCA_964521515_1	frhB	1
GCA_964521515_1	frhD	1
GCA_964521515_1	frmA	3
GCA_964521515_1	glyA	1
GCA_964521515_1	hdrA1	1
GCA_964521515_1	hdrA2	1
GCA_964521515_1	hdrC2	1
GCA_964521515_1	hdrD	3
GCA_964521515_1	hxlA	2
GCA_964521515_1	hxlB	1
GCA_964521515_1	mbhJ	1
GCA_964521515_1	mcl	1
GCA_964521515_1	mcrB	1
GCA_964521515_1	mcrC	1
GCA_964521515_1	mmoC	1
GCA_964521515_1	mtaA	2
GCA_964521515_1	mtaC	1
GCA_964521515_1	mtbA	1
GCA_964521515_1	mtbC	1
GCA_964521515_1	mtkA	1
GCA_964521515_1	mtsA	1
GCA_964521515_1	mttC	1
GCA_964521515_1	mvhD	1
GCA_964521515_1	narB	2
GCA_964521515_1	narH	1
GCA_964521515_1	porA	4
GCA_964521515_1	porB	3
GCA_964521515_1	porD	1
GCA_964521515_1	porG	2
GCA_964521515_1	pps	3
GCA_964521515_1	pqqE	4
GCA_964521515_1	pta	2
GCA_964521515_1	rnfB	1
GCA_964521515_1	serA	2
GCA_964521515_1	serB	1
GCA_964524645_1	acdA	9
GCA_964524645_1	ackA	3
GCA_964524645_1	acs	7
GCA_964524645_1	cooF	1
GCA_964524645_1	eno	2
GCA_964524645_1	fbaA	3
GCA_964524645_1	fbaB	1
GCA_964524645_1	fbp	2
GCA_964524645_1	fchA	1
GCA_964524645_1	fdhA	4
GCA_964524645_1	fdhB	2
GCA_964524645_1	fdoH	2
GCA_964524645_1	fdoI	1
GCA_964524645_1	fdwB	2
GCA_964524645_1	folA	2
GCA_964524645_1	fpoA	3
GCA_964524645_1	fpoB	5
GCA_964524645_1	fpoC	1
GCA_964524645_1	fpoD	1
GCA_964524645_1	fpoH	3
GCA_964524645_1	fpoJ	3
GCA_964524645_1	fpoK	3
GCA_964524645_1	fpoL	3
GCA_964524645_1	fpoM	3
GCA_964524645_1	fpoN	3
GCA_964524645_1	frmA	2
GCA_964524645_1	glyA	3
GCA_964524645_1	gpmB	2
GCA_964524645_1	gpmI	2
GCA_964524645_1	hdrA1	3
GCA_964524645_1	hdrA2	5
GCA_964524645_1	hdrB1	1
GCA_964524645_1	hdrD	4
GCA_964524645_1	hxlA	1
GCA_964524645_1	hxlB	1
GCA_964524645_1	mauC	3
GCA_964524645_1	mauE	1
GCA_964524645_1	mcl	2
GCA_964524645_1	mdh-K00024	3
GCA_964524645_1	metF	2
GCA_964524645_1	mmoC	2
GCA_964524645_1	mtaA	1
GCA_964524645_1	mtbC	1
GCA_964524645_1	mtkA	1
GCA_964524645_1	mtkB	1
GCA_964524645_1	mttB	1
GCA_964524645_1	mvhD	1
GCA_964524645_1	mxaC	1
GCA_964524645_1	narB	2
GCA_964524645_1	pfkA	5
GCA_964524645_1	pfkB	1
GCA_964524645_1	pfp	3
GCA_964524645_1	porA	5
GCA_964524645_1	porB	5
GCA_964524645_1	porD	1
GCA_964524645_1	porG	2
GCA_964524645_1	pps	3
GCA_964524645_1	pqqE	1
GCA_964524645_1	pqqF	3
GCA_964524645_1	pta	5
GCA_964524645_1	rnfB	5
GCA_964524645_1	rnfC	1
GCA_964524645_1	serA	1
GCA_964524645_1	serB	1
GCA_964524645_1	vhcD	1
GCA_964534765_1	acdA	1
GCA_964534765_1	ackA	5
GCA_964534765_1	acs	4
GCA_964534765_1	apgM	2
GCA_964534765_1	cooF	1
GCA_964534765_1	echB	1
GCA_964534765_1	eno	2
GCA_964534765_1	fbaA	2
GCA_964534765_1	fdhA	1
GCA_964534765_1	fdhA-K00148	1
GCA_964534765_1	folA	4
GCA_964534765_1	fpoA	1
GCA_964534765_1	fpoB	3
GCA_964534765_1	fpoC	2
GCA_964534765_1	fpoD	2
GCA_964534765_1	fpoH	2
GCA_964534765_1	fpoJ	2
GCA_964534765_1	fpoK	1
GCA_964534765_1	fpoL	2
GCA_964534765_1	fpoM	3
GCA_964534765_1	fpoN	2
GCA_964534765_1	frmA	3
GCA_964534765_1	glpX	2
GCA_964534765_1	glyA	6
GCA_964534765_1	gpmB	1
GCA_964534765_1	hxlB	1
GCA_964534765_1	mbhJ	1
GCA_964534765_1	mcl	1
GCA_964534765_1	mdh-K00024	1
GCA_964534765_1	mer	1
GCA_964534765_1	metF	1
GCA_964534765_1	mgsC	1
GCA_964534765_1	mmoC	1
GCA_964534765_1	mtkA	1
GCA_964534765_1	mtkB	1
GCA_964534765_1	mxaC	1
GCA_964534765_1	pfp	4
GCA_964534765_1	porA	2
GCA_964534765_1	porB	1
GCA_964534765_1	pps	2
GCA_964534765_1	pqqE	4
GCA_964534765_1	pqqF	2
GCA_964534765_1	pta	3
GCA_964534765_1	rnfB	1
GCA_964534765_1	rnfC	1
GCA_964534765_1	rnfG	1
GCA_964534765_1	serA	8
GCA_964534765_1	serB	2
GCA_964534765_1	thrH	1
GCA_964547905_1	acdA	18
GCA_964547905_1	acdB	2
GCA_964547905_1	ackA	1
GCA_964547905_1	acs	9
GCA_964547905_1	acsD	1
GCA_964547905_1	apgM	2
GCA_964547905_1	cdhC	1
GCA_964547905_1	cdhE	1
GCA_964547905_1	cooF	1
GCA_964547905_1	eno	5
GCA_964547905_1	fae-hps	1
GCA_964547905_1	fbaA	3
GCA_964547905_1	fbp	2
GCA_964547905_1	fdhF	1
GCA_964547905_1	fdoH	5
GCA_964547905_1	fdoI	1
GCA_964547905_1	fdwB	1
GCA_964547905_1	folA	4
GCA_964547905_1	fpoA	1
GCA_964547905_1	fpoB	3
GCA_964547905_1	fpoC	1
GCA_964547905_1	fpoD	1
GCA_964547905_1	fpoH	1
GCA_964547905_1	fpoJ	2
GCA_964547905_1	fpoK	1
GCA_964547905_1	fpoL	2
GCA_964547905_1	fpoM	2
GCA_964547905_1	fpoN	2
GCA_964547905_1	frmA	4
GCA_964547905_1	gck	1
GCA_964547905_1	glpX	1
GCA_964547905_1	glyA	6
GCA_964547905_1	hdrA2	6
GCA_964547905_1	hdrD	3
GCA_964547905_1	hdrE	1
GCA_964547905_1	hxlB	1
GCA_964547905_1	mauC	2
GCA_964547905_1	mbhJ	1
GCA_964547905_1	mch	1
GCA_964547905_1	mcl	2
GCA_964547905_1	mdh	1
GCA_964547905_1	mdh-K00024	4
GCA_964547905_1	mgsA	1
GCA_964547905_1	mgsC	1
GCA_964547905_1	mtkA	2
GCA_964547905_1	mtkB	2
GCA_964547905_1	narB	3
GCA_964547905_1	nirK	3
GCA_964547905_1	pfkA	1
GCA_964547905_1	pfp	2
GCA_964547905_1	porA	2
GCA_964547905_1	porB	3
GCA_964547905_1	porD	1
GCA_964547905_1	porG	1
GCA_964547905_1	ppc	1
GCA_964547905_1	pps	4
GCA_964547905_1	pqqE	3
GCA_964547905_1	pta	4
GCA_964547905_1	rnfB	4
GCA_964547905_1	rnfC	1
GCA_964547905_1	serA	4
GCA_964547905_1	serB	2
GCA_964548165_1	acdA	3
GCA_964548165_1	acdB	1
GCA_964548165_1	ackA	7
GCA_964548165_1	acs	3
GCA_964548165_1	apgM	1
GCA_964548165_1	cooF	1
GCA_964548165_1	eno	3
GCA_964548165_1	fbaA	1
GCA_964548165_1	fdhA	1
GCA_964548165_1	fdhB	1
GCA_964548165_1	fdm	1
GCA_964548165_1	fdoH	1
GCA_964548165_1	fdwB	1
GCA_964548165_1	folA	4
GCA_964548165_1	fpoB	4
GCA_964548165_1	fpoC	2
GCA_964548165_1	fpoD	1
GCA_964548165_1	fpoH	1
GCA_964548165_1	fpoK	2
GCA_964548165_1	fpoL	2
GCA_964548165_1	fpoM	2
GCA_964548165_1	fpoN	1
GCA_964548165_1	frmA	3
GCA_964548165_1	gck	1
GCA_964548165_1	glpX	1
GCA_964548165_1	glyA	10
GCA_964548165_1	gpmI	1
GCA_964548165_1	hdrA2	1
GCA_964548165_1	hprA	1
GCA_964548165_1	mauC	1
GCA_964548165_1	mcl	1
GCA_964548165_1	mdh	1
GCA_964548165_1	mdh-K00024	1
GCA_964548165_1	mer	2
GCA_964548165_1	metF	3
GCA_964548165_1	mgsC	1
GCA_964548165_1	mtkA	1
GCA_964548165_1	mtkB	2
GCA_964548165_1	mxaF	1
GCA_964548165_1	nirK	1
GCA_964548165_1	nrfH	2
GCA_964548165_1	pfkA	1
GCA_964548165_1	pfp	5
GCA_964548165_1	porA	1
GCA_964548165_1	pps	1
GCA_964548165_1	pqqE	7
GCA_964548165_1	pqqF	1
GCA_964548165_1	pta	4
GCA_964548165_1	rnfB	1
GCA_964548165_1	rnfC	2
GCA_964548165_1	rnfE	1
GCA_964548165_1	serA	3
GCA_964548165_1	serB	4
GCA_964548165_1	serC	1
GCA_964551875_1	acdA	1
GCA_964551875_1	acs	3
GCA_964551875_1	acsC	1
GCA_964551875_1	apgM	2
GCA_964551875_1	cdhA	1
GCA_964551875_1	cdhB	1
GCA_964551875_1	cdhC	2
GCA_964551875_1	cdhD	2
GCA_964551875_1	cdhE	2
GCA_964551875_1	ehaQ	1
GCA_964551875_1	ehbQ	1
GCA_964551875_1	eno	1
GCA_964551875_1	fae-hps	2
GCA_964551875_1	fbp	1
GCA_964551875_1	fdhA	2
GCA_964551875_1	fdhA-K00148	1
GCA_964551875_1	fdhB	2
GCA_964551875_1	fmdC	1
GCA_964551875_1	folA	2
GCA_964551875_1	fpoB	1
GCA_964551875_1	fpoC	2
GCA_964551875_1	frhA	1
GCA_964551875_1	frhB	1
GCA_964551875_1	frhD	2
GCA_964551875_1	frhG	1
GCA_964551875_1	frmA	2
GCA_964551875_1	ftr	2
GCA_964551875_1	fwdB	1
GCA_964551875_1	fwdC	1
GCA_964551875_1	fwdG	1
GCA_964551875_1	glyA	2
GCA_964551875_1	hdrA1	1
GCA_964551875_1	hdrA2	1
GCA_964551875_1	hdrB1	1
GCA_964551875_1	hdrC1	1
GCA_964551875_1	hdrD	1
GCA_964551875_1	hxlA	2
GCA_964551875_1	hxlB	1
GCA_964551875_1	mauC	2
GCA_964551875_1	mch	3
GCA_964551875_1	mcrA	1
GCA_964551875_1	mcrB	1
GCA_964551875_1	mcrC	1
GCA_964551875_1	mcrG	1
GCA_964551875_1	mdh-K00024	3
GCA_964551875_1	mer	1
GCA_964551875_1	metF	1
GCA_964551875_1	mgsC	3
GCA_964551875_1	mtd	2
GCA_964551875_1	mtkA	2
GCA_964551875_1	mtrB	1
GCA_964551875_1	mtrC	1
GCA_964551875_1	mtrD	1
GCA_964551875_1	mtrE	1
GCA_964551875_1	mtrH	1
GCA_964551875_1	mttC	1
GCA_964551875_1	mvhD	1
GCA_964551875_1	narB	1
GCA_964551875_1	porA	4
GCA_964551875_1	porB	4
GCA_964551875_1	porD	3
GCA_964551875_1	porG	4
GCA_964551875_1	pps	1
GCA_964551875_1	pqqE	5
GCA_964551875_1	pta	2
GCA_964551875_1	rnfB	3
GCA_964551875_1	rnfE	1
GCA_964551875_1	serA	5
GCA_964551875_1	vhcA	1
GCA_964551875_1	vhcG	1
GCA_964565925_1	acdA	37
GCA_964565925_1	ackA	2
GCA_964565925_1	acs	7
GCA_964565925_1	acsD	1
GCA_964565925_1	apgM	1
GCA_964565925_1	cooF	1
GCA_964565925_1	eno	2
GCA_964565925_1	fbaA	1
GCA_964565925_1	fdhA	2
GCA_964565925_1	fdhA-K00148	3
GCA_964565925_1	fdhB	1
GCA_964565925_1	fdhF	2
GCA_964565925_1	fdoG	2
GCA_964565925_1	folA	4
GCA_964565925_1	fpoB	2
GCA_964565925_1	fpoC	1
GCA_964565925_1	fpoD	1
GCA_964565925_1	fpoH	1
GCA_964565925_1	fpoJ	1
GCA_964565925_1	fpoK	1
GCA_964565925_1	fpoL	1
GCA_964565925_1	fpoM	2
GCA_964565925_1	fpoN	2
GCA_964565925_1	frmA	3
GCA_964565925_1	gck	1
GCA_964565925_1	glpX	1
GCA_964565925_1	glyA	7
GCA_964565925_1	gpmB	3
GCA_964565925_1	gpmI	3
GCA_964565925_1	hdrA2	1
GCA_964565925_1	hdrD	2
GCA_964565925_1	hprA	1
GCA_964565925_1	mauC	2
GCA_964565925_1	mcl	4
GCA_964565925_1	mdh	3
GCA_964565925_1	mdh-K00024	7
GCA_964565925_1	mer	2
GCA_964565925_1	mgsC	1
GCA_964565925_1	mmoC	1
GCA_964565925_1	mtbC	1
GCA_964565925_1	mtkA	1
GCA_964565925_1	mtkB	1
GCA_964565925_1	mxaF	2
GCA_964565925_1	narB	2
GCA_964565925_1	narH	1
GCA_964565925_1	nirK	3
GCA_964565925_1	nirS	2
GCA_964565925_1	pfkA	2
GCA_964565925_1	pfp	3
GCA_964565925_1	porA	1
GCA_964565925_1	pps	3
GCA_964565925_1	pqqA	1
GCA_964565925_1	pqqE	9
GCA_964565925_1	pqqF	2
GCA_964565925_1	pta	5
GCA_964565925_1	rnfB	1
GCA_964565925_1	serA	3
GCA_964565925_1	serB	2
GCA_964565925_1	tmm	8
GCA_964565945_1	acdA	1
GCA_964565945_1	acs	1
GCA_964565945_1	apgM	1
GCA_964565945_1	eno	3
GCA_964565945_1	fbaA	1
GCA_964565945_1	fdwB	1
GCA_964565945_1	folA	6
GCA_964565945_1	frmA	3
GCA_964565945_1	glyA	4
GCA_964565945_1	hxlB	1
GCA_964565945_1	mdh-K00024	1
GCA_964565945_1	metF	3
GCA_964565945_1	mgsC	1
GCA_964565945_1	mtkB	1
GCA_964565945_1	mxaC	1
GCA_964565945_1	mxaF	1
GCA_964565945_1	narB	1
GCA_964565945_1	pfkA	2
GCA_964565945_1	pfp	3
GCA_964565945_1	porB	1
GCA_964565945_1	pps	2
GCA_964565945_1	pqqE	1
GCA_964565945_1	pta	1
GCA_964565945_1	rnfD	1
GCA_964565945_1	rnfE	1
GCA_964565945_1	serA	3
GCA_964565945_1	serB	1
GCA_964565945_1	serC	1
GCA_964566495_1	ackA	2
GCA_964566495_1	apgM	2
GCA_964566495_1	ehbC	1
GCA_964566495_1	ehbI	1
GCA_964566495_1	eno	2
GCA_964566495_1	fbaA	2
GCA_964566495_1	fbp	1
GCA_964566495_1	folA	3
GCA_964566495_1	fpoL	1
GCA_964566495_1	fpoN	1
GCA_964566495_1	frmA	2
GCA_964566495_1	glpX	1
GCA_964566495_1	glyA	4
GCA_964566495_1	gpmB	1
GCA_964566495_1	gpmI	2
GCA_964566495_1	hdrC2	1
GCA_964566495_1	hxlA	1
GCA_964566495_1	mdh	1
GCA_964566495_1	mgsC	1
GCA_964566495_1	narB	1
GCA_964566495_1	pfp	2
GCA_964566495_1	porB	1
GCA_964566495_1	porD	1
GCA_964566495_1	pps	2
GCA_964566495_1	pta	3
GCA_964566495_1	rnfB	2
GCA_964566495_1	rnfC	2
GCA_964566495_1	serA	3
GCA_964566495_1	serB	3
GCA_964566495_1	serC	1
GCA_964566495_1	thrH	1
GCA_964567215_1	acdA	1
GCA_964567215_1	ackA	3
GCA_964567215_1	acs	1
GCA_964567215_1	apgM	1
GCA_964567215_1	ehbA	1
GCA_964567215_1	ehbB	1
GCA_964567215_1	ehbE	1
GCA_964567215_1	ehbH	1
GCA_964567215_1	ehbI	1
GCA_964567215_1	eno	2
GCA_964567215_1	fae-hps	1
GCA_964567215_1	fbaA	7
GCA_964567215_1	fchA	1
GCA_964567215_1	fdhA	2
GCA_964567215_1	fdhF	1
GCA_964567215_1	fdm	1
GCA_964567215_1	folA	4
GCA_964567215_1	fpoC	2
GCA_964567215_1	fpoD	1
GCA_964567215_1	fpoH	1
GCA_964567215_1	frhD	2
GCA_964567215_1	frmA	2
GCA_964567215_1	fwdG	1
GCA_964567215_1	glyA	2
GCA_964567215_1	gpmB	2
GCA_964567215_1	gpmI	1
GCA_964567215_1	hprA	4
GCA_964567215_1	mbhJ	1
GCA_964567215_1	mbhK	1
GCA_964567215_1	mbhL	1
GCA_964567215_1	mcl	1
GCA_964567215_1	mdh	1
GCA_964567215_1	mtbC	2
GCA_964567215_1	mtkA	1
GCA_964567215_1	mtkB	1
GCA_964567215_1	mvhA	1
GCA_964567215_1	napH	2
GCA_964567215_1	narB	1
GCA_964567215_1	pfkA	1
GCA_964567215_1	pfkB	3
GCA_964567215_1	pfp	5
GCA_964567215_1	porA	3
GCA_964567215_1	porB	3
GCA_964567215_1	porD	1
GCA_964567215_1	porG	4
GCA_964567215_1	pps	2
GCA_964567215_1	pqqE	1
GCA_964567215_1	pqqF	1
GCA_964567215_1	pta	5
GCA_964567215_1	rnfB	6
GCA_964567215_1	serA	7
GCA_964567215_1	serB	2
GCA_964567215_1	serC	1
GCA_964567215_1	vhcA	1
GCA_964567215_1	vhcG	1
GCA_964576015_1	acs	2
GCA_964576015_1	acsD	1
GCA_964576015_1	apgM	2
GCA_964576015_1	cooF	1
GCA_964576015_1	cooS	1
GCA_964576015_1	eno	1
GCA_964576015_1	fbaA	1
GCA_964576015_1	fbp	1
GCA_964576015_1	folA	2
GCA_964576015_1	fpoB	1
GCA_964576015_1	fpoC	2
GCA_964576015_1	fpoH	1
GCA_964576015_1	frmA	1
GCA_964576015_1	glyA	1
GCA_964576015_1	hdrB1	1
GCA_964576015_1	hprA	2
GCA_964576015_1	hxlB	1
GCA_964576015_1	mbhJ	1
GCA_964576015_1	mcrC	1
GCA_964576015_1	mcrD	1
GCA_964576015_1	mdh	1
GCA_964576015_1	mgsA	1
GCA_964576015_1	mmoC	1
GCA_964576015_1	mtaA	3
GCA_964576015_1	mtaB	1
GCA_964576015_1	mtaC	1
GCA_964576015_1	mtbC	3
GCA_964576015_1	mtkA	2
GCA_964576015_1	mtkB	1
GCA_964576015_1	mtmB	2
GCA_964576015_1	mtrH	1
GCA_964576015_1	pfp	2
GCA_964576015_1	porA	2
GCA_964576015_1	porB	2
GCA_964576015_1	porD	3
GCA_964576015_1	porG	2
GCA_964576015_1	pps	2
GCA_964576015_1	pqqE	3
GCA_964576015_1	pta	1
GCA_964576015_1	rnfB	1
GCA_964576015_1	rnfC	1
GCA_964576015_1	serA	2
GCA_964576015_1	serB	3
GCA_964576015_1	vhcA	1
GCA_964576015_1	vhuG	1
GCA_964576115_1	acdA	6
GCA_964576115_1	ackA	1
GCA_964576115_1	acs	3
GCA_964576115_1	apgM	1
GCA_964576115_1	cooF	1
GCA_964576115_1	ehbA	1
GCA_964576115_1	ehbC	1
GCA_964576115_1	ehbH	2
GCA_964576115_1	eno	3
GCA_964576115_1	fbaA	1
GCA_964576115_1	fbp	2
GCA_964576115_1	fchA	1
GCA_964576115_1	fdhA-K00148	2
GCA_964576115_1	fdhF	1
GCA_964576115_1	fdwB	2
GCA_964576115_1	folA	2
GCA_964576115_1	fpoA	1
GCA_964576115_1	fpoC	1
GCA_964576115_1	fpoJ	1
GCA_964576115_1	fpoK	1
GCA_964576115_1	fpoL	3
GCA_964576115_1	fpoM	1
GCA_964576115_1	fpoN	2
GCA_964576115_1	frhG	1
GCA_964576115_1	frmA	4
GCA_964576115_1	gck	1
GCA_964576115_1	glpX	1
GCA_964576115_1	glyA	3
GCA_964576115_1	gpmB	2
GCA_964576115_1	gpmI	2
GCA_964576115_1	hdrA1	7
GCA_964576115_1	hdrA2	3
GCA_964576115_1	hdrB2	2
GCA_964576115_1	hdrC1	1
GCA_964576115_1	hdrD	2
GCA_964576115_1	hxlB	1
GCA_964576115_1	mcl	2
GCA_964576115_1	mdh	1
GCA_964576115_1	mdh-K00024	1
GCA_964576115_1	metF	2
GCA_964576115_1	mgsA	1
GCA_964576115_1	mtbC	3
GCA_964576115_1	mtkA	1
GCA_964576115_1	mtkB	4
GCA_964576115_1	mttB	1
GCA_964576115_1	mttC	2
GCA_964576115_1	mvhA	1
GCA_964576115_1	mvhD	3
GCA_964576115_1	mvhG	1
GCA_964576115_1	napH	1
GCA_964576115_1	narB	2
GCA_964576115_1	nirK	1
GCA_964576115_1	pfkA	2
GCA_964576115_1	pfkB	1
GCA_964576115_1	pfp	1
GCA_964576115_1	porA	4
GCA_964576115_1	porB	2
GCA_964576115_1	porD	2
GCA_964576115_1	ppc	1
GCA_964576115_1	pps	1
GCA_964576115_1	pqqE	1
GCA_964576115_1	pqqF	2
GCA_964576115_1	pta	2
GCA_964576115_1	rnfA	1
GCA_964576115_1	rnfB	3
GCA_964576115_1	rnfC	1
GCA_964576115_1	rnfD	1
GCA_964576115_1	rnfE	2
GCA_964576115_1	rnfG	1
GCA_964576115_1	serA	6
GCA_964576115_1	serB	1
GCA_964576115_1	torZ	1
GCA_964582955_1	acdA	5
GCA_964582955_1	ackA	1
GCA_964582955_1	acs	5
GCA_964582955_1	eno	1
GCA_964582955_1	fbaA	2
GCA_964582955_1	fdhA-K00148	1
GCA_964582955_1	fdhB	1
GCA_964582955_1	fdoG	2
GCA_964582955_1	folA	6
GCA_964582955_1	fpoA	1
GCA_964582955_1	fpoB	3
GCA_964582955_1	fpoC	2
GCA_964582955_1	fpoD	1
GCA_964582955_1	fpoH	1
GCA_964582955_1	fpoJ	1
GCA_964582955_1	fpoK	1
GCA_964582955_1	fpoL	1
GCA_964582955_1	fpoM	1
GCA_964582955_1	fpoN	1
GCA_964582955_1	frmA	2
GCA_964582955_1	glpX	1
GCA_964582955_1	glyA	4
GCA_964582955_1	gpmI	1
GCA_964582955_1	mauC	3
GCA_964582955_1	mcl	1
GCA_964582955_1	mdh-K00024	2
GCA_964582955_1	mer	1
GCA_964582955_1	metF	1
GCA_964582955_1	pfkB	2
GCA_964582955_1	pfp	2
GCA_964582955_1	porA	1
GCA_964582955_1	pps	1
GCA_964582955_1	pqqB	2
GCA_964582955_1	pqqC	1
GCA_964582955_1	pqqE	1
GCA_964582955_1	pta	1
GCA_964582955_1	rnfE	1
GCA_964582955_1	rnfG	1
GCA_964582955_1	serA	3
GCA_964582955_1	serC	1
GCA_964586775_1	acdA	11
GCA_964586775_1	acdB	4
GCA_964586775_1	ackA	2
GCA_964586775_1	acs	11
GCA_964586775_1	apgM	1
GCA_964586775_1	cooF	1
GCA_964586775_1	eno	3
GCA_964586775_1	fbaA	2
GCA_964586775_1	fbaB	1
GCA_964586775_1	fbp	2
GCA_964586775_1	fchA	1
GCA_964586775_1	fdhA	1
GCA_964586775_1	fdhA-K00148	1
GCA_964586775_1	fdhB	1
GCA_964586775_1	fdhF	2
GCA_964586775_1	fdm	1
GCA_964586775_1	fdoG	2
GCA_964586775_1	fdoH	1
GCA_964586775_1	fdwB	3
GCA_964586775_1	folA	6
GCA_964586775_1	fpoA	1
GCA_964586775_1	fpoB	1
GCA_964586775_1	fpoC	1
GCA_964586775_1	fpoH	2
GCA_964586775_1	fpoJ	3
GCA_964586775_1	fpoL	2
GCA_964586775_1	fpoM	5
GCA_964586775_1	fpoN	1
GCA_964586775_1	frmA	2
GCA_964586775_1	gck	1
GCA_964586775_1	glpX	1
GCA_964586775_1	glyA	6
GCA_964586775_1	gpmB	3
GCA_964586775_1	gpmI	3
GCA_964586775_1	hdrA2	1
GCA_964586775_1	hdrD	3
GCA_964586775_1	mauC	1
GCA_964586775_1	mcl	3
GCA_964586775_1	mdh	1
GCA_964586775_1	mdh-K00024	1
GCA_964586775_1	metF	1
GCA_964586775_1	mgsC	1
GCA_964586775_1	mmoC	1
GCA_964586775_1	mtaA	1
GCA_964586775_1	mtkB	1
GCA_964586775_1	mtrA	1
GCA_964586775_1	mvhG	1
GCA_964586775_1	mxaF	1
GCA_964586775_1	mxaG	1
GCA_964586775_1	narB	3
GCA_964586775_1	narG	1
GCA_964586775_1	narH	1
GCA_964586775_1	nirK	4
GCA_964586775_1	nrfA	1
GCA_964586775_1	nrfH	1
GCA_964586775_1	nxrA	1
GCA_964586775_1	pfkB	1
GCA_964586775_1	pfp	4
GCA_964586775_1	porA	4
GCA_964586775_1	porB	2
GCA_964586775_1	porD	2
GCA_964586775_1	porG	3
GCA_964586775_1	pps	1
GCA_964586775_1	pqqA	1
GCA_964586775_1	pqqE	24
GCA_964586775_1	pqqF	1
GCA_964586775_1	pta	5
GCA_964586775_1	rnfB	1
GCA_964586775_1	rnfE	1
GCA_964586775_1	rnfG	1
GCA_964586775_1	serA	3
GCA_964586775_1	serB	2
GCA_964586775_1	serC	1
GCA_964586775_1	vhcA	1
GCA_964593115_1	acdA	5
GCA_964593115_1	acs	4
GCA_964593115_1	apgM	3
GCA_964593115_1	eno	4
GCA_964593115_1	fbaA	1
GCA_964593115_1	fdhB	2
GCA_964593115_1	fdwE	1
GCA_964593115_1	folA	2
GCA_964593115_1	fpoA	1
GCA_964593115_1	fpoM	1
GCA_964593115_1	fpoN	2
GCA_964593115_1	frmA	2
GCA_964593115_1	fwdG	1
GCA_964593115_1	glyA	4
GCA_964593115_1	gpmB	1
GCA_964593115_1	hdrA2	2
GCA_964593115_1	hdrB2	1
GCA_964593115_1	hdrC2	1
GCA_964593115_1	hdrD	2
GCA_964593115_1	hxlB	1
GCA_964593115_1	mcl	1
GCA_964593115_1	mdh-K00024	2
GCA_964593115_1	metF	1
GCA_964593115_1	mgsC	1
GCA_964593115_1	mvhD	1
GCA_964593115_1	nirK	1
GCA_964593115_1	pfkB	1
GCA_964593115_1	pfp	1
GCA_964593115_1	porA	4
GCA_964593115_1	porB	3
GCA_964593115_1	porD	3
GCA_964593115_1	porG	5
GCA_964593115_1	pps	1
GCA_964593115_1	pqqE	1
GCA_964593115_1	pqqF	1
GCA_964593115_1	rnfB	5
GCA_964593115_1	serA	6
GCA_964593115_1	serB	2
GCA_964593115_1	torC	1
GCA_964593115_1	torZ	1
GCA_964593895_1	acdA	12
GCA_964593895_1	ackA	2
GCA_964593895_1	acs	13
GCA_964593895_1	acsC	5
GCA_964593895_1	acsD	2
GCA_964593895_1	apgM	1
GCA_964593895_1	cdhC	2
GCA_964593895_1	cooF	2
GCA_964593895_1	cooS	2
GCA_964593895_1	echB	1
GCA_964593895_1	eno	4
GCA_964593895_1	fbaA	2
GCA_964593895_1	fbp	2
GCA_964593895_1	fdhA	5
GCA_964593895_1	fdhB	9
GCA_964593895_1	fdhF	4
GCA_964593895_1	fdoH	1
GCA_964593895_1	folA	2
GCA_964593895_1	fpoA	2
GCA_964593895_1	fpoB	2
GCA_964593895_1	fpoC	2
GCA_964593895_1	fpoH	1
GCA_964593895_1	fpoJ	1
GCA_964593895_1	fpoK	1
GCA_964593895_1	fpoL	1
GCA_964593895_1	fpoM	2
GCA_964593895_1	fpoN	2
GCA_964593895_1	frhA	1
GCA_964593895_1	frmA	2
GCA_964593895_1	fwdG	1
GCA_964593895_1	gck	2
GCA_964593895_1	glyA	3
GCA_964593895_1	gpmI	2
GCA_964593895_1	hdrA1	1
GCA_964593895_1	hdrA2	6
GCA_964593895_1	hdrD	5
GCA_964593895_1	hxlB	1
GCA_964593895_1	mbhJ	1
GCA_964593895_1	mbhL	1
GCA_964593895_1	mcl	2
GCA_964593895_1	mdh	2
GCA_964593895_1	mdh-K00024	2
GCA_964593895_1	metF	2
GCA_964593895_1	mgsC	1
GCA_964593895_1	mtkB	3
GCA_964593895_1	mvhD	4
GCA_964593895_1	mxaC	1
GCA_964593895_1	pfkA	2
GCA_964593895_1	pfp	2
GCA_964593895_1	porA	5
GCA_964593895_1	porB	2
GCA_964593895_1	porD	2
GCA_964593895_1	porG	5
GCA_964593895_1	pps	5
GCA_964593895_1	pqqE	5
GCA_964593895_1	pta	3
GCA_964593895_1	rnfA	1
GCA_964593895_1	rnfB	8
GCA_964593895_1	rnfC	1
GCA_964593895_1	rnfD	1
GCA_964593895_1	rnfE	2
GCA_964593895_1	rnfG	1
GCA_964593895_1	serA	4
GCA_964593895_1	serB	1
GCA_964593895_1	torY	1
GCA_964593895_1	vhtG	2
GCA_964597845_1	acdA	6
GCA_964597845_1	acs	3
GCA_964597845_1	amoB	1
GCA_964597845_1	apgM	2
GCA_964597845_1	cooF	1
GCA_964597845_1	cooS	1
GCA_964597845_1	echE	1
GCA_964597845_1	ehbA	1
GCA_964597845_1	ehbI	1
GCA_964597845_1	eno	2
GCA_964597845_1	fbaA	1
GCA_964597845_1	fbp	1
GCA_964597845_1	fchA	2
GCA_964597845_1	fdhA	1
GCA_964597845_1	fdhB	1
GCA_964597845_1	fghA	1
GCA_964597845_1	folA	3
GCA_964597845_1	fpoH	1
GCA_964597845_1	fpoL	3
GCA_964597845_1	frmA	2
GCA_964597845_1	glyA	2
GCA_964597845_1	gpmI	1
GCA_964597845_1	hdrA2	7
GCA_964597845_1	hdrB2	2
GCA_964597845_1	hdrC1	1
GCA_964597845_1	hdrC2	2
GCA_964597845_1	hdrD	1
GCA_964597845_1	mauC	1
GCA_964597845_1	mbhJ	1
GCA_964597845_1	mbhK	1
GCA_964597845_1	mcl	3
GCA_964597845_1	mdh-K00024	1
GCA_964597845_1	mtaA	2
GCA_964597845_1	mtbC	3
GCA_964597845_1	mtkA	2
GCA_964597845_1	mtkB	1
GCA_964597845_1	mttB	1
GCA_964597845_1	mttC	1
GCA_964597845_1	mvhA	1
GCA_964597845_1	mvhD	6
GCA_964597845_1	mvhG	1
GCA_964597845_1	pfkA	1
GCA_964597845_1	pfkB	2
GCA_964597845_1	pfp	1
GCA_964597845_1	porA	5
GCA_964597845_1	porB	2
GCA_964597845_1	porG	3
GCA_964597845_1	pps	2
GCA_964597845_1	pqqD	1
GCA_964597845_1	pqqE	6
GCA_964597845_1	pta	3
GCA_964597845_1	rnfA	1
GCA_964597845_1	rnfB	7
GCA_964597845_1	rnfC	1
GCA_964597845_1	rnfD	2
GCA_964597845_1	rnfE	1
GCA_964597845_1	rnfG	1
GCA_964597845_1	serA	3
GCA_964597845_1	serB	2
GCA_964597845_1	serC	1
GCA_964597845_1	vhcD	1
GCA_964600515_1	acdA	1
GCA_964600515_1	ackA	1
GCA_964600515_1	acs	3
GCA_964600515_1	eno	2
GCA_964600515_1	fbaA	1
GCA_964600515_1	fbaB	1
GCA_964600515_1	fbp	1
GCA_964600515_1	fdhA-K00148	1
GCA_964600515_1	fdhB	2
GCA_964600515_1	fdhF	1
GCA_964600515_1	fdwB	1
GCA_964600515_1	folA	5
GCA_964600515_1	fpoA	1
GCA_964600515_1	fpoB	3
GCA_964600515_1	fpoC	2
GCA_964600515_1	fpoH	2
GCA_964600515_1	fpoK	1
GCA_964600515_1	fpoL	1
GCA_964600515_1	fpoN	1
GCA_964600515_1	frmA	2
GCA_964600515_1	glyA	4
GCA_964600515_1	gpmI	1
GCA_964600515_1	mcl	1
GCA_964600515_1	mdh-K00024	1
GCA_964600515_1	mgsC	1
GCA_964600515_1	mtkA	1
GCA_964600515_1	mtkB	1
GCA_964600515_1	mxaC	1
GCA_964600515_1	narB	2
GCA_964600515_1	narG	2
GCA_964600515_1	narH	1
GCA_964600515_1	nirK	1
GCA_964600515_1	nrfA	1
GCA_964600515_1	nrfH	1
GCA_964600515_1	pfp	5
GCA_964600515_1	porA	1
GCA_964600515_1	pps	1
GCA_964600515_1	pqqE	1
GCA_964600515_1	pqqF	1
GCA_964600515_1	pta	2
GCA_964600515_1	rnfE	1
GCA_964600955_1	acdA	8
GCA_964600955_1	acs	6
GCA_964600955_1	acsD	1
GCA_964600955_1	cooF	1
GCA_964600955_1	ehbA	1
GCA_964600955_1	eno	4
GCA_964600955_1	fbaA	2
GCA_964600955_1	fdhA	1
GCA_964600955_1	fdhB	2
GCA_964600955_1	fdoG	1
GCA_964600955_1	fdwB	1
GCA_964600955_1	fghA	1
GCA_964600955_1	folA	2
GCA_964600955_1	fpoB	1
GCA_964600955_1	fpoL	1
GCA_964600955_1	frmA	2
GCA_964600955_1	glpX	2
GCA_964600955_1	glyA	4
GCA_964600955_1	gpmI	1
GCA_964600955_1	hdrA1	1
GCA_964600955_1	hdrB1	1
GCA_964600955_1	hdrC2	1
GCA_964600955_1	hdrD	1
GCA_964600955_1	hxlB	1
GCA_964600955_1	mcl	1
GCA_964600955_1	mdh	1
GCA_964600955_1	mdh-K00024	4
GCA_964600955_1	metF	1
GCA_964600955_1	mgsC	1
GCA_964600955_1	mtkA	1
GCA_964600955_1	mtkB	1
GCA_964600955_1	mvhA	2
GCA_964600955_1	mvhD	1
GCA_964600955_1	napH	2
GCA_964600955_1	narG	2
GCA_964600955_1	narH	2
GCA_964600955_1	nirK	1
GCA_964600955_1	pfkA	1
GCA_964600955_1	pfp	2
GCA_964600955_1	porA	2
GCA_964600955_1	pps	1
GCA_964600955_1	pqqE	6
GCA_964600955_1	pqqF	4
GCA_964600955_1	psp	1
GCA_964600955_1	pta	2
GCA_964600955_1	rnfA	1
GCA_964600955_1	rnfB	3
GCA_964600955_1	rnfC	3
GCA_964600955_1	rnfD	1
GCA_964600955_1	rnfE	2
GCA_964600955_1	rnfG	1
GCA_964600955_1	serA	6
GCA_964600955_1	serB	2
GCA_964609495_1	ackA	5
GCA_964609495_1	acs	3
GCA_964609495_1	acsC	1
GCA_964609495_1	acsD	2
GCA_964609495_1	apgM	2
GCA_964609495_1	cdhC	1
GCA_964609495_1	cooF	2
GCA_964609495_1	cooS	1
GCA_964609495_1	ehbA	1
GCA_964609495_1	ehbE	1
GCA_964609495_1	ehbH	3
GCA_964609495_1	eno	3
GCA_964609495_1	fbaA	6
GCA_964609495_1	fdhA	3
GCA_964609495_1	fdhA-K00148	9
GCA_964609495_1	fdm	2
GCA_964609495_1	folA	3
GCA_964609495_1	fpoL	1
GCA_964609495_1	frhD	1
GCA_964609495_1	frmA	5
GCA_964609495_1	gck	1
GCA_964609495_1	glyA	3
GCA_964609495_1	gpmB	2
GCA_964609495_1	gpmI	1
GCA_964609495_1	hdrA2	3
GCA_964609495_1	hdrB2	1
GCA_964609495_1	hdrC2	1
GCA_964609495_1	hdrD	1
GCA_964609495_1	hprA	4
GCA_964609495_1	hxlA	1
GCA_964609495_1	hxlB	2
GCA_964609495_1	mdh	1
GCA_964609495_1	mdh-K00024	2
GCA_964609495_1	mgsC	1
GCA_964609495_1	mmoC	1
GCA_964609495_1	mtaA	5
GCA_964609495_1	mtbA	1
GCA_964609495_1	mtbC	2
GCA_964609495_1	mtkA	1
GCA_964609495_1	mtkB	1
GCA_964609495_1	mtsA	1
GCA_964609495_1	mvhA	1
GCA_964609495_1	mvhD	2
GCA_964609495_1	mxaF	1
GCA_964609495_1	narB	4
GCA_964609495_1	pfkA	3
GCA_964609495_1	pfkB	4
GCA_964609495_1	pfkC	2
GCA_964609495_1	pfp	6
GCA_964609495_1	porA	3
GCA_964609495_1	porB	2
GCA_964609495_1	porD	1
GCA_964609495_1	porG	3
GCA_964609495_1	pps	3
GCA_964609495_1	pqqE	5
GCA_964609495_1	pqqF	2
GCA_964609495_1	pta	3
GCA_964609495_1	rnfA	1
GCA_964609495_1	rnfB	7
GCA_964609495_1	rnfC	3
GCA_964609495_1	rnfD	1
GCA_964609495_1	rnfE	1
GCA_964609495_1	rnfG	1
GCA_964609495_1	serA	3
GCA_964609495_1	serB	2
GCA_964609495_1	serC	1
GCA_964609495_1	vhcG	1
GCA_964609495_1	vhuD	1
GCA_964610505_1	acdA	6
GCA_964610505_1	ackA	1
GCA_964610505_1	acs	2
GCA_964610505_1	acsC	1
GCA_964610505_1	acsD	1
GCA_964610505_1	apgM	2
GCA_964610505_1	cdhC	1
GCA_964610505_1	cdhE	1
GCA_964610505_1	cooF	3
GCA_964610505_1	cooS	2
GCA_964610505_1	eno	2
GCA_964610505_1	fbaA	4
GCA_964610505_1	fchA	1
GCA_964610505_1	fdhA	2
GCA_964610505_1	fdhB	1
GCA_964610505_1	fdm	1
GCA_964610505_1	fdoG	1
GCA_964610505_1	fdoH	3
GCA_964610505_1	folA	2
GCA_964610505_1	fpoA	1
GCA_964610505_1	fpoB	2
GCA_964610505_1	fpoC	1
GCA_964610505_1	fpoH	1
GCA_964610505_1	fpoJ	1
GCA_964610505_1	fpoK	1
GCA_964610505_1	fpoL	1
GCA_964610505_1	fpoM	1
GCA_964610505_1	fpoN	1
GCA_964610505_1	frmA	3
GCA_964610505_1	glpX	1
GCA_964610505_1	glyA	4
GCA_964610505_1	gpmB	1
GCA_964610505_1	gpmI	6
GCA_964610505_1	hdrA1	3
GCA_964610505_1	hdrA2	9
GCA_964610505_1	hdrB1	1
GCA_964610505_1	hdrB2	2
GCA_964610505_1	hdrC2	3
GCA_964610505_1	hdrD	4
GCA_964610505_1	hprA	1
GCA_964610505_1	hxlB	1
GCA_964610505_1	mcl	2
GCA_964610505_1	mdh-K00024	1
GCA_964610505_1	mmoC	1
GCA_964610505_1	mtbA	1
GCA_964610505_1	mtbC	2
GCA_964610505_1	mtkA	1
GCA_964610505_1	mtkB	3
GCA_964610505_1	mttB	1
GCA_964610505_1	mvhA	2
GCA_964610505_1	mvhD	4
GCA_964610505_1	mvhG	1
GCA_964610505_1	mxaC	1
GCA_964610505_1	napH	1
GCA_964610505_1	narB	2
GCA_964610505_1	pfkA	2
GCA_964610505_1	pfp	2
GCA_964610505_1	porA	3
GCA_964610505_1	porB	3
GCA_964610505_1	porG	1
GCA_964610505_1	pps	2
GCA_964610505_1	pqqE	5
GCA_964610505_1	pqqF	1
GCA_964610505_1	pta	2
GCA_964610505_1	rnfA	1
GCA_964610505_1	rnfB	7
GCA_964610505_1	rnfC	1
GCA_964610505_1	rnfD	1
GCA_964610505_1	rnfE	3
GCA_964610505_1	rnfG	1
GCA_964610505_1	serB	1
GCA_964610505_1	vhcA	1
GCA_964610505_1	vhcD	2
GCA_964610505_1	vhcG	1
GCA_964617105_1	acdA	9
GCA_964617105_1	acdB	1
GCA_964617105_1	ackA	3
GCA_964617105_1	acs	2
GCA_964617105_1	apgM	1
GCA_964617105_1	cooF	4
GCA_964617105_1	cooS	1
GCA_964617105_1	eno	2
GCA_964617105_1	fae-hps	1
GCA_964617105_1	fbaA	4
GCA_964617105_1	fchA	1
GCA_964617105_1	fdhA	2
GCA_964617105_1	fdhA-K00148	1
GCA_964617105_1	fdhB	2
GCA_964617105_1	fdoI	1
GCA_964617105_1	folA	6
GCA_964617105_1	fpoB	2
GCA_964617105_1	fpoC	1
GCA_964617105_1	fpoH	1
GCA_964617105_1	fpoJ	1
GCA_964617105_1	fpoK	1
GCA_964617105_1	fpoL	1
GCA_964617105_1	fpoN	1
GCA_964617105_1	frmA	4
GCA_964617105_1	glyA	7
GCA_964617105_1	gpmB	1
GCA_964617105_1	gpmI	1
GCA_964617105_1	hdrA1	6
GCA_964617105_1	hdrA2	6
GCA_964617105_1	hdrB2	2
GCA_964617105_1	hdrD	6
GCA_964617105_1	mauE	1
GCA_964617105_1	mcl	1
GCA_964617105_1	mdh	2
GCA_964617105_1	mdh-K00024	1
GCA_964617105_1	mmoC	1
GCA_964617105_1	mtkA	1
GCA_964617105_1	mtkB	1
GCA_964617105_1	mvhA	1
GCA_964617105_1	mvhD	1
GCA_964617105_1	mvhG	1
GCA_964617105_1	mxaC	1
GCA_964617105_1	narB	2
GCA_964617105_1	pfkA	1
GCA_964617105_1	pfp	4
GCA_964617105_1	porA	4
GCA_964617105_1	porB	4
GCA_964617105_1	porD	1
GCA_964617105_1	porG	4
GCA_964617105_1	pps	2
GCA_964617105_1	pqqE	11
GCA_964617105_1	pqqF	1
GCA_964617105_1	pta	3
GCA_964617105_1	rnfA	1
GCA_964617105_1	rnfB	5
GCA_964617105_1	rnfC	3
GCA_964617105_1	rnfD	1
GCA_964617105_1	rnfE	1
GCA_964617105_1	rnfG	1
GCA_964617105_1	serA	6
GCA_964617105_1	serB	1
GCA_964617105_1	serC	1
GCA_964617105_1	vhcA	1
GCA_964617105_1	vhcD	2
GCA_964617105_1	vhuG	1
GCA_964622465_1	acdA	2
GCA_964622465_1	ackA	2
GCA_964622465_1	acsD	1
GCA_964622465_1	apgM	1
GCA_964622465_1	eno	2
GCA_964622465_1	fae-hps	1
GCA_964622465_1	fbaA	2
GCA_964622465_1	folA	3
GCA_964622465_1	frmA	2
GCA_964622465_1	gfa	1
GCA_964622465_1	glpX	1
GCA_964622465_1	glyA	3
GCA_964622465_1	gpmI	1
GCA_964622465_1	hxlA	1
GCA_964622465_1	hxlB	1
GCA_964622465_1	mdh	1
GCA_964622465_1	metF	1
GCA_964622465_1	narB	1
GCA_964622465_1	pfkA	1
GCA_964622465_1	pfp	3
GCA_964622465_1	porA	2
GCA_964622465_1	porB	1
GCA_964622465_1	porD	1
GCA_964622465_1	porG	1
GCA_964622465_1	pps	1
GCA_964622465_1	pta	1
GCA_964622465_1	rnfA	1
GCA_964622465_1	rnfB	5
GCA_964622465_1	rnfC	1
GCA_964622465_1	rnfD	1
GCA_964622465_1	rnfE	1
GCA_964622465_1	rnfG	1
GCA_964622465_1	serA	4
GCA_964622465_1	serB	1
GCA_964622605_1	acdA	2
GCA_964622605_1	ackA	1
GCA_964622605_1	acs	7
GCA_964622605_1	acsC	1
GCA_964622605_1	acsD	2
GCA_964622605_1	apgM	2
GCA_964622605_1	echE	1
GCA_964622605_1	ehbH	1
GCA_964622605_1	eno	2
GCA_964622605_1	fbaA	1
GCA_964622605_1	fchA	1
GCA_964622605_1	fdhA-K00148	1
GCA_964622605_1	fdoH	1
GCA_964622605_1	folA	3
GCA_964622605_1	fpoH	1
GCA_964622605_1	fpoL	2
GCA_964622605_1	frmA	2
GCA_964622605_1	glyA	6
GCA_964622605_1	gpmI	1
GCA_964622605_1	hdrA2	1
GCA_964622605_1	hxlB	1
GCA_964622605_1	mbhJ	2
GCA_964622605_1	mbhK	1
GCA_964622605_1	mdh-K00024	1
GCA_964622605_1	mgsC	1
GCA_964622605_1	mmoC	2
GCA_964622605_1	mxaC	1
GCA_964622605_1	mxaF	1
GCA_964622605_1	narB	2
GCA_964622605_1	pfkA	1
GCA_964622605_1	pfkB	2
GCA_964622605_1	pfp	5
GCA_964622605_1	porA	2
GCA_964622605_1	porB	2
GCA_964622605_1	porD	2
GCA_964622605_1	porG	2
GCA_964622605_1	ppc	1
GCA_964622605_1	pps	2
GCA_964622605_1	pqqE	5
GCA_964622605_1	pqqF	1
GCA_964622605_1	pta	2
GCA_964622605_1	rnfA	1
GCA_964622605_1	rnfB	4
GCA_964622605_1	rnfC	2
GCA_964622605_1	rnfD	1
GCA_964622605_1	rnfE	1
GCA_964622605_1	rnfG	1
GCA_964622605_1	serA	2
GCA_964622605_1	serB	2
GCA_964622875_1	acdA	1
GCA_964622875_1	ackA	1
GCA_964622875_1	acs	4
GCA_964622875_1	acsD	1
GCA_964622875_1	apgM	2
GCA_964622875_1	eno	2
GCA_964622875_1	fbaA	2
GCA_964622875_1	fchA	1
GCA_964622875_1	fdhA-K00148	3
GCA_964622875_1	folA	3
GCA_964622875_1	frmA	2
GCA_964622875_1	glpX	1
GCA_964622875_1	glyA	4
GCA_964622875_1	gpmB	1
GCA_964622875_1	hprA	2
GCA_964622875_1	hxlB	1
GCA_964622875_1	mdh	1
GCA_964622875_1	mgsC	1
GCA_964622875_1	mtaA	1
GCA_964622875_1	mtbC	1
GCA_964622875_1	mttB	1
GCA_964622875_1	pfkB	2
GCA_964622875_1	pfp	3
GCA_964622875_1	porA	1
GCA_964622875_1	porB	2
GCA_964622875_1	pps	1
GCA_964622875_1	pqqE	1
GCA_964622875_1	pqqF	1
GCA_964622875_1	pta	3
GCA_964622875_1	rnfA	1
GCA_964622875_1	rnfB	4
GCA_964622875_1	rnfC	2
GCA_964622875_1	rnfD	1
GCA_964622875_1	rnfE	1
GCA_964622875_1	rnfG	1
GCA_964622875_1	serA	3
GCA_964622875_1	serB	2
GCA_964622875_1	torZ	1
GCA_964625285_1	acdA	8
GCA_964625285_1	acs	2
GCA_964625285_1	acsC	2
GCA_964625285_1	acsD	2
GCA_964625285_1	apgM	2
GCA_964625285_1	cdhA	1
GCA_964625285_1	cdhB	1
GCA_964625285_1	cdhC	1
GCA_964625285_1	eno	2
GCA_964625285_1	fae-hps	2
GCA_964625285_1	fbaA	1
GCA_964625285_1	fdhA	2
GCA_964625285_1	folA	2
GCA_964625285_1	frmA	1
GCA_964625285_1	gck	1
GCA_964625285_1	glyA	1
GCA_964625285_1	hdrD	2
GCA_964625285_1	hprA	1
GCA_964625285_1	hxlB	1
GCA_964625285_1	mcl	1
GCA_964625285_1	mdh	3
GCA_964625285_1	mdh-K00024	1
GCA_964625285_1	mtaA	3
GCA_964625285_1	mtbC	1
GCA_964625285_1	mttB	1
GCA_964625285_1	mttC	1
GCA_964625285_1	mvhD	2
GCA_964625285_1	pfkA	2
GCA_964625285_1	pfkB	1
GCA_964625285_1	pfp	2
GCA_964625285_1	porA	1
GCA_964625285_1	porB	1
GCA_964625285_1	porG	1
GCA_964625285_1	pps	1
GCA_964625285_1	pqqE	1
GCA_964625285_1	pqqF	1
GCA_964625285_1	pta	3
GCA_964625285_1	rnfB	2
GCA_964625285_1	rnfC	2
GCA_964625285_1	rnfD	1
GCA_964625285_1	rnfG	1
GCA_964625285_1	serA	2
GCA_964626665_1	acdA	7
GCA_964626665_1	acdB	1
GCA_964626665_1	ackA	1
GCA_964626665_1	acs	4
GCA_964626665_1	apgM	1
GCA_964626665_1	cooS	1
GCA_964626665_1	echE	1
GCA_964626665_1	ehbA	2
GCA_964626665_1	ehbB	1
GCA_964626665_1	ehbC	1
GCA_964626665_1	ehbD	1
GCA_964626665_1	ehbH	1
GCA_964626665_1	ehbI	1
GCA_964626665_1	eno	2
GCA_964626665_1	fbaA	2
GCA_964626665_1	fbp	1
GCA_964626665_1	fchA	1
GCA_964626665_1	fdhA	1
GCA_964626665_1	fdhA-K00148	1
GCA_964626665_1	fdhB	3
GCA_964626665_1	fghA	1
GCA_964626665_1	folA	3
GCA_964626665_1	fpoC	1
GCA_964626665_1	fpoD	1
GCA_964626665_1	fpoH	2
GCA_964626665_1	fpoL	1
GCA_964626665_1	fpoM	1
GCA_964626665_1	fpoN	1
GCA_964626665_1	frhD	1
GCA_964626665_1	frmA	1
GCA_964626665_1	glyA	3
GCA_964626665_1	gpmI	1
GCA_964626665_1	hdrA2	4
GCA_964626665_1	hdrB2	2
GCA_964626665_1	hdrC2	2
GCA_964626665_1	hdrD	2
GCA_964626665_1	hxlB	2
GCA_964626665_1	mauC	2
GCA_964626665_1	mbhJ	2
GCA_964626665_1	mcl	2
GCA_964626665_1	mdh-K00024	2
GCA_964626665_1	metF	1
GCA_964626665_1	mgsC	1
GCA_964626665_1	mmoC	1
GCA_964626665_1	mtbC	1
GCA_964626665_1	mtkA	1
GCA_964626665_1	mtkB	1
GCA_964626665_1	mvhA	1
GCA_964626665_1	mvhD	3
GCA_964626665_1	mvhG	1
GCA_964626665_1	pfkA	1
GCA_964626665_1	pfp	2
GCA_964626665_1	porA	3
GCA_964626665_1	porB	3
GCA_964626665_1	porD	1
GCA_964626665_1	porG	3
GCA_964626665_1	pps	1
GCA_964626665_1	pqqE	1
GCA_964626665_1	pqqF	1
GCA_964626665_1	pta	4
GCA_964626665_1	rnfA	1
GCA_964626665_1	rnfB	4
GCA_964626665_1	rnfC	1
GCA_964626665_1	rnfD	1
GCA_964626665_1	rnfE	1
GCA_964626665_1	rnfG	1
GCA_964626665_1	serA	4
GCA_964626665_1	serB	2
GCA_964632485_1	acdA	3
GCA_964632485_1	ackA	3
GCA_964632485_1	acs	7
GCA_964632485_1	cooS	1
GCA_964632485_1	echB	1
GCA_964632485_1	ehbC	1
GCA_964632485_1	ehbE	1
GCA_964632485_1	eno	4
GCA_964632485_1	fbaA	2
GCA_964632485_1	fchA	2
GCA_964632485_1	fdhA-K00148	1
GCA_964632485_1	fghA	2
GCA_964632485_1	folA	1
GCA_964632485_1	fpoD	2
GCA_964632485_1	fpoH	1
GCA_964632485_1	fpoL	2
GCA_964632485_1	fpoN	1
GCA_964632485_1	frmA	3
GCA_964632485_1	glyA	3
GCA_964632485_1	gpmI	1
GCA_964632485_1	hdrA2	1
GCA_964632485_1	hxlA	1
GCA_964632485_1	mauC	1
GCA_964632485_1	mbhJ	1
GCA_964632485_1	mcl	1
GCA_964632485_1	mdh	1
GCA_964632485_1	mdh-K00024	1
GCA_964632485_1	metF	4
GCA_964632485_1	mmoC	1
GCA_964632485_1	mtbC	3
GCA_964632485_1	mttC	2
GCA_964632485_1	narH	1
GCA_964632485_1	pfkA	1
GCA_964632485_1	pfp	4
GCA_964632485_1	porA	4
GCA_964632485_1	porB	2
GCA_964632485_1	porD	1
GCA_964632485_1	porG	2
GCA_964632485_1	pps	2
GCA_964632485_1	pqqE	4
GCA_964632485_1	pqqF	1
GCA_964632485_1	pta	5
GCA_964632485_1	rnfA	1
GCA_964632485_1	rnfB	8
GCA_964632485_1	rnfC	1
GCA_964632485_1	rnfD	2
GCA_964632485_1	rnfE	2
GCA_964632485_1	rnfG	2
GCA_964632485_1	serA	3
GCA_964632485_1	serB	2
GCA_964632485_1	serC	1
GCA_964637655_1	acdA	3
GCA_964637655_1	ackA	4
GCA_964637655_1	acs	9
GCA_964637655_1	acsD	1
GCA_964637655_1	cooF	2
GCA_964637655_1	cooS	1
GCA_964637655_1	echB	1
GCA_964637655_1	eno	3
GCA_964637655_1	fbaA	3
GCA_964637655_1	fdhA	1
GCA_964637655_1	fdwB	2
GCA_964637655_1	folA	3
GCA_964637655_1	fpoB	1
GCA_964637655_1	fpoM	1
GCA_964637655_1	frhG	1
GCA_964637655_1	frmA	2
GCA_964637655_1	glyA	3
GCA_964637655_1	gpmB	1
GCA_964637655_1	gpmI	2
GCA_964637655_1	hprA	1
GCA_964637655_1	mbhJ	1
GCA_964637655_1	mdh	1
GCA_964637655_1	mdh-K00024	2
GCA_964637655_1	mgsC	1
GCA_964637655_1	mtbC	1
GCA_964637655_1	mtkB	1
GCA_964637655_1	mvhA	1
GCA_964637655_1	narB	5
GCA_964637655_1	pfkA	1
GCA_964637655_1	pfkB	2
GCA_964637655_1	pfp	4
GCA_964637655_1	porA	2
GCA_964637655_1	porB	1
GCA_964637655_1	porD	1
GCA_964637655_1	porG	1
GCA_964637655_1	pps	1
GCA_964637655_1	pqqE	19
GCA_964637655_1	pqqF	1
GCA_964637655_1	pta	6
GCA_964637655_1	rnfA	1
GCA_964637655_1	rnfB	4
GCA_964637655_1	rnfC	4
GCA_964637655_1	rnfD	2
GCA_964637655_1	rnfE	2
GCA_964637655_1	rnfG	1
GCA_964637655_1	serA	1
GCA_964637655_1	serB	4
GCA_964637655_1	serC	1
GCA_964637655_1	thrH	1
GCA_964637705_1	acdA	1
GCA_964637705_1	ackA	3
GCA_964637705_1	acs	3
GCA_964637705_1	apgM	2
GCA_964637705_1	cooF	3
GCA_964637705_1	cooS	1
GCA_964637705_1	echB	1
GCA_964637705_1	eno	2
GCA_964637705_1	fbaA	3
GCA_964637705_1	fdhA	2
GCA_964637705_1	fdoH	1
GCA_964637705_1	fdwB	1
GCA_964637705_1	folA	5
GCA_964637705_1	fpoA	2
GCA_964637705_1	fpoB	3
GCA_964637705_1	fpoC	2
GCA_964637705_1	fpoD	1
GCA_964637705_1	fpoH	2
GCA_964637705_1	fpoJ	2
GCA_964637705_1	fpoK	2
GCA_964637705_1	fpoL	2
GCA_964637705_1	fpoM	2
GCA_964637705_1	fpoN	2
GCA_964637705_1	frhG	1
GCA_964637705_1	frmA	3
GCA_964637705_1	glyA	8
GCA_964637705_1	gpmB	1
GCA_964637705_1	gpmI	2
GCA_964637705_1	hprA	1
GCA_964637705_1	hxlB	1
GCA_964637705_1	mbhJ	2
GCA_964637705_1	mcl	1
GCA_964637705_1	mdh	1
GCA_964637705_1	mdh-K00024	2
GCA_964637705_1	mer	2
GCA_964637705_1	metF	2
GCA_964637705_1	mgsC	1
GCA_964637705_1	mtkB	1
GCA_964637705_1	mvhA	1
GCA_964637705_1	mvhD	1
GCA_964637705_1	mvhG	1
GCA_964637705_1	narB	1
GCA_964637705_1	nrfA	1
GCA_964637705_1	nrfH	2
GCA_964637705_1	pfkA	2
GCA_964637705_1	pfkB	1
GCA_964637705_1	pfp	5
GCA_964637705_1	porA	1
GCA_964637705_1	pps	1
GCA_964637705_1	pqqE	5
GCA_964637705_1	pta	3
GCA_964637705_1	rnfA	1
GCA_964637705_1	rnfB	5
GCA_964637705_1	rnfC	3
GCA_964637705_1	rnfD	1
GCA_964637705_1	rnfE	3
GCA_964637705_1	rnfG	1
GCA_964637705_1	serA	4
GCA_964637705_1	serB	2
GCA_964637705_1	serC	1
GCA_964643155_1	acdA	5
GCA_964643155_1	ackA	1
GCA_964643155_1	acs	1
GCA_964643155_1	cdhC	1
GCA_964643155_1	eno	3
GCA_964643155_1	fbaA	1
GCA_964643155_1	fchA	1
GCA_964643155_1	fdhA	1
GCA_964643155_1	fdoG	1
GCA_964643155_1	fdoH	2
GCA_964643155_1	folA	4
GCA_964643155_1	fpoA	1
GCA_964643155_1	fpoB	1
GCA_964643155_1	fpoH	2
GCA_964643155_1	fpoJ	2
GCA_964643155_1	fpoK	2
GCA_964643155_1	fpoL	1
GCA_964643155_1	fpoM	1
GCA_964643155_1	fpoN	1
GCA_964643155_1	frmA	1
GCA_964643155_1	glyA	4
GCA_964643155_1	gpmB	3
GCA_964643155_1	gpmI	1
GCA_964643155_1	hdrA1	5
GCA_964643155_1	hdrA2	5
GCA_964643155_1	hdrB1	1
GCA_964643155_1	hdrB2	1
GCA_964643155_1	hdrC1	1
GCA_964643155_1	hdrC2	2
GCA_964643155_1	hdrD	2
GCA_964643155_1	hxlB	1
GCA_964643155_1	mcl	1
GCA_964643155_1	mdh	1
GCA_964643155_1	mdh-K00024	3
GCA_964643155_1	mtkA	2
GCA_964643155_1	mtkB	2
GCA_964643155_1	mvhA	2
GCA_964643155_1	mvhD	2
GCA_964643155_1	mvhG	1
GCA_964643155_1	narB	1
GCA_964643155_1	pfkB	1
GCA_964643155_1	pfp	2
GCA_964643155_1	porA	4
GCA_964643155_1	porB	3
GCA_964643155_1	porD	1
GCA_964643155_1	porG	1
GCA_964643155_1	pps	2
GCA_964643155_1	pqqF	1
GCA_964643155_1	pta	2
GCA_964643155_1	rnfB	3
GCA_964643155_1	rnfE	1
GCA_964643155_1	serA	4
GCA_964643155_1	torY	1
GCA_964643155_1	vhcD	1
GCA_964644695_1	acdA	1
GCA_964644695_1	ackA	1
GCA_964644695_1	acs	5
GCA_964644695_1	apgM	2
GCA_964644695_1	cooS	1
GCA_964644695_1	echB	1
GCA_964644695_1	eno	6
GCA_964644695_1	fbaA	3
GCA_964644695_1	fdhA	1
GCA_964644695_1	fdhA-K00148	3
GCA_964644695_1	fdwB	1
GCA_964644695_1	fghA	1
GCA_964644695_1	folA	5
GCA_964644695_1	fpoA	2
GCA_964644695_1	fpoB	1
GCA_964644695_1	fpoC	2
GCA_964644695_1	fpoD	2
GCA_964644695_1	fpoH	2
GCA_964644695_1	fpoJ	2
GCA_964644695_1	fpoK	2
GCA_964644695_1	fpoL	1
GCA_964644695_1	fpoM	2
GCA_964644695_1	fpoN	1
GCA_964644695_1	frhG	1
GCA_964644695_1	frmA	3
GCA_964644695_1	glyA	6
GCA_964644695_1	gpmB	1
GCA_964644695_1	gpmI	1
GCA_964644695_1	hdrA2	2
GCA_964644695_1	hdrD	1
GCA_964644695_1	hprA	1
GCA_964644695_1	hxlA	1
GCA_964644695_1	hxlB	2
GCA_964644695_1	mbhJ	1
GCA_964644695_1	mdh-K00024	2
GCA_964644695_1	mmoC	1
GCA_964644695_1	mtaA	2
GCA_964644695_1	mtbC	2
GCA_964644695_1	mtkA	1
GCA_964644695_1	mtkB	2
GCA_964644695_1	mttC	1
GCA_964644695_1	pfkA	4
GCA_964644695_1	pfkB	1
GCA_964644695_1	pfp	3
GCA_964644695_1	porA	2
GCA_964644695_1	porB	3
GCA_964644695_1	porG	1
GCA_964644695_1	pps	2
GCA_964644695_1	pqqE	6
GCA_964644695_1	pta	1
GCA_964644695_1	rnfB	3
GCA_964644695_1	serA	4
GCA_964644695_1	serB	1
GCA_964652335_1	acs	1
GCA_964652335_1	apgM	1
GCA_964652335_1	ehbA	1
GCA_964652335_1	ehbD	1
GCA_964652335_1	ehbE	1
GCA_964652335_1	ehbH	1
GCA_964652335_1	ehbI	1
GCA_964652335_1	eno	1
GCA_964652335_1	fbp	1
GCA_964652335_1	fpoC	1
GCA_964652335_1	fpoH	1
GCA_964652335_1	fpoN	1
GCA_964652335_1	frhD	1
GCA_964652335_1	glyA	1
GCA_964652335_1	gpmI	2
GCA_964652335_1	mbhJ	1
GCA_964652335_1	mbhK	1
GCA_964652335_1	mbhL	1
GCA_964652335_1	mch	1
GCA_964652335_1	mdh-K00024	1
GCA_964652335_1	metF	1
GCA_964652335_1	mgsC	1
GCA_964652335_1	porA	1
GCA_964652335_1	porB	1
GCA_964652335_1	porD	1
GCA_964652335_1	porG	1
GCA_964652335_1	pps	3
GCA_964652335_1	pqqE	3
GCA_964652335_1	rnfB	4
GCA_964652335_1	rnfE	1
GCA_964652335_1	serA	1
GCA_964654595_1	acdA	13
GCA_964654595_1	ackA	1
GCA_964654595_1	acs	6
GCA_964654595_1	apgM	1
GCA_964654595_1	cdhA	2
GCA_964654595_1	cdhB	2
GCA_964654595_1	cdhC	2
GCA_964654595_1	cdhD	1
GCA_964654595_1	cdhE	3
GCA_964654595_1	cooF	1
GCA_964654595_1	cooS	1
GCA_964654595_1	ehaQ	1
GCA_964654595_1	ehaR	1
GCA_964654595_1	ehbQ	1
GCA_964654595_1	eno	2
GCA_964654595_1	fae-hps	1
GCA_964654595_1	fbaA	1
GCA_964654595_1	fdhA	1
GCA_964654595_1	fdhB	1
GCA_964654595_1	fdhF	1
GCA_964654595_1	fdoG	1
GCA_964654595_1	fpoC	2
GCA_964654595_1	fqoA	1
GCA_964654595_1	fqoD	1
GCA_964654595_1	fqoF	1
GCA_964654595_1	fqoH	3
GCA_964654595_1	fqoJ	1
GCA_964654595_1	fqoK	1
GCA_964654595_1	fqoL	1
GCA_964654595_1	fqoM	2
GCA_964654595_1	fqoN	1
GCA_964654595_1	frmA	1
GCA_964654595_1	ftr	1
GCA_964654595_1	fwdB	1
GCA_964654595_1	fwdC	1
GCA_964654595_1	fwdG	2
GCA_964654595_1	glyA	2
GCA_964654595_1	gpmI	1
GCA_964654595_1	hdrA1	1
GCA_964654595_1	hdrA2	4
GCA_964654595_1	hdrD	4
GCA_964654595_1	hxlA	1
GCA_964654595_1	hxlB	1
GCA_964654595_1	mch	1
GCA_964654595_1	mcl	1
GCA_964654595_1	mdh	1
GCA_964654595_1	mdh-K00024	1
GCA_964654595_1	mer	4
GCA_964654595_1	metF	1
GCA_964654595_1	mmoC	1
GCA_964654595_1	mtbC	1
GCA_964654595_1	mtd	1
GCA_964654595_1	mtkA	1
GCA_964654595_1	mtkB	4
GCA_964654595_1	mtrA	1
GCA_964654595_1	mtrH	1
GCA_964654595_1	mvhD	3
GCA_964654595_1	narH	1
GCA_964654595_1	pfkB	2
GCA_964654595_1	pfp	3
GCA_964654595_1	porA	2
GCA_964654595_1	porB	3
GCA_964654595_1	porD	2
GCA_964654595_1	porG	2
GCA_964654595_1	pps	1
GCA_964654595_1	pqqB	1
GCA_964654595_1	pqqE	3
GCA_964654595_1	pta	3
GCA_964654595_1	rnfB	1
GCA_964654595_1	rnfE	1
GCA_964654595_1	serA	3
GCA_964654595_1	serB	1
GCA_964654595_1	serC	1
GCA_965213625_1	acdA	26
GCA_965213625_1	ackA	1
GCA_965213625_1	acs	8
GCA_965213625_1	apgM	1
GCA_965213625_1	cooF	1
GCA_965213625_1	ehbA	1
GCA_965213625_1	ehbC	1
GCA_965213625_1	ehbE	1
GCA_965213625_1	eno	2
GCA_965213625_1	fbaA	8
GCA_965213625_1	fbp	1
GCA_965213625_1	fdhA	2
GCA_965213625_1	fdhA-K00148	8
GCA_965213625_1	fdhB	1
GCA_965213625_1	fdhF	1
GCA_965213625_1	fdwB	1
GCA_965213625_1	folA	9
GCA_965213625_1	fpoA	2
GCA_965213625_1	fpoB	3
GCA_965213625_1	fpoC	1
GCA_965213625_1	fpoD	2
GCA_965213625_1	fpoH	1
GCA_965213625_1	fpoL	2
GCA_965213625_1	fpoM	2
GCA_965213625_1	fpoN	1
GCA_965213625_1	frhB	1
GCA_965213625_1	frmA	5
GCA_965213625_1	gck	1
GCA_965213625_1	glpX	1
GCA_965213625_1	glyA	5
GCA_965213625_1	gpmB	1
GCA_965213625_1	gpmI	1
GCA_965213625_1	hdrA2	1
GCA_965213625_1	hdrD	2
GCA_965213625_1	hprA	3
GCA_965213625_1	hxlB	1
GCA_965213625_1	mcl	6
GCA_965213625_1	mdh	3
GCA_965213625_1	mdh-K00024	7
GCA_965213625_1	mer	17
GCA_965213625_1	metF	2
GCA_965213625_1	mgsC	1
GCA_965213625_1	mtkA	1
GCA_965213625_1	mtkB	6
GCA_965213625_1	mxaF	2
GCA_965213625_1	narB	5
GCA_965213625_1	nirK	1
GCA_965213625_1	pfkB	1
GCA_965213625_1	pfp	4
GCA_965213625_1	porA	2
GCA_965213625_1	porB	1
GCA_965213625_1	porD	1
GCA_965213625_1	pps	1
GCA_965213625_1	pqqA	1
GCA_965213625_1	pqqF	2
GCA_965213625_1	pta	7
GCA_965213625_1	rnfB	1
GCA_965213625_1	rnfE	1
GCA_965213625_1	serA	17
GCA_965213625_1	serB	1
GCA_965213625_1	tmm	1
GCA_965213625_1	torD	1
GCA_965213625_1	torZ	2
GCA_965214925_1	acdA	1
GCA_965214925_1	ackA	3
GCA_965214925_1	acs	2
GCA_965214925_1	apgM	1
GCA_965214925_1	ehbC	1
GCA_965214925_1	ehbE	1
GCA_965214925_1	ehbH	2
GCA_965214925_1	eno	5
GCA_965214925_1	fbaA	4
GCA_965214925_1	fbaB	1
GCA_965214925_1	fdhA	2
GCA_965214925_1	fdhA-K00148	6
GCA_965214925_1	fdhB	1
GCA_965214925_1	fdm	4
GCA_965214925_1	fdoI	1
GCA_965214925_1	fdwB	1
GCA_965214925_1	folA	12
GCA_965214925_1	fpoA	1
GCA_965214925_1	fpoC	1
GCA_965214925_1	fpoD	1
GCA_965214925_1	fpoH	1
GCA_965214925_1	fpoJ	1
GCA_965214925_1	fpoK	1
GCA_965214925_1	fpoL	3
GCA_965214925_1	fpoM	1
GCA_965214925_1	fpoN	2
GCA_965214925_1	frmA	7
GCA_965214925_1	gck	1
GCA_965214925_1	gfa	1
GCA_965214925_1	glyA	4
GCA_965214925_1	gpmB	2
GCA_965214925_1	gpmI	2
GCA_965214925_1	hdrA2	1
GCA_965214925_1	hmd	1
GCA_965214925_1	hprA	7
GCA_965214925_1	hxlB	1
GCA_965214925_1	mdh	3
GCA_965214925_1	mdh-K00024	8
GCA_965214925_1	metF	1
GCA_965214925_1	mgsC	1
GCA_965214925_1	mmoC	1
GCA_965214925_1	mtaA	2
GCA_965214925_1	mtbC	1
GCA_965214925_1	mtkA	1
GCA_965214925_1	mtkB	2
GCA_965214925_1	mxaF	2
GCA_965214925_1	narB	2
GCA_965214925_1	pfkB	1
GCA_965214925_1	pfp	2
GCA_965214925_1	porA	1
GCA_965214925_1	porB	1
GCA_965214925_1	porD	1
GCA_965214925_1	pps	1
GCA_965214925_1	pqqE	1
GCA_965214925_1	pqqF	2
GCA_965214925_1	pta	3
GCA_965214925_1	rnfB	1
GCA_965214925_1	rnfD	1
GCA_965214925_1	rnfE	1
GCA_965214925_1	rnfG	1
GCA_965214925_1	serA	8
GCA_965214925_1	serB	3
GCA_965214925_1	serC	1
GCA_965223625_1	acdA	4
GCA_965223625_1	ackA	2
GCA_965223625_1	acs	7
GCA_965223625_1	acsD	1
GCA_965223625_1	amoA	2
GCA_965223625_1	amoB	1
GCA_965223625_1	amoC	5
GCA_965223625_1	apgM	1
GCA_965223625_1	eno	3
GCA_965223625_1	fbaA	1
GCA_965223625_1	fbaB	1
GCA_965223625_1	fbp	3
GCA_965223625_1	fdhA	3
GCA_965223625_1	fdhA-K00148	1
GCA_965223625_1	fdm	1
GCA_965223625_1	fdwB	3
GCA_965223625_1	folA	5
GCA_965223625_1	fpoB	3
GCA_965223625_1	fpoC	1
GCA_965223625_1	fpoH	1
GCA_965223625_1	fpoJ	3
GCA_965223625_1	fpoK	1
GCA_965223625_1	fpoL	1
GCA_965223625_1	fpoM	3
GCA_965223625_1	fpoN	1
GCA_965223625_1	frmA	2
GCA_965223625_1	gck	1
GCA_965223625_1	glpX	1
GCA_965223625_1	glyA	6
GCA_965223625_1	gpmI	2
GCA_965223625_1	hdrD	1
GCA_965223625_1	hxlB	1
GCA_965223625_1	mauC	3
GCA_965223625_1	mcl	1
GCA_965223625_1	mdh-K00024	2
GCA_965223625_1	metF	1
GCA_965223625_1	mgsC	1
GCA_965223625_1	mmoC	2
GCA_965223625_1	mtkA	2
GCA_965223625_1	mtkB	3
GCA_965223625_1	mxaL	1
GCA_965223625_1	narB	5
GCA_965223625_1	narH	1
GCA_965223625_1	nirK	4
GCA_965223625_1	nirS	2
GCA_965223625_1	nxrA	1
GCA_965223625_1	pfkA	1
GCA_965223625_1	pfp	7
GCA_965223625_1	porA	3
GCA_965223625_1	porB	3
GCA_965223625_1	porD	1
GCA_965223625_1	porG	3
GCA_965223625_1	pps	2
GCA_965223625_1	pqqA	1
GCA_965223625_1	pqqB	1
GCA_965223625_1	pqqC	1
GCA_965223625_1	pqqD	1
GCA_965223625_1	pqqE	5
GCA_965223625_1	pqqF	2
GCA_965223625_1	pta	1
GCA_965223625_1	rnfB	1
GCA_965223625_1	rnfD	2
GCA_965223625_1	rnfE	3
GCA_965223625_1	rnfG	1
GCA_965223625_1	serA	5
GCA_965223625_1	serB	3
GCA_965223625_1	thrH	1
GCA_965223625_1	torY	1
GCA_965223625_1	vhcA	1
GCA_965223625_1	vhcG	1
GCA_965240465_1	acs	2
GCA_965240465_1	eno	3
GCA_965240465_1	fbaB	1
GCA_965240465_1	fbp	1
GCA_965240465_1	fdhA	1
GCA_965240465_1	fdhB	1
GCA_965240465_1	fdwB	1
GCA_965240465_1	folA	1
GCA_965240465_1	fpoH	1
GCA_965240465_1	fpoJ	1
GCA_965240465_1	fpoK	1
GCA_965240465_1	fpoL	1
GCA_965240465_1	fpoM	1
GCA_965240465_1	frhA	1
GCA_965240465_1	frmA	1
GCA_965240465_1	glyA	3
GCA_965240465_1	gpmB	1
GCA_965240465_1	gpmI	1
GCA_965240465_1	mauC	1
GCA_965240465_1	mdh-K00024	2
GCA_965240465_1	mgsC	2
GCA_965240465_1	mtkA	1
GCA_965240465_1	mtkB	2
GCA_965240465_1	narB	2
GCA_965240465_1	pfkB	1
GCA_965240465_1	pfp	3
GCA_965240465_1	pps	2
GCA_965240465_1	pqqF	2
GCA_965240465_1	pta	1
GCA_965240465_1	rnfE	1
GCA_965240465_1	serA	1
GCA_965240465_1	serB	1
GCA_965240465_1	serC	1
GCA_965240465_1	vhtG	1
GCA_965369365_1	acs	2
GCA_965369365_1	cdhA	1
GCA_965369365_1	cdhC	1
GCA_965369365_1	cdhD	1
GCA_965369365_1	cdhE	2
GCA_965369365_1	cooF	1
GCA_965369365_1	cooS	1
GCA_965369365_1	ehaQ	1
GCA_965369365_1	ehaR	1
GCA_965369365_1	ehbF	1
GCA_965369365_1	ehbH	3
GCA_965369365_1	eno	2
GCA_965369365_1	fae-hps	2
GCA_965369365_1	fbaA	1
GCA_965369365_1	folA	2
GCA_965369365_1	fpoC	1
GCA_965369365_1	fpoF	1
GCA_965369365_1	frmA	2
GCA_965369365_1	ftr	1
GCA_965369365_1	fwdG	2
GCA_965369365_1	glpX	1
GCA_965369365_1	glyA	2
GCA_965369365_1	gpmI	4
GCA_965369365_1	hdrA1	2
GCA_965369365_1	hdrA2	2
GCA_965369365_1	hdrB1	1
GCA_965369365_1	hdrD	4
GCA_965369365_1	hxlA	1
GCA_965369365_1	hxlB	1
GCA_965369365_1	mch	2
GCA_965369365_1	mcrB	1
GCA_965369365_1	mdh-K00024	2
GCA_965369365_1	mtd	1
GCA_965369365_1	mtkA	2
GCA_965369365_1	mtrA	2
GCA_965369365_1	mtrE	1
GCA_965369365_1	mtrF	1
GCA_965369365_1	mtrG	1
GCA_965369365_1	mtrH	1
GCA_965369365_1	mvhA	1
GCA_965369365_1	mvhD	1
GCA_965369365_1	mxaL	1
GCA_965369365_1	narB	1
GCA_965369365_1	narH	1
GCA_965369365_1	pfkB	1
GCA_965369365_1	pfkC	1
GCA_965369365_1	pfp	1
GCA_965369365_1	porA	1
GCA_965369365_1	porB	2
GCA_965369365_1	porD	1
GCA_965369365_1	porG	2
GCA_965369365_1	pps	1
GCA_965369365_1	pqqE	6
GCA_965369365_1	pta	2
GCA_965369365_1	rnfB	4
GCA_965369365_1	rnfC	1
GCA_965369365_1	rnfD	1
GCA_965369365_1	serA	1
GCA_965369365_1	serB	1
GCA_965369365_1	serC	1
GCA_965369365_1	vhcG	1
GCA_965369835_1	acdA	3
GCA_965369835_1	ackA	2
GCA_965369835_1	acs	6
GCA_965369835_1	apgM	1
GCA_965369835_1	eno	2
GCA_965369835_1	fae-hps	1
GCA_965369835_1	fbaA	5
GCA_965369835_1	fdhA-K00148	3
GCA_965369835_1	fdhB	2
GCA_965369835_1	fdm	1
GCA_965369835_1	fdwB	1
GCA_965369835_1	folA	4
GCA_965369835_1	fpoB	1
GCA_965369835_1	frhG	1
GCA_965369835_1	frmA	3
GCA_965369835_1	gck	1
GCA_965369835_1	glpX	1
GCA_965369835_1	glyA	4
GCA_965369835_1	hdrA1	1
GCA_965369835_1	hdrA2	1
GCA_965369835_1	hdrB1	1
GCA_965369835_1	hdrC2	1
GCA_965369835_1	hdrD	1
GCA_965369835_1	hprA	1
GCA_965369835_1	hxlB	1
GCA_965369835_1	mdh	1
GCA_965369835_1	mdh-K00024	2
GCA_965369835_1	metF	1
GCA_965369835_1	mmoC	1
GCA_965369835_1	mtbA	1
GCA_965369835_1	mtbC	2
GCA_965369835_1	mtkA	1
GCA_965369835_1	mtkB	1
GCA_965369835_1	mttC	1
GCA_965369835_1	mvhA	2
GCA_965369835_1	mvhD	2
GCA_965369835_1	mvhG	1
GCA_965369835_1	pfkA	2
GCA_965369835_1	pfkB	1
GCA_965369835_1	pfp	3
GCA_965369835_1	porA	2
GCA_965369835_1	porG	1
GCA_965369835_1	pps	1
GCA_965369835_1	pqqE	5
GCA_965369835_1	pqqF	1
GCA_965369835_1	pta	4
GCA_965369835_1	rnfA	2
GCA_965369835_1	rnfB	7
GCA_965369835_1	rnfC	1
GCA_965369835_1	rnfD	2
GCA_965369835_1	rnfE	2
GCA_965369835_1	rnfG	2
GCA_965369835_1	serA	6
GCA_965369835_1	serB	2
GCA_965370445_1	ackA	1
GCA_965370445_1	acs	2
GCA_965370445_1	apgM	1
GCA_965370445_1	cdhA	1
GCA_965370445_1	cdhB	1
GCA_965370445_1	cdhC	1
GCA_965370445_1	cdhD	2
GCA_965370445_1	cdhE	1
GCA_965370445_1	cooF	1
GCA_965370445_1	ehaQ	1
GCA_965370445_1	eno	2
GCA_965370445_1	fae-hps	1
GCA_965370445_1	fbp	1
GCA_965370445_1	fdhA	1
GCA_965370445_1	fdhB	1
GCA_965370445_1	fmdB	1
GCA_965370445_1	fmdC	1
GCA_965370445_1	folA	2
GCA_965370445_1	fpoA	1
GCA_965370445_1	fpoB	1
GCA_965370445_1	fpoC	5
GCA_965370445_1	fpoD	1
GCA_965370445_1	fpoF	1
GCA_965370445_1	fpoH	1
GCA_965370445_1	fpoI	1
GCA_965370445_1	fpoJ	2
GCA_965370445_1	fpoK	1
GCA_965370445_1	fpoL	1
GCA_965370445_1	fpoM	1
GCA_965370445_1	fpoN	1
GCA_965370445_1	fpoO	1
GCA_965370445_1	frhB	1
GCA_965370445_1	frmA	1
GCA_965370445_1	ftr	1
GCA_965370445_1	fwdB	2
GCA_965370445_1	fwdC	1
GCA_965370445_1	fwdG	2
GCA_965370445_1	glyA	2
GCA_965370445_1	gpmI	1
GCA_965370445_1	hdrA2	6
GCA_965370445_1	hdrB1	3
GCA_965370445_1	hdrC1	1
GCA_965370445_1	hdrC2	2
GCA_965370445_1	hdrD	3
GCA_965370445_1	hdrE	1
GCA_965370445_1	hxlB	1
GCA_965370445_1	mch	1
GCA_965370445_1	mcrA	1
GCA_965370445_1	mcrB	1
GCA_965370445_1	mcrC	1
GCA_965370445_1	mcrD	1
GCA_965370445_1	mcrG	1
GCA_965370445_1	mdh-K00024	1
GCA_965370445_1	mer	1
GCA_965370445_1	mgsC	2
GCA_965370445_1	mtd	1
GCA_965370445_1	mtkA	1
GCA_965370445_1	mtkB	2
GCA_965370445_1	mtrA	2
GCA_965370445_1	mtrB	1
GCA_965370445_1	mtrC	1
GCA_965370445_1	mtrD	1
GCA_965370445_1	mtrE	1
GCA_965370445_1	mtrF	1
GCA_965370445_1	mtrG	1
GCA_965370445_1	mtrH	2
GCA_965370445_1	mvhD	2
GCA_965370445_1	narH	1
GCA_965370445_1	pfp	2
GCA_965370445_1	porA	3
GCA_965370445_1	porB	3
GCA_965370445_1	porD	2
GCA_965370445_1	porG	3
GCA_965370445_1	pps	1
GCA_965370445_1	pqqE	6
GCA_965370445_1	pta	3
GCA_965370445_1	rnfB	1
GCA_965370445_1	rnfC	1
GCA_965370445_1	serA	3
GCA_965370845_1	acdA	5
GCA_965370845_1	ackA	2
GCA_965370845_1	acs	4
GCA_965370845_1	apgM	1
GCA_965370845_1	echE	1
GCA_965370845_1	ehbI	1
GCA_965370845_1	eno	2
GCA_965370845_1	fbaA	4
GCA_965370845_1	fbp	1
GCA_965370845_1	fchA	1
GCA_965370845_1	fdhA	4
GCA_965370845_1	fdoH	1
GCA_965370845_1	folA	3
GCA_965370845_1	frhD	2
GCA_965370845_1	frmA	1
GCA_965370845_1	glyA	3
GCA_965370845_1	gpmI	1
GCA_965370845_1	hdrA1	1
GCA_965370845_1	hdrA2	2
GCA_965370845_1	hdrB1	1
GCA_965370845_1	hdrC2	1
GCA_965370845_1	hdrD	1
GCA_965370845_1	hxlB	2
GCA_965370845_1	mbhJ	1
GCA_965370845_1	mbhK	1
GCA_965370845_1	mcl	1
GCA_965370845_1	mdh	1
GCA_965370845_1	mdh-K00024	1
GCA_965370845_1	metF	1
GCA_965370845_1	mmoC	1
GCA_965370845_1	mtbC	2
GCA_965370845_1	mtkA	1
GCA_965370845_1	mtkB	2
GCA_965370845_1	mttB	2
GCA_965370845_1	mvhA	2
GCA_965370845_1	mvhD	1
GCA_965370845_1	mvhG	2
GCA_965370845_1	pfkA	1
GCA_965370845_1	pfp	3
GCA_965370845_1	porA	4
GCA_965370845_1	porB	4
GCA_965370845_1	porD	4
GCA_965370845_1	porG	3
GCA_965370845_1	pps	1
GCA_965370845_1	pqqD	1
GCA_965370845_1	pqqE	4
GCA_965370845_1	pqqF	1
GCA_965370845_1	pta	3
GCA_965370845_1	rnfA	1
GCA_965370845_1	rnfB	7
GCA_965370845_1	rnfC	1
GCA_965370845_1	rnfD	1
GCA_965370845_1	rnfE	1
GCA_965370845_1	rnfG	2
GCA_965370845_1	serA	3
GCA_965370845_1	serB	2
GCA_965370845_1	vhcD	1
GCA_965371155_1	acdA	4
GCA_965371155_1	acs	2
GCA_965371155_1	apgM	1
GCA_965371155_1	cdhE	1
GCA_965371155_1	cooF	2
GCA_965371155_1	eno	2
GCA_965371155_1	fbaA	1
GCA_965371155_1	fbaB	1
GCA_965371155_1	fbp	1
GCA_965371155_1	fchA	1
GCA_965371155_1	fdhA	5
GCA_965371155_1	fdhF	1
GCA_965371155_1	fdoG	1
GCA_965371155_1	fdoH	3
GCA_965371155_1	fdwB	1
GCA_965371155_1	fghA	1
GCA_965371155_1	folA	2
GCA_965371155_1	fpoA	1
GCA_965371155_1	fpoB	1
GCA_965371155_1	fpoD	2
GCA_965371155_1	fpoH	3
GCA_965371155_1	fpoJ	1
GCA_965371155_1	fpoK	2
GCA_965371155_1	fpoL	2
GCA_965371155_1	fpoM	1
GCA_965371155_1	fpoN	2
GCA_965371155_1	frmA	2
GCA_965371155_1	glyA	3
GCA_965371155_1	gpmB	2
GCA_965371155_1	gpmI	1
GCA_965371155_1	hdrA2	4
GCA_965371155_1	hdrB1	1
GCA_965371155_1	hdrD	2
GCA_965371155_1	hxlB	1
GCA_965371155_1	mcl	1
GCA_965371155_1	mdh-K00024	1
GCA_965371155_1	mtbC	1
GCA_965371155_1	mtkA	4
GCA_965371155_1	mtkB	5
GCA_965371155_1	mvhD	3
GCA_965371155_1	mxaC	1
GCA_965371155_1	mxaL	1
GCA_965371155_1	narB	1
GCA_965371155_1	pfkA	2
GCA_965371155_1	pfp	1
GCA_965371155_1	porA	3
GCA_965371155_1	porB	2
GCA_965371155_1	porG	1
GCA_965371155_1	pps	1
GCA_965371155_1	pqqF	1
GCA_965371155_1	pta	2
GCA_965371155_1	rnfB	3
GCA_965371155_1	rnfE	1
GCA_965371155_1	serA	3
GCA_965371155_1	serB	2
GCA_965371155_1	serC	1
GCA_965372795_1	acdA	7
GCA_965372795_1	ackA	2
GCA_965372795_1	acs	6
GCA_965372795_1	cdhE	1
GCA_965372795_1	cooF	2
GCA_965372795_1	eno	2
GCA_965372795_1	fbaA	2
GCA_965372795_1	fbaB	1
GCA_965372795_1	fchA	1
GCA_965372795_1	fdhA	2
GCA_965372795_1	fdhB	2
GCA_965372795_1	fdoH	1
GCA_965372795_1	fdoI	2
GCA_965372795_1	fdwB	1
GCA_965372795_1	folA	3
GCA_965372795_1	fpoA	2
GCA_965372795_1	fpoB	2
GCA_965372795_1	fpoD	2
GCA_965372795_1	fpoH	2
GCA_965372795_1	fpoJ	2
GCA_965372795_1	fpoK	2
GCA_965372795_1	fpoL	2
GCA_965372795_1	fpoM	2
GCA_965372795_1	fpoN	1
GCA_965372795_1	frhD	1
GCA_965372795_1	frmA	2
GCA_965372795_1	glpX	1
GCA_965372795_1	glyA	5
GCA_965372795_1	hdrA2	3
GCA_965372795_1	mauC	1
GCA_965372795_1	mcl	1
GCA_965372795_1	mdh-K00024	1
GCA_965372795_1	mtkA	1
GCA_965372795_1	mtkB	3
GCA_965372795_1	mtrA	1
GCA_965372795_1	mvhA	1
GCA_965372795_1	mxaG	1
GCA_965372795_1	napH	2
GCA_965372795_1	narB	1
GCA_965372795_1	nrfH	1
GCA_965372795_1	pfkA	3
GCA_965372795_1	pfkB	1
GCA_965372795_1	pfp	2
GCA_965372795_1	porA	2
GCA_965372795_1	porB	2
GCA_965372795_1	porG	3
GCA_965372795_1	ppc	1
GCA_965372795_1	pps	2
GCA_965372795_1	pqqE	1
GCA_965372795_1	pqqF	2
GCA_965372795_1	pta	4
GCA_965372795_1	rnfB	2
GCA_965372795_1	serA	7
GCA_965372795_1	serB	1
GCA_965372795_1	serC	1
GCA_965372795_1	vhuG	1
GCA_965603295_1	acdA	3
GCA_965603295_1	ackA	3
GCA_965603295_1	acs	8
GCA_965603295_1	acsC	1
GCA_965603295_1	apgM	1
GCA_965603295_1	cooF	1
GCA_965603295_1	cooS	1
GCA_965603295_1	cytC	1
GCA_965603295_1	ehbQ	1
GCA_965603295_1	eno	2
GCA_965603295_1	fbaA	3
GCA_965603295_1	fbp	1
GCA_965603295_1	fdhA	4
GCA_965603295_1	fdhB	1
GCA_965603295_1	fdhF	2
GCA_965603295_1	fdm	1
GCA_965603295_1	fdoI	2
GCA_965603295_1	folA	4
GCA_965603295_1	fpoB	1
GCA_965603295_1	fpoH	1
GCA_965603295_1	fpoI	1
GCA_965603295_1	fpoJ	1
GCA_965603295_1	fpoK	1
GCA_965603295_1	fpoM	1
GCA_965603295_1	fpoN	1
GCA_965603295_1	frhD	1
GCA_965603295_1	frmA	2
GCA_965603295_1	gck	1
GCA_965603295_1	glyA	3
GCA_965603295_1	gpmI	1
GCA_965603295_1	hdrA2	1
GCA_965603295_1	hdrD	1
GCA_965603295_1	hprA	1
GCA_965603295_1	hxlB	1
GCA_965603295_1	mdh-K00024	1
GCA_965603295_1	metF	1
GCA_965603295_1	mgsC	1
GCA_965603295_1	mmoC	1
GCA_965603295_1	mtkA	3
GCA_965603295_1	mvhA	1
GCA_965603295_1	narB	2
GCA_965603295_1	pfkA	2
GCA_965603295_1	pfp	3
GCA_965603295_1	porA	3
GCA_965603295_1	porB	4
GCA_965603295_1	porD	3
GCA_965603295_1	porG	2
GCA_965603295_1	ppc	1
GCA_965603295_1	pps	1
GCA_965603295_1	pqqE	1
GCA_965603295_1	pqqF	3
GCA_965603295_1	pta	3
GCA_965603295_1	rnfA	1
GCA_965603295_1	rnfB	5
GCA_965603295_1	rnfC	1
GCA_965603295_1	rnfD	1
GCA_965603295_1	rnfE	3
GCA_965603295_1	rnfG	1
GCA_965603295_1	serA	3
GCA_965603295_1	serB	2
GCA_965603295_1	torZ	1
GCA_965603295_1	vhtG	1
GCA_965613365_1	acs	2
GCA_965613365_1	acsD	1
GCA_965613365_1	amoA	8
GCA_965613365_1	apgM	2
GCA_965613365_1	cdhA	1
GCA_965613365_1	cdhB	1
GCA_965613365_1	cdhC	1
GCA_965613365_1	cdhD	1
GCA_965613365_1	cdhE	1
GCA_965613365_1	ehaQ	1
GCA_965613365_1	ehbQ	1
GCA_965613365_1	eno	2
GCA_965613365_1	fdhB	2
GCA_965613365_1	fdhF	2
GCA_965613365_1	fdoI	1
GCA_965613365_1	folA	1
GCA_965613365_1	fpoA	1
GCA_965613365_1	fpoB	1
GCA_965613365_1	fpoC	2
GCA_965613365_1	fpoD	1
GCA_965613365_1	fpoJ	1
GCA_965613365_1	fpoK	1
GCA_965613365_1	fpoL	1
GCA_965613365_1	fpoM	1
GCA_965613365_1	fpoN	1
GCA_965613365_1	frhB	3
GCA_965613365_1	frhD	1
GCA_965613365_1	frmA	2
GCA_965613365_1	ftr	1
GCA_965613365_1	fwdB	1
GCA_965613365_1	fwdC	1
GCA_965613365_1	fwdF	1
GCA_965613365_1	fwdG	2
GCA_965613365_1	glyA	1
GCA_965613365_1	hdrA1	4
GCA_965613365_1	hdrA2	4
GCA_965613365_1	hdrB1	1
GCA_965613365_1	hdrC2	2
GCA_965613365_1	hdrD	1
GCA_965613365_1	hxlA	1
GCA_965613365_1	hxlB	1
GCA_965613365_1	mch	1
GCA_965613365_1	mdh-K00024	1
GCA_965613365_1	metF	1
GCA_965613365_1	mgsC	1
GCA_965613365_1	mtd	1
GCA_965613365_1	mtkB	1
GCA_965613365_1	mtrA	1
GCA_965613365_1	mvhA	1
GCA_965613365_1	mvhD	1
GCA_965613365_1	pfkB	2
GCA_965613365_1	porA	1
GCA_965613365_1	porB	1
GCA_965613365_1	porD	1
GCA_965613365_1	porG	2
GCA_965613365_1	pps	1
GCA_965613365_1	pqqE	6
GCA_965613365_1	rnfB	3
GCA_965613365_1	rnfC	1
GCA_965613365_1	serA	3
GCA_965613365_1	serB	3
GCA_965613365_1	torZ	1
GCA_965613365_1	vhtG	1
GCF_000007185_1	apgM	2
GCF_000007185_1	cdhA	2
GCF_000007185_1	cdhB	1
GCF_000007185_1	cdhC	1
GCF_000007185_1	cdhD	1
GCF_000007185_1	cdhE	1
GCF_000007185_1	cooF	1
GCF_000007185_1	cooS	1
GCF_000007185_1	ehaA	1
GCF_000007185_1	ehaB	1
GCF_000007185_1	ehaC	1
GCF_000007185_1	ehaE	1
GCF_000007185_1	ehaF	1
GCF_000007185_1	ehaG	1
GCF_000007185_1	ehaH	1
GCF_000007185_1	ehaJ	1
GCF_000007185_1	ehaL	1
GCF_000007185_1	ehaN	1
GCF_000007185_1	ehaO	1
GCF_000007185_1	ehaP	1
GCF_000007185_1	ehaQ	1
GCF_000007185_1	ehaR	1
GCF_000007185_1	ehbQ	1
GCF_000007185_1	eno	1
GCF_000007185_1	fae-hps	1
GCF_000007185_1	fbaA	1
GCF_000007185_1	fbp	1
GCF_000007185_1	fdhA	2
GCF_000007185_1	fdhB	1
GCF_000007185_1	folA	1
GCF_000007185_1	fpoC	1
GCF_000007185_1	frhA	2
GCF_000007185_1	frhB	2
GCF_000007185_1	frhD	1
GCF_000007185_1	frhG	2
GCF_000007185_1	frmA	1
GCF_000007185_1	ftr	2
GCF_000007185_1	fwdB	3
GCF_000007185_1	fwdC	1
GCF_000007185_1	fwdE	1
GCF_000007185_1	fwdF	3
GCF_000007185_1	fwdG	1
GCF_000007185_1	glyA	3
GCF_000007185_1	hdrA1	2
GCF_000007185_1	hdrA2	1
GCF_000007185_1	hdrB1	1
GCF_000007185_1	hdrC1	1
GCF_000007185_1	hdrD	1
GCF_000007185_1	hmd	1
GCF_000007185_1	hxlB	1
GCF_000007185_1	mch	2
GCF_000007185_1	mcrA	2
GCF_000007185_1	mcrB	1
GCF_000007185_1	mcrC	1
GCF_000007185_1	mcrD	1
GCF_000007185_1	mcrG	1
GCF_000007185_1	mdh-K00024	1
GCF_000007185_1	mer	1
GCF_000007185_1	mgsA	1
GCF_000007185_1	mgsC	1
GCF_000007185_1	mtd	1
GCF_000007185_1	mtkA	1
GCF_000007185_1	mtkB	2
GCF_000007185_1	mtrA	2
GCF_000007185_1	mtrB	1
GCF_000007185_1	mtrC	1
GCF_000007185_1	mtrD	1
GCF_000007185_1	mtrE	1
GCF_000007185_1	mtrF	1
GCF_000007185_1	mtrG	1
GCF_000007185_1	mtrH	1
GCF_000007185_1	mvhG	1
GCF_000007185_1	narH	1
GCF_000007185_1	pfkB	1
GCF_000007185_1	pfp	1
GCF_000007185_1	porA	2
GCF_000007185_1	porB	2
GCF_000007185_1	porD	1
GCF_000007185_1	porG	2
GCF_000007185_1	pps	1
GCF_000007185_1	pqqE	6
GCF_000007185_1	rnfB	2
GCF_000007185_1	rnfE	1
GCF_000007185_1	serA	5
GCF_000007185_1	serB	2
GCF_000007185_1	vhcA	1
GCF_000007185_1	vhcD	1
GCF_000007185_1	vhcG	1
GCF_000007185_1	vhuA	1
GCF_000007185_1	vhuD	1
GCF_000011005_1	acs	4
GCF_000011005_1	acsC	1
GCF_000011005_1	apgM	3
GCF_000011005_1	cooS	1
GCF_000011005_1	echA	1
GCF_000011005_1	echB	1
GCF_000011005_1	echC	1
GCF_000011005_1	echD	1
GCF_000011005_1	echE	3
GCF_000011005_1	echF	1
GCF_000011005_1	ehaQ	1
GCF_000011005_1	ehbQ	1
GCF_000011005_1	eno	5
GCF_000011005_1	fae-hps	1
GCF_000011005_1	fbaA	3
GCF_000011005_1	fdhA	2
GCF_000011005_1	fdhB	2
GCF_000011005_1	fdoH	1
GCF_000011005_1	folA	2
GCF_000011005_1	fpoB	1
GCF_000011005_1	fpoC	3
GCF_000011005_1	fpoL	1
GCF_000011005_1	frhA	3
GCF_000011005_1	frhB	2
GCF_000011005_1	frhD	2
GCF_000011005_1	frhG	2
GCF_000011005_1	frmA	2
GCF_000011005_1	ftr	1
GCF_000011005_1	fwdB	2
GCF_000011005_1	fwdC	2
GCF_000011005_1	fwdF	2
GCF_000011005_1	fwdG	2
GCF_000011005_1	fwdH	1
GCF_000011005_1	gck	1
GCF_000011005_1	glyA	3
GCF_000011005_1	hdrA1	2
GCF_000011005_1	hdrA2	2
GCF_000011005_1	hdrB1	3
GCF_000011005_1	hdrB2	1
GCF_000011005_1	hdrC1	2
GCF_000011005_1	hdrC2	2
GCF_000011005_1	hdrD	2
GCF_000011005_1	hprA	1
GCF_000011005_1	hxlA	2
GCF_000011005_1	hxlB	1
GCF_000011005_1	mauC	4
GCF_000011005_1	mbhJ	1
GCF_000011005_1	mch	2
GCF_000011005_1	mcrA	1
GCF_000011005_1	mcrB	1
GCF_000011005_1	mcrC	1
GCF_000011005_1	mcrD	2
GCF_000011005_1	mcrG	1
GCF_000011005_1	mer	1
GCF_000011005_1	mgsC	1
GCF_000011005_1	mmoC	1
GCF_000011005_1	mtd	1
GCF_000011005_1	mtkA	1
GCF_000011005_1	mtrA	3
GCF_000011005_1	mtrB	1
GCF_000011005_1	mtrC	1
GCF_000011005_1	mtrD	1
GCF_000011005_1	mtrE	1
GCF_000011005_1	mtrF	1
GCF_000011005_1	mtrG	1
GCF_000011005_1	mtrH	1
GCF_000011005_1	mvhA	1
GCF_000011005_1	mvhD	2
GCF_000011005_1	napH	1
GCF_000011005_1	narH	1
GCF_000011005_1	pfkA	3
GCF_000011005_1	pfkB	2
GCF_000011005_1	pfp	1
GCF_000011005_1	porA	2
GCF_000011005_1	porB	2
GCF_000011005_1	porD	2
GCF_000011005_1	porG	2
GCF_000011005_1	pps	4
GCF_000011005_1	pqqE	7
GCF_000011005_1	pta	2
GCF_000011005_1	rnfB	4
GCF_000011005_1	serA	4
GCF_000011005_1	serB	2
GCF_000011005_1	vhcA	1
GCF_000011005_1	vhcG	1
GCF_000011005_1	vhtG	1
GCF_000011005_1	vhuG	1
GCF_000012805_1	acdA	4
GCF_000012805_1	ackA	1
GCF_000012805_1	acs	3
GCF_000012805_1	apgM	1
GCF_000012805_1	ehbA	1
GCF_000012805_1	ehbE	1
GCF_000012805_1	eno	4
GCF_000012805_1	fbaA	2
GCF_000012805_1	fbp	1
GCF_000012805_1	fdhA	2
GCF_000012805_1	fdhA-K00148	1
GCF_000012805_1	fdhB	1
GCF_000012805_1	fdwB	2
GCF_000012805_1	fghA	1
GCF_000012805_1	folA	6
GCF_000012805_1	fpoA	1
GCF_000012805_1	fpoB	3
GCF_000012805_1	fpoC	1
GCF_000012805_1	fpoD	1
GCF_000012805_1	fpoH	1
GCF_000012805_1	fpoK	2
GCF_000012805_1	fpoL	6
GCF_000012805_1	fpoM	6
GCF_000012805_1	frmA	4
GCF_000012805_1	ftr	1
GCF_000012805_1	fwdB	1
GCF_000012805_1	glyA	13
GCF_000012805_1	gpmB	1
GCF_000012805_1	gpmI	1
GCF_000012805_1	hprA	1
GCF_000012805_1	mch	1
GCF_000012805_1	mdh-K00024	3
GCF_000012805_1	metF	2
GCF_000012805_1	mgsC	3
GCF_000012805_1	mtkA	1
GCF_000012805_1	mtkB	1
GCF_000012805_1	narB	2
GCF_000012805_1	nirK	5
GCF_000012805_1	pfkB	1
GCF_000012805_1	pfp	6
GCF_000012805_1	pmoA	1
GCF_000012805_1	pmoB	1
GCF_000012805_1	pmoC	1
GCF_000012805_1	pps	1
GCF_000012805_1	pqqB	1
GCF_000012805_1	pqqC	1
GCF_000012805_1	pqqD	1
GCF_000012805_1	pqqE	2
GCF_000012805_1	pqqF	1
GCF_000012805_1	psp	1
GCF_000012805_1	pta	5
GCF_000012805_1	rnfA	1
GCF_000012805_1	rnfB	1
GCF_000012805_1	rnfC	1
GCF_000012805_1	rnfD	1
GCF_000012805_1	rnfE	3
GCF_000012805_1	rnfG	1
GCF_000012805_1	serA	2
GCF_000012805_1	serB	4
GCF_000012805_1	serC	1
GCF_000012805_1	torY	1
GCF_000015825_1	acs	5
GCF_000015825_1	apgM	2
GCF_000015825_1	cooS	1
GCF_000015825_1	echA	1
GCF_000015825_1	echB	1
GCF_000015825_1	echE	1
GCF_000015825_1	ehaB	1
GCF_000015825_1	ehaC	1
GCF_000015825_1	ehaE	1
GCF_000015825_1	ehaF	1
GCF_000015825_1	ehaG	1
GCF_000015825_1	ehaH	1
GCF_000015825_1	ehaJ	1
GCF_000015825_1	ehaN	1
GCF_000015825_1	ehaO	1
GCF_000015825_1	ehaQ	1
GCF_000015825_1	ehbQ	1
GCF_000015825_1	eno	3
GCF_000015825_1	fae	1
GCF_000015825_1	fae-hps	1
GCF_000015825_1	fbaA	1
GCF_000015825_1	fbp	1
GCF_000015825_1	fdhA	4
GCF_000015825_1	fdhB	4
GCF_000015825_1	folA	2
GCF_000015825_1	fpoB	1
GCF_000015825_1	fpoC	2
GCF_000015825_1	frhA	1
GCF_000015825_1	frhB	1
GCF_000015825_1	frhD	1
GCF_000015825_1	frhG	1
GCF_000015825_1	frmA	2
GCF_000015825_1	ftr	1
GCF_000015825_1	fwdB	6
GCF_000015825_1	fwdC	3
GCF_000015825_1	fwdG	2
GCF_000015825_1	glyA	2
GCF_000015825_1	gpmI	2
GCF_000015825_1	hdrA1	1
GCF_000015825_1	hdrA2	1
GCF_000015825_1	hdrB1	1
GCF_000015825_1	hdrB2	1
GCF_000015825_1	hdrC2	1
GCF_000015825_1	hdrD	1
GCF_000015825_1	hxlA	2
GCF_000015825_1	hxlB	2
GCF_000015825_1	mauC	5
GCF_000015825_1	mbhJ	1
GCF_000015825_1	mch	3
GCF_000015825_1	mcrA	2
GCF_000015825_1	mcrB	2
GCF_000015825_1	mcrC	1
GCF_000015825_1	mcrD	2
GCF_000015825_1	mcrG	2
GCF_000015825_1	mdh	1
GCF_000015825_1	mdh-K00024	3
GCF_000015825_1	mer	1
GCF_000015825_1	metF	1
GCF_000015825_1	mtd	1
GCF_000015825_1	mtdB	1
GCF_000015825_1	mtkA	1
GCF_000015825_1	mtkB	2
GCF_000015825_1	mtrA	3
GCF_000015825_1	mtrB	1
GCF_000015825_1	mtrC	1
GCF_000015825_1	mtrD	1
GCF_000015825_1	mtrE	1
GCF_000015825_1	mtrF	1
GCF_000015825_1	mtrH	1
GCF_000015825_1	mvhA	1
GCF_000015825_1	mvhD	1
GCF_000015825_1	narH	1
GCF_000015825_1	pfkA	1
GCF_000015825_1	pfp	1
GCF_000015825_1	porA	4
GCF_000015825_1	porB	2
GCF_000015825_1	porD	2
GCF_000015825_1	porG	4
GCF_000015825_1	pps	1
GCF_000015825_1	pqqE	3
GCF_000015825_1	pta	1
GCF_000015825_1	rnfB	2
GCF_000015825_1	rnfE	1
GCF_000015825_1	serA	4
GCF_000015825_1	serC	1
GCF_000015825_1	torZ	1
GCF_000015825_1	vhcG	1
GCF_000018605_1	acdA	1
GCF_000018605_1	ackA	4
GCF_000018605_1	apgM	1
GCF_000018605_1	cooF	1
GCF_000018605_1	ehbA	1
GCF_000018605_1	ehbC	1
GCF_000018605_1	ehbE	1
GCF_000018605_1	ehbF	1
GCF_000018605_1	ehbI	2
GCF_000018605_1	eno	2
GCF_000018605_1	fbaA	2
GCF_000018605_1	fbp	1
GCF_000018605_1	fchA	1
GCF_000018605_1	fdhA	2
GCF_000018605_1	fdhA-K00148	1
GCF_000018605_1	fdwB	1
GCF_000018605_1	fghA	1
GCF_000018605_1	folA	1
GCF_000018605_1	fpoB	2
GCF_000018605_1	fpoC	1
GCF_000018605_1	fpoD	1
GCF_000018605_1	fpoH	1
GCF_000018605_1	fpoL	1
GCF_000018605_1	fpoM	1
GCF_000018605_1	frmA	1
GCF_000018605_1	gck	1
GCF_000018605_1	glpX	1
GCF_000018605_1	glyA	6
GCF_000018605_1	gpmB	1
GCF_000018605_1	hdrA2	1
GCF_000018605_1	mcl	1
GCF_000018605_1	mdh	2
GCF_000018605_1	mdh-K00024	1
GCF_000018605_1	metF	1
GCF_000018605_1	mgsC	1
GCF_000018605_1	mmoC	1
GCF_000018605_1	mtbC	2
GCF_000018605_1	narB	2
GCF_000018605_1	pfkA	1
GCF_000018605_1	pfkB	3
GCF_000018605_1	pfp	5
GCF_000018605_1	porA	3
GCF_000018605_1	porB	3
GCF_000018605_1	porD	1
GCF_000018605_1	porG	3
GCF_000018605_1	pps	1
GCF_000018605_1	pqqE	3
GCF_000018605_1	pta	6
GCF_000018605_1	rnfA	2
GCF_000018605_1	rnfB	3
GCF_000018605_1	rnfC	1
GCF_000018605_1	rnfD	3
GCF_000018605_1	rnfE	2
GCF_000018605_1	serA	5
GCF_000018605_1	serB	1
GCF_000018605_1	serC	1
GCF_000019665_1	acdA	2
GCF_000019665_1	ackA	2
GCF_000019665_1	acs	3
GCF_000019665_1	acsD	1
GCF_000019665_1	eno	3
GCF_000019665_1	fbaA	2
GCF_000019665_1	fbp	1
GCF_000019665_1	fdhA	2
GCF_000019665_1	fdhB	1
GCF_000019665_1	fdhF	1
GCF_000019665_1	fdsD	1
GCF_000019665_1	fdwB	2
GCF_000019665_1	folA	5
GCF_000019665_1	fpoB	1
GCF_000019665_1	fpoC	1
GCF_000019665_1	fpoH	1
GCF_000019665_1	fpoL	1
GCF_000019665_1	fpoM	1
GCF_000019665_1	frhA	1
GCF_000019665_1	frhD	1
GCF_000019665_1	frmA	4
GCF_000019665_1	glpX	1
GCF_000019665_1	glyA	4
GCF_000019665_1	gpmB	1
GCF_000019665_1	hdrA2	1
GCF_000019665_1	hdrD	1
GCF_000019665_1	hxlB	1
GCF_000019665_1	mauA	1
GCF_000019665_1	mauB	1
GCF_000019665_1	mauE	1
GCF_000019665_1	mbhJ	1
GCF_000019665_1	mdh-K00024	2
GCF_000019665_1	metF	2
GCF_000019665_1	mgsA	1
GCF_000019665_1	mgsC	1
GCF_000019665_1	mtkA	1
GCF_000019665_1	mtkB	2
GCF_000019665_1	mxaF	1
GCF_000019665_1	mxaL	1
GCF_000019665_1	narB	3
GCF_000019665_1	nirK	8
GCF_000019665_1	pfkA	1
GCF_000019665_1	pfkB	1
GCF_000019665_1	pfp	2
GCF_000019665_1	pmoA	3
GCF_000019665_1	pmoB	3
GCF_000019665_1	pmoC	4
GCF_000019665_1	ppc	1
GCF_000019665_1	pps	2
GCF_000019665_1	pqqB	2
GCF_000019665_1	pqqC	1
GCF_000019665_1	pqqD	1
GCF_000019665_1	pqqE	2
GCF_000019665_1	pqqF	1
GCF_000019665_1	pta	1
GCF_000019665_1	rnfB	1
GCF_000019665_1	rnfE	2
GCF_000019665_1	serA	4
GCF_000019665_1	serB	1
GCF_000019665_1	vhcA	1
GCF_000019665_1	vhcG	1
GCF_000020945_1	ackA	2
GCF_000020945_1	echB	1
GCF_000020945_1	echE	1
GCF_000020945_1	ehbA	1
GCF_000020945_1	ehbE	1
GCF_000020945_1	ehbH	2
GCF_000020945_1	eno	3
GCF_000020945_1	fbaA	5
GCF_000020945_1	fchA	1
GCF_000020945_1	fdhA	1
GCF_000020945_1	fdhA-K00148	1
GCF_000020945_1	fdhB	1
GCF_000020945_1	folA	4
GCF_000020945_1	fpoN	1
GCF_000020945_1	frmA	1
GCF_000020945_1	glyA	2
GCF_000020945_1	gpmB	2
GCF_000020945_1	hdrA2	1
GCF_000020945_1	hprA	1
GCF_000020945_1	mbhJ	1
GCF_000020945_1	mbhL	1
GCF_000020945_1	mcl	1
GCF_000020945_1	mdh	2
GCF_000020945_1	mdh-K00024	1
GCF_000020945_1	metF	1
GCF_000020945_1	narB	1
GCF_000020945_1	pfkA	2
GCF_000020945_1	pfkB	2
GCF_000020945_1	pfp	2
GCF_000020945_1	porA	4
GCF_000020945_1	porB	2
GCF_000020945_1	porD	1
GCF_000020945_1	porG	3
GCF_000020945_1	pps	1
GCF_000020945_1	pqqE	1
GCF_000020945_1	pta	2
GCF_000020945_1	rnfB	3
GCF_000020945_1	rnfE	1
GCF_000020945_1	serA	2
GCF_000020945_1	serB	1
GCF_000020945_1	torA	1
GCF_000024625_1	apgM	3
GCF_000024625_1	cdhA	1
GCF_000024625_1	cdhB	1
GCF_000024625_1	cdhC	2
GCF_000024625_1	cdhD	1
GCF_000024625_1	cdhE	1
GCF_000024625_1	cooF	1
GCF_000024625_1	cooS	2
GCF_000024625_1	ehaA	1
GCF_000024625_1	ehaB	1
GCF_000024625_1	ehaC	1
GCF_000024625_1	ehaD	1
GCF_000024625_1	ehaE	1
GCF_000024625_1	ehaF	1
GCF_000024625_1	ehaG	1
GCF_000024625_1	ehaH	1
GCF_000024625_1	ehaJ	1
GCF_000024625_1	ehaL	1
GCF_000024625_1	ehaM	1
GCF_000024625_1	ehaN	1
GCF_000024625_1	ehaO	1
GCF_000024625_1	ehaP	1
GCF_000024625_1	ehbA	1
GCF_000024625_1	ehbC	1
GCF_000024625_1	ehbD	1
GCF_000024625_1	ehbE	1
GCF_000024625_1	ehbF	1
GCF_000024625_1	ehbI	1
GCF_000024625_1	ehbJ	1
GCF_000024625_1	ehbK	1
GCF_000024625_1	ehbL	1
GCF_000024625_1	ehbM	1
GCF_000024625_1	ehbN	1
GCF_000024625_1	ehbO	1
GCF_000024625_1	ehbP	1
GCF_000024625_1	ehbQ	1
GCF_000024625_1	eno	3
GCF_000024625_1	fae-hps	1
GCF_000024625_1	fbaA	1
GCF_000024625_1	fbp	2
GCF_000024625_1	fdhA	3
GCF_000024625_1	fdhB	1
GCF_000024625_1	folA	1
GCF_000024625_1	fpoB	1
GCF_000024625_1	fpoC	1
GCF_000024625_1	frhA	2
GCF_000024625_1	frhB	1
GCF_000024625_1	frhD	2
GCF_000024625_1	frhG	2
GCF_000024625_1	frmA	2
GCF_000024625_1	ftr	1
GCF_000024625_1	fwdB	3
GCF_000024625_1	fwdC	1
GCF_000024625_1	fwdE	1
GCF_000024625_1	fwdF	1
GCF_000024625_1	fwdG	1
GCF_000024625_1	glyA	3
GCF_000024625_1	hdrA2	3
GCF_000024625_1	hdrB1	1
GCF_000024625_1	hdrB2	1
GCF_000024625_1	hdrC1	1
GCF_000024625_1	hdrC2	1
GCF_000024625_1	hdrD	1
GCF_000024625_1	hmd	2
GCF_000024625_1	hxlA	1
GCF_000024625_1	hxlB	1
GCF_000024625_1	mch	1
GCF_000024625_1	mcrA	2
GCF_000024625_1	mcrB	2
GCF_000024625_1	mcrC	1
GCF_000024625_1	mcrD	2
GCF_000024625_1	mcrG	2
GCF_000024625_1	mdh-K00024	2
GCF_000024625_1	mer	1
GCF_000024625_1	mtd	1
GCF_000024625_1	mtkA	1
GCF_000024625_1	mtkB	1
GCF_000024625_1	mtrA	2
GCF_000024625_1	mtrB	1
GCF_000024625_1	mtrC	1
GCF_000024625_1	mtrD	1
GCF_000024625_1	mtrE	1
GCF_000024625_1	mtrF	1
GCF_000024625_1	mtrG	1
GCF_000024625_1	mtrH	1
GCF_000024625_1	napH	1
GCF_000024625_1	narH	1
GCF_000024625_1	pfkB	1
GCF_000024625_1	pfkC	1
GCF_000024625_1	pfp	1
GCF_000024625_1	porA	2
GCF_000024625_1	porB	1
GCF_000024625_1	porD	1
GCF_000024625_1	porG	2
GCF_000024625_1	pps	1
GCF_000024625_1	pqqE	4
GCF_000024625_1	rnfB	3
GCF_000024625_1	serA	3
GCF_000024625_1	serB	2
GCF_000024625_1	vhcA	1
GCF_000024625_1	vhcD	1
GCF_000024625_1	vhcG	1
GCF_000024625_1	vhuA	1
GCF_000024625_1	vhuG	1
GCF_000143085_1	acdA	2
GCF_000143085_1	ackA	2
GCF_000143085_1	acs	2
GCF_000143085_1	ehbA	1
GCF_000143085_1	ehbE	1
GCF_000143085_1	eno	4
GCF_000143085_1	fbaA	2
GCF_000143085_1	fbp	1
GCF_000143085_1	fdhA	2
GCF_000143085_1	fdhB	1
GCF_000143085_1	fdwB	2
GCF_000143085_1	fghA	1
GCF_000143085_1	folA	8
GCF_000143085_1	fpoA	1
GCF_000143085_1	fpoB	3
GCF_000143085_1	fpoC	1
GCF_000143085_1	fpoD	1
GCF_000143085_1	fpoH	1
GCF_000143085_1	fpoK	2
GCF_000143085_1	fpoL	5
GCF_000143085_1	fpoM	5
GCF_000143085_1	fpoN	1
GCF_000143085_1	frmA	4
GCF_000143085_1	ftr	1
GCF_000143085_1	glpX	1
GCF_000143085_1	glyA	12
GCF_000143085_1	gpmB	1
GCF_000143085_1	gpmI	1
GCF_000143085_1	hdrD	1
GCF_000143085_1	hprA	1
GCF_000143085_1	mch	1
GCF_000143085_1	mcl	1
GCF_000143085_1	mdh-K00024	2
GCF_000143085_1	metF	2
GCF_000143085_1	mgsC	2
GCF_000143085_1	mtkA	1
GCF_000143085_1	mtkB	1
GCF_000143085_1	narB	1
GCF_000143085_1	nirK	3
GCF_000143085_1	pfkB	1
GCF_000143085_1	pfp	6
GCF_000143085_1	pmoA	1
GCF_000143085_1	pmoB	1
GCF_000143085_1	pmoC	1
GCF_000143085_1	pps	1
GCF_000143085_1	pqqB	1
GCF_000143085_1	pqqC	1
GCF_000143085_1	pqqD	1
GCF_000143085_1	pqqE	2
GCF_000143085_1	pqqF	1
GCF_000143085_1	pta	3
GCF_000143085_1	rnfA	1
GCF_000143085_1	rnfB	1
GCF_000143085_1	rnfC	1
GCF_000143085_1	rnfD	1
GCF_000143085_1	rnfE	3
GCF_000143085_1	rnfG	1
GCF_000143085_1	serA	2
GCF_000143085_1	serB	4
GCF_000143085_1	serC	1
GCF_000143085_1	torY	1
GCF_000153625_3	acdA	7
GCF_000153625_3	ackA	4
GCF_000153625_3	eno	1
GCF_000153625_3	fbaA	1
GCF_000153625_3	fbp	2
GCF_000153625_3	fchA	1
GCF_000153625_3	folA	4
GCF_000153625_3	fpoB	1
GCF_000153625_3	frmA	1
GCF_000153625_3	gfa	1
GCF_000153625_3	glpX	2
GCF_000153625_3	glyA	3
GCF_000153625_3	gpmB	2
GCF_000153625_3	hprA	1
GCF_000153625_3	hxlB	1
GCF_000153625_3	mdh	3
GCF_000153625_3	mdh-K00024	2
GCF_000153625_3	metF	1
GCF_000153625_3	mtbC	3
GCF_000153625_3	pfkA	2
GCF_000153625_3	pfkB	1
GCF_000153625_3	pfp	2
GCF_000153625_3	pps	1
GCF_000153625_3	pqqF	1
GCF_000153625_3	pta	4
GCF_000153625_3	rnfA	1
GCF_000153625_3	rnfB	2
GCF_000153625_3	rnfC	1
GCF_000153625_3	rnfD	1
GCF_000153625_3	rnfE	2
GCF_000153625_3	rnfG	1
GCF_000153625_3	serA	5
GCF_000153625_3	serB	3
GCF_000212395_1	acdA	1
GCF_000212395_1	acs	4
GCF_000212395_1	apgM	1
GCF_000212395_1	cooF	1
GCF_000212395_1	cooS	2
GCF_000212395_1	echB	2
GCF_000212395_1	echE	3
GCF_000212395_1	eno	3
GCF_000212395_1	fbaA	4
GCF_000212395_1	fbp	3
GCF_000212395_1	fdhA	4
GCF_000212395_1	fdhF	1
GCF_000212395_1	fdoH	2
GCF_000212395_1	fdoI	3
GCF_000212395_1	folA	3
GCF_000212395_1	fpoB	3
GCF_000212395_1	fpoC	1
GCF_000212395_1	fpoD	1
GCF_000212395_1	fpoH	1
GCF_000212395_1	fpoJ	1
GCF_000212395_1	fpoK	1
GCF_000212395_1	fpoL	2
GCF_000212395_1	fpoM	2
GCF_000212395_1	fpoN	2
GCF_000212395_1	frhD	1
GCF_000212395_1	frmA	2
GCF_000212395_1	glyA	6
GCF_000212395_1	gpmB	1
GCF_000212395_1	gpmI	1
GCF_000212395_1	hdrA1	3
GCF_000212395_1	hdrA2	5
GCF_000212395_1	hdrB1	1
GCF_000212395_1	hdrC1	1
GCF_000212395_1	hdrC2	1
GCF_000212395_1	hdrD	4
GCF_000212395_1	hprA	1
GCF_000212395_1	hxlB	1
GCF_000212395_1	mbhJ	2
GCF_000212395_1	mdh	1
GCF_000212395_1	mdh-K00024	1
GCF_000212395_1	metF	3
GCF_000212395_1	mgsC	3
GCF_000212395_1	mmoC	1
GCF_000212395_1	mtkA	1
GCF_000212395_1	mtkB	1
GCF_000212395_1	mvhA	2
GCF_000212395_1	mvhD	2
GCF_000212395_1	mvhG	1
GCF_000212395_1	narB	1
GCF_000212395_1	narG	1
GCF_000212395_1	narH	2
GCF_000212395_1	narZ	1
GCF_000212395_1	pfkB	1
GCF_000212395_1	pfp	1
GCF_000212395_1	porA	4
GCF_000212395_1	porB	2
GCF_000212395_1	porD	2
GCF_000212395_1	porG	4
GCF_000212395_1	pps	1
GCF_000212395_1	pqqE	5
GCF_000212395_1	pqqF	1
GCF_000212395_1	pta	2
GCF_000212395_1	rnfB	4
GCF_000212395_1	rnfE	1
GCF_000212395_1	serA	3
GCF_000212395_1	serB	2
GCF_000212395_1	vhtG	1
GCF_000242715_1	acdA	40
GCF_000242715_1	acdB	3
GCF_000242715_1	ackA	1
GCF_000242715_1	acs	19
GCF_000242715_1	echB	1
GCF_000242715_1	eno	5
GCF_000242715_1	fbaA	8
GCF_000242715_1	fbp	1
GCF_000242715_1	fdhA	1
GCF_000242715_1	fdhA-K00148	2
GCF_000242715_1	fdm	2
GCF_000242715_1	fdoI	1
GCF_000242715_1	fdwB	3
GCF_000242715_1	folA	14
GCF_000242715_1	fpoA	2
GCF_000242715_1	fpoB	7
GCF_000242715_1	fpoC	1
GCF_000242715_1	fpoD	2
GCF_000242715_1	fpoH	1
GCF_000242715_1	fpoJ	1
GCF_000242715_1	fpoK	2
GCF_000242715_1	fpoL	1
GCF_000242715_1	fpoM	2
GCF_000242715_1	fpoN	2
GCF_000242715_1	frmA	16
GCF_000242715_1	frmB	1
GCF_000242715_1	glpX	3
GCF_000242715_1	glyA	34
GCF_000242715_1	gpmB	10
GCF_000242715_1	gpmI	1
GCF_000242715_1	hdrD	2
GCF_000242715_1	hprA	4
GCF_000242715_1	hxlA	1
GCF_000242715_1	hxlB	2
GCF_000242715_1	mauC	3
GCF_000242715_1	mbhJ	1
GCF_000242715_1	mcl	7
GCF_000242715_1	mdh	3
GCF_000242715_1	mdh-K00024	9
GCF_000242715_1	mer	15
GCF_000242715_1	metF	6
GCF_000242715_1	mgsA	1
GCF_000242715_1	mgsB	1
GCF_000242715_1	mgsC	2
GCF_000242715_1	mmoC	10
GCF_000242715_1	mtbC	2
GCF_000242715_1	mtkA	1
GCF_000242715_1	mtkB	3
GCF_000242715_1	narB	9
GCF_000242715_1	narG	3
GCF_000242715_1	narY	1
GCF_000242715_1	nirK	3
GCF_000242715_1	pfkA	6
GCF_000242715_1	pfkB	2
GCF_000242715_1	pfp	4
GCF_000242715_1	porA	2
GCF_000242715_1	porB	1
GCF_000242715_1	porD	1
GCF_000242715_1	porG	1
GCF_000242715_1	ppc	1
GCF_000242715_1	pps	9
GCF_000242715_1	pqqB	1
GCF_000242715_1	pqqC	1
GCF_000242715_1	pqqD	1
GCF_000242715_1	pqqE	5
GCF_000242715_1	pqqF	1
GCF_000242715_1	pta	9
GCF_000242715_1	rnfB	3
GCF_000242715_1	rnfE	2
GCF_000242715_1	serA	15
GCF_000242715_1	serB	11
GCF_000242715_1	tmm	2
GCF_000242715_1	torZ	1
GCF_000242715_1	vhcA	1
GCF_000242715_1	vhcG	1
GCF_000376965_1	apgM	3
GCF_000376965_1	cdhA	2
GCF_000376965_1	cdhB	2
GCF_000376965_1	cdhC	1
GCF_000376965_1	cdhD	1
GCF_000376965_1	cdhE	1
GCF_000376965_1	cooF	1
GCF_000376965_1	cooS	1
GCF_000376965_1	ehaA	1
GCF_000376965_1	ehaB	1
GCF_000376965_1	ehaC	1
GCF_000376965_1	ehaD	1
GCF_000376965_1	ehaE	1
GCF_000376965_1	ehaF	1
GCF_000376965_1	ehaG	1
GCF_000376965_1	ehaH	1
GCF_000376965_1	ehaJ	1
GCF_000376965_1	ehaL	1
GCF_000376965_1	ehaN	1
GCF_000376965_1	ehaO	1
GCF_000376965_1	ehaP	1
GCF_000376965_1	ehbA	1
GCF_000376965_1	ehbB	1
GCF_000376965_1	ehbC	1
GCF_000376965_1	ehbD	1
GCF_000376965_1	ehbE	1
GCF_000376965_1	ehbF	1
GCF_000376965_1	ehbI	1
GCF_000376965_1	ehbJ	1
GCF_000376965_1	ehbK	1
GCF_000376965_1	ehbL	1
GCF_000376965_1	ehbM	1
GCF_000376965_1	ehbN	1
GCF_000376965_1	ehbO	1
GCF_000376965_1	ehbP	1
GCF_000376965_1	ehbQ	1
GCF_000376965_1	eno	3
GCF_000376965_1	fae-hps	1
GCF_000376965_1	fbaA	1
GCF_000376965_1	fbp	1
GCF_000376965_1	fdhA	3
GCF_000376965_1	fdhB	3
GCF_000376965_1	folA	2
GCF_000376965_1	fpoB	1
GCF_000376965_1	fpoC	1
GCF_000376965_1	frhA	2
GCF_000376965_1	frhB	4
GCF_000376965_1	frhD	4
GCF_000376965_1	frhG	2
GCF_000376965_1	frmA	1
GCF_000376965_1	ftr	1
GCF_000376965_1	fwdB	5
GCF_000376965_1	fwdC	2
GCF_000376965_1	fwdE	2
GCF_000376965_1	fwdF	4
GCF_000376965_1	fwdG	3
GCF_000376965_1	glyA	1
GCF_000376965_1	hdrA2	3
GCF_000376965_1	hdrB1	1
GCF_000376965_1	hdrB2	1
GCF_000376965_1	hdrC1	1
GCF_000376965_1	hdrC2	1
GCF_000376965_1	hdrD	1
GCF_000376965_1	hmd	1
GCF_000376965_1	hxlA	1
GCF_000376965_1	hxlB	1
GCF_000376965_1	mch	1
GCF_000376965_1	mcrA	2
GCF_000376965_1	mcrB	2
GCF_000376965_1	mcrC	1
GCF_000376965_1	mcrD	2
GCF_000376965_1	mcrG	2
GCF_000376965_1	mdh-K00024	2
GCF_000376965_1	mer	1
GCF_000376965_1	mmoC	1
GCF_000376965_1	mtaA	2
GCF_000376965_1	mtbA	1
GCF_000376965_1	mtbC	1
GCF_000376965_1	mtd	4
GCF_000376965_1	mtkB	1
GCF_000376965_1	mtrA	3
GCF_000376965_1	mtrB	1
GCF_000376965_1	mtrC	1
GCF_000376965_1	mtrD	1
GCF_000376965_1	mtrE	1
GCF_000376965_1	mtrG	1
GCF_000376965_1	mtrH	1
GCF_000376965_1	napH	1
GCF_000376965_1	narB	2
GCF_000376965_1	narH	1
GCF_000376965_1	pfkB	2
GCF_000376965_1	pfkC	1
GCF_000376965_1	pfp	1
GCF_000376965_1	porA	5
GCF_000376965_1	porB	4
GCF_000376965_1	porD	2
GCF_000376965_1	porG	3
GCF_000376965_1	pps	1
GCF_000376965_1	pqqE	2
GCF_000376965_1	pta	1
GCF_000376965_1	rnfB	2
GCF_000376965_1	rnfE	1
GCF_000376965_1	serA	2
GCF_000376965_1	serB	1
GCF_000376965_1	vhcA	1
GCF_000376965_1	vhcD	1
GCF_000376965_1	vhcG	1
GCF_000376965_1	vhuA	1
GCF_000376965_1	vhuG	1
GCF_000379125_1	acdA	9
GCF_000379125_1	acdB	2
GCF_000379125_1	ackA	3
GCF_000379125_1	acs	6
GCF_000379125_1	eno	1
GCF_000379125_1	fae	3
GCF_000379125_1	fbaA	3
GCF_000379125_1	fbp	3
GCF_000379125_1	fchA	1
GCF_000379125_1	fdhA	2
GCF_000379125_1	fdhA-K00148	3
GCF_000379125_1	fdhF	1
GCF_000379125_1	fdsD	1
GCF_000379125_1	fdwB	2
GCF_000379125_1	fmdB	1
GCF_000379125_1	folA	7
GCF_000379125_1	fpoA	1
GCF_000379125_1	fpoB	4
GCF_000379125_1	fpoC	1
GCF_000379125_1	fpoD	2
GCF_000379125_1	fpoK	1
GCF_000379125_1	fpoL	1
GCF_000379125_1	fpoM	1
GCF_000379125_1	frhA	1
GCF_000379125_1	frhD	1
GCF_000379125_1	frmA	3
GCF_000379125_1	ftr	1
GCF_000379125_1	gck	1
GCF_000379125_1	glpX	1
GCF_000379125_1	glyA	14
GCF_000379125_1	gpmB	1
GCF_000379125_1	hprA	2
GCF_000379125_1	mauC	4
GCF_000379125_1	mch	1
GCF_000379125_1	mcl	5
GCF_000379125_1	mdh-K00024	1
GCF_000379125_1	mer	3
GCF_000379125_1	metF	2
GCF_000379125_1	mgsA	1
GCF_000379125_1	mgsC	1
GCF_000379125_1	mmoB	1
GCF_000379125_1	mmoC	1
GCF_000379125_1	mmoD	1
GCF_000379125_1	mmoX	1
GCF_000379125_1	mmoY	1
GCF_000379125_1	mmoZ	1
GCF_000379125_1	mtdA	1
GCF_000379125_1	mtkA	2
GCF_000379125_1	mtkB	2
GCF_000379125_1	mvhA	1
GCF_000379125_1	mxaA	1
GCF_000379125_1	mxaC	2
GCF_000379125_1	mxaD	2
GCF_000379125_1	mxaF	2
GCF_000379125_1	mxaG	1
GCF_000379125_1	mxaI	1
GCF_000379125_1	mxaJ	1
GCF_000379125_1	mxaK	1
GCF_000379125_1	mxaL	1
GCF_000379125_1	narB	3
GCF_000379125_1	narH	1
GCF_000379125_1	nirK	1
GCF_000379125_1	nirS	1
GCF_000379125_1	pfp	6
GCF_000379125_1	pmoA	3
GCF_000379125_1	pmoB	3
GCF_000379125_1	pmoC	4
GCF_000379125_1	ppc	2
GCF_000379125_1	pps	1
GCF_000379125_1	pqqB	1
GCF_000379125_1	pqqC	1
GCF_000379125_1	pqqE	2
GCF_000379125_1	pqqF	1
GCF_000379125_1	pta	7
GCF_000379125_1	rnfE	2
GCF_000379125_1	serA	2
GCF_000379125_1	serB	3
GCF_000379125_1	serC	2
GCF_000379125_1	vhtG	1
GCF_000379125_1	vhuG	1
GCF_000379125_1	xoxF5	2
GCF_000485555_1	ackA	1
GCF_000485555_1	eno	3
GCF_000485555_1	fbaA	3
GCF_000485555_1	frmA	2
GCF_000485555_1	glyA	1
GCF_000485555_1	gpmI	2
GCF_000485555_1	mdh-K00024	4
GCF_000485555_1	pfp	1
GCF_000485555_1	pta	2
GCF_000737575_1	ackA	1
GCF_000737575_1	acs	1
GCF_000737575_1	acsD	1
GCF_000737575_1	eno	4
GCF_000737575_1	fbaA	3
GCF_000737575_1	fbp	1
GCF_000737575_1	folA	2
GCF_000737575_1	fpoA	1
GCF_000737575_1	fpoB	2
GCF_000737575_1	fpoC	1
GCF_000737575_1	fpoD	1
GCF_000737575_1	fpoH	1
GCF_000737575_1	fpoI	1
GCF_000737575_1	fpoJ	1
GCF_000737575_1	fpoK	1
GCF_000737575_1	fpoL	2
GCF_000737575_1	fpoM	3
GCF_000737575_1	frmA	2
GCF_000737575_1	glpX	1
GCF_000737575_1	glyA	4
GCF_000737575_1	gpmB	2
GCF_000737575_1	hxlB	1
GCF_000737575_1	mauC	1
GCF_000737575_1	mdh-K00024	2
GCF_000737575_1	mmoC	1
GCF_000737575_1	mtbA	1
GCF_000737575_1	mtrA	1
GCF_000737575_1	napH	1
GCF_000737575_1	narB	1
GCF_000737575_1	pfp	5
GCF_000737575_1	ppc	1
GCF_000737575_1	pqqA	1
GCF_000737575_1	pqqF	1
GCF_000737575_1	pta	1
GCF_000737575_1	rnfB	2
GCF_000737575_1	rnfE	1
GCF_000737575_1	serA	3
GCF_000737575_1	serB	2
GCF_000739065_1	acs	1
GCF_000739065_1	apgM	3
GCF_000739065_1	cdhA	1
GCF_000739065_1	cdhB	1
GCF_000739065_1	cdhC	2
GCF_000739065_1	cdhD	1
GCF_000739065_1	cdhE	1
GCF_000739065_1	cooF	1
GCF_000739065_1	cooS	2
GCF_000739065_1	ehaA	1
GCF_000739065_1	ehaB	1
GCF_000739065_1	ehaC	1
GCF_000739065_1	ehaD	1
GCF_000739065_1	ehaE	1
GCF_000739065_1	ehaF	1
GCF_000739065_1	ehaG	1
GCF_000739065_1	ehaH	1
GCF_000739065_1	ehaJ	1
GCF_000739065_1	ehaL	1
GCF_000739065_1	ehaM	1
GCF_000739065_1	ehaN	1
GCF_000739065_1	ehaO	1
GCF_000739065_1	ehaP	1
GCF_000739065_1	ehbA	1
GCF_000739065_1	ehbB	1
GCF_000739065_1	ehbC	1
GCF_000739065_1	ehbD	1
GCF_000739065_1	ehbE	1
GCF_000739065_1	ehbF	1
GCF_000739065_1	ehbI	1
GCF_000739065_1	ehbJ	1
GCF_000739065_1	ehbK	1
GCF_000739065_1	ehbL	1
GCF_000739065_1	ehbM	1
GCF_000739065_1	ehbN	1
GCF_000739065_1	ehbO	1
GCF_000739065_1	ehbP	1
GCF_000739065_1	ehbQ	1
GCF_000739065_1	eno	2
GCF_000739065_1	fae-hps	1
GCF_000739065_1	fbaA	2
GCF_000739065_1	fdhA	3
GCF_000739065_1	fdhB	1
GCF_000739065_1	fmdB	2
GCF_000739065_1	fmdC	1
GCF_000739065_1	folA	1
GCF_000739065_1	fpoB	1
GCF_000739065_1	fpoC	1
GCF_000739065_1	frhA	2
GCF_000739065_1	frhB	2
GCF_000739065_1	frhD	2
GCF_000739065_1	frhG	2
GCF_000739065_1	frmA	2
GCF_000739065_1	ftr	1
GCF_000739065_1	fwdB	2
GCF_000739065_1	fwdC	1
GCF_000739065_1	fwdF	1
GCF_000739065_1	fwdG	3
GCF_000739065_1	glyA	3
GCF_000739065_1	hdrA2	2
GCF_000739065_1	hdrB2	1
GCF_000739065_1	hdrC2	1
GCF_000739065_1	hdrD	1
GCF_000739065_1	hmd	1
GCF_000739065_1	hxlA	1
GCF_000739065_1	hxlB	1
GCF_000739065_1	mch	1
GCF_000739065_1	mcrA	2
GCF_000739065_1	mcrB	2
GCF_000739065_1	mcrC	1
GCF_000739065_1	mcrD	2
GCF_000739065_1	mcrG	2
GCF_000739065_1	mdh	1
GCF_000739065_1	mdh-K00024	1
GCF_000739065_1	mer	1
GCF_000739065_1	mtd	1
GCF_000739065_1	mtkB	1
GCF_000739065_1	mtrA	2
GCF_000739065_1	mtrB	2
GCF_000739065_1	mtrC	2
GCF_000739065_1	mtrD	1
GCF_000739065_1	mtrE	1
GCF_000739065_1	mtrG	1
GCF_000739065_1	mtrH	1
GCF_000739065_1	napH	2
GCF_000739065_1	narH	1
GCF_000739065_1	pfkB	2
GCF_000739065_1	pfkC	1
GCF_000739065_1	pfp	1
GCF_000739065_1	porA	1
GCF_000739065_1	porB	1
GCF_000739065_1	porD	1
GCF_000739065_1	porG	2
GCF_000739065_1	pps	1
GCF_000739065_1	pqqE	3
GCF_000739065_1	rnfA	1
GCF_000739065_1	rnfB	4
GCF_000739065_1	serA	1
GCF_000739065_1	serB	2
GCF_000739065_1	serC	1
GCF_000739065_1	vhuA	1
GCF_000739065_1	vhuG	1
GCF_000817245_1	acdA	2
GCF_000817245_1	ackA	2
GCF_000817245_1	acs	4
GCF_000817245_1	echB	1
GCF_000817245_1	eno	3
GCF_000817245_1	fbaA	3
GCF_000817245_1	fbp	1
GCF_000817245_1	fdhA	2
GCF_000817245_1	fdhB	1
GCF_000817245_1	fdhF	1
GCF_000817245_1	fdsD	1
GCF_000817245_1	fdwB	2
GCF_000817245_1	folA	4
GCF_000817245_1	fpoA	1
GCF_000817245_1	fpoB	1
GCF_000817245_1	fpoC	1
GCF_000817245_1	fpoH	1
GCF_000817245_1	fpoJ	1
GCF_000817245_1	fpoK	1
GCF_000817245_1	fpoL	1
GCF_000817245_1	fpoM	2
GCF_000817245_1	fpoN	1
GCF_000817245_1	frhA	1
GCF_000817245_1	frhD	1
GCF_000817245_1	frmA	3
GCF_000817245_1	glpX	2
GCF_000817245_1	glyA	4
GCF_000817245_1	gpmB	1
GCF_000817245_1	hdrA2	2
GCF_000817245_1	hdrD	1
GCF_000817245_1	hxlB	1
GCF_000817245_1	mauA	1
GCF_000817245_1	mauB	1
GCF_000817245_1	mauE	1
GCF_000817245_1	mbhJ	1
GCF_000817245_1	mdh-K00024	2
GCF_000817245_1	metF	2
GCF_000817245_1	mgsC	1
GCF_000817245_1	mtkB	2
GCF_000817245_1	mxaF	1
GCF_000817245_1	mxaL	1
GCF_000817245_1	narB	1
GCF_000817245_1	nirK	4
GCF_000817245_1	pfkA	2
GCF_000817245_1	pfkB	1
GCF_000817245_1	pfp	2
GCF_000817245_1	pmoA	4
GCF_000817245_1	pmoB	2
GCF_000817245_1	pmoC	5
GCF_000817245_1	ppc	1
GCF_000817245_1	pps	3
GCF_000817245_1	pqqB	1
GCF_000817245_1	pqqC	1
GCF_000817245_1	pqqD	1
GCF_000817245_1	pqqE	3
GCF_000817245_1	pqqF	1
GCF_000817245_1	pta	2
GCF_000817245_1	rnfE	1
GCF_000817245_1	serA	6
GCF_000817245_1	serB	1
GCF_000817245_1	vhcA	1
GCF_000817245_1	vhcG	1
GCF_000817245_1	vhtG	1
GCF_001263175_1	acdA	10
GCF_001263175_1	acdB	1
GCF_001263175_1	ackA	1
GCF_001263175_1	acs	6
GCF_001263175_1	eno	2
GCF_001263175_1	fbaA	1
GCF_001263175_1	fbaB	1
GCF_001263175_1	fdhA	2
GCF_001263175_1	fdhA-K00148	1
GCF_001263175_1	fdhB	2
GCF_001263175_1	fdwB	2
GCF_001263175_1	fghA	1
GCF_001263175_1	folA	4
GCF_001263175_1	fpoA	1
GCF_001263175_1	fpoB	2
GCF_001263175_1	fpoC	1
GCF_001263175_1	fpoD	1
GCF_001263175_1	fpoH	1
GCF_001263175_1	fpoK	1
GCF_001263175_1	frhD	1
GCF_001263175_1	frmA	8
GCF_001263175_1	gck	1
GCF_001263175_1	glpX	1
GCF_001263175_1	glyA	4
GCF_001263175_1	gpmI	2
GCF_001263175_1	hdrD	1
GCF_001263175_1	hxlB	2
GCF_001263175_1	mauC	1
GCF_001263175_1	mcl	2
GCF_001263175_1	mdh	1
GCF_001263175_1	mdh-K00024	7
GCF_001263175_1	mgsC	1
GCF_001263175_1	mtkB	1
GCF_001263175_1	mxaC	1
GCF_001263175_1	mxaL	1
GCF_001263175_1	narB	1
GCF_001263175_1	narH	1
GCF_001263175_1	nirK	1
GCF_001263175_1	nrfA	1
GCF_001263175_1	nrfH	1
GCF_001263175_1	pfkA	3
GCF_001263175_1	pfp	2
GCF_001263175_1	ppc	3
GCF_001263175_1	pps	1
GCF_001263175_1	pqqE	1
GCF_001263175_1	pqqF	4
GCF_001263175_1	pta	6
GCF_001263175_1	rnfB	1
GCF_001263175_1	rnfE	1
GCF_001263175_1	rnfG	1
GCF_001263175_1	serA	3
GCF_001263175_1	serB	4
GCF_001263175_1	serC	2
GCF_001458735_1	acdA	1
GCF_001458735_1	ackA	2
GCF_001458735_1	acs	7
GCF_001458735_1	acsD	1
GCF_001458735_1	amoA	2
GCF_001458735_1	amoB	1
GCF_001458735_1	amoC	4
GCF_001458735_1	apgM	1
GCF_001458735_1	echB	1
GCF_001458735_1	eno	3
GCF_001458735_1	fbaA	1
GCF_001458735_1	fbaB	1
GCF_001458735_1	fbp	3
GCF_001458735_1	fdhA	3
GCF_001458735_1	fdhA-K00148	3
GCF_001458735_1	fdwB	2
GCF_001458735_1	folA	5
GCF_001458735_1	fpoA	2
GCF_001458735_1	fpoB	2
GCF_001458735_1	fpoC	1
GCF_001458735_1	fpoH	1
GCF_001458735_1	fpoJ	3
GCF_001458735_1	fpoK	1
GCF_001458735_1	fpoM	4
GCF_001458735_1	fpoN	1
GCF_001458735_1	frmA	3
GCF_001458735_1	gck	1
GCF_001458735_1	glpX	1
GCF_001458735_1	glyA	9
GCF_001458735_1	gpmB	1
GCF_001458735_1	gpmI	2
GCF_001458735_1	hdrD	1
GCF_001458735_1	hmd	1
GCF_001458735_1	hxlB	1
GCF_001458735_1	mauC	3
GCF_001458735_1	mbhJ	1
GCF_001458735_1	mdh-K00024	2
GCF_001458735_1	mgsA	1
GCF_001458735_1	mgsC	1
GCF_001458735_1	mtkA	2
GCF_001458735_1	mtkB	2
GCF_001458735_1	narB	5
GCF_001458735_1	narH	2
GCF_001458735_1	nirK	4
GCF_001458735_1	nirS	1
GCF_001458735_1	nxrA	2
GCF_001458735_1	pfkA	1
GCF_001458735_1	pfp	7
GCF_001458735_1	porA	2
GCF_001458735_1	porB	3
GCF_001458735_1	porG	2
GCF_001458735_1	pps	2
GCF_001458735_1	pqqA	1
GCF_001458735_1	pqqE	2
GCF_001458735_1	pqqF	1
GCF_001458735_1	pta	2
GCF_001458735_1	rnfD	1
GCF_001458735_1	rnfE	3
GCF_001458735_1	rnfG	1
GCF_001458735_1	serA	4
GCF_001458735_1	serB	3
GCF_001458735_1	thrH	1
GCF_001458735_1	tmm	1
GCF_001458735_1	torY	2
GCF_001458735_1	vhcA	1
GCF_001458735_1	vhuG	1
GCF_001477655_1	acs	1
GCF_001477655_1	apgM	3
GCF_001477655_1	cooF	1
GCF_001477655_1	cooS	1
GCF_001477655_1	ehaB	1
GCF_001477655_1	ehaC	1
GCF_001477655_1	ehaD	1
GCF_001477655_1	ehaE	1
GCF_001477655_1	ehaF	1
GCF_001477655_1	ehaG	1
GCF_001477655_1	ehaH	1
GCF_001477655_1	ehaI	1
GCF_001477655_1	ehaJ	1
GCF_001477655_1	ehaK	1
GCF_001477655_1	ehaL	1
GCF_001477655_1	ehaM	1
GCF_001477655_1	ehaN	1
GCF_001477655_1	ehaO	1
GCF_001477655_1	ehaP	1
GCF_001477655_1	ehaQ	1
GCF_001477655_1	ehaR	1
GCF_001477655_1	ehbA	1
GCF_001477655_1	ehbB	1
GCF_001477655_1	ehbC	1
GCF_001477655_1	ehbD	1
GCF_001477655_1	ehbE	1
GCF_001477655_1	ehbF	1
GCF_001477655_1	ehbG	1
GCF_001477655_1	ehbH	1
GCF_001477655_1	ehbI	1
GCF_001477655_1	ehbJ	1
GCF_001477655_1	ehbK	2
GCF_001477655_1	ehbL	1
GCF_001477655_1	ehbM	1
GCF_001477655_1	ehbN	1
GCF_001477655_1	ehbO	1
GCF_001477655_1	ehbP	1
GCF_001477655_1	ehbQ	1
GCF_001477655_1	eno	2
GCF_001477655_1	fae-hps	1
GCF_001477655_1	fbaA	1
GCF_001477655_1	fdhA	2
GCF_001477655_1	fdhB	2
GCF_001477655_1	fdm	1
GCF_001477655_1	folA	1
GCF_001477655_1	fpoC	2
GCF_001477655_1	frhA	1
GCF_001477655_1	frhB	2
GCF_001477655_1	frhD	3
GCF_001477655_1	frhG	1
GCF_001477655_1	frmA	4
GCF_001477655_1	frmB	1
GCF_001477655_1	ftr	2
GCF_001477655_1	fwdB	1
GCF_001477655_1	fwdC	1
GCF_001477655_1	fwdF	2
GCF_001477655_1	fwdG	1
GCF_001477655_1	fwdH	1
GCF_001477655_1	glyA	2
GCF_001477655_1	gpmI	1
GCF_001477655_1	hdrA2	2
GCF_001477655_1	hdrB1	1
GCF_001477655_1	hdrC1	1
GCF_001477655_1	hdrC2	1
GCF_001477655_1	hdrD	2
GCF_001477655_1	hmd	2
GCF_001477655_1	hxlA	1
GCF_001477655_1	hxlB	1
GCF_001477655_1	mch	1
GCF_001477655_1	mcrA	2
GCF_001477655_1	mcrB	2
GCF_001477655_1	mcrC	1
GCF_001477655_1	mcrD	2
GCF_001477655_1	mcrG	2
GCF_001477655_1	mdh-K00024	3
GCF_001477655_1	mer	1
GCF_001477655_1	mgsA	1
GCF_001477655_1	mgsC	3
GCF_001477655_1	mmoC	1
GCF_001477655_1	mtd	2
GCF_001477655_1	mtkA	1
GCF_001477655_1	mtkB	2
GCF_001477655_1	mtrA	3
GCF_001477655_1	mtrB	1
GCF_001477655_1	mtrC	1
GCF_001477655_1	mtrD	1
GCF_001477655_1	mtrE	1
GCF_001477655_1	mtrF	1
GCF_001477655_1	mtrG	1
GCF_001477655_1	mtrH	2
GCF_001477655_1	mvhA	1
GCF_001477655_1	mvhD	1
GCF_001477655_1	mvhG	1
GCF_001477655_1	napH	1
GCF_001477655_1	narB	1
GCF_001477655_1	pfkB	2
GCF_001477655_1	porA	3
GCF_001477655_1	porB	2
GCF_001477655_1	porD	3
GCF_001477655_1	porG	4
GCF_001477655_1	pps	1
GCF_001477655_1	pqqE	2
GCF_001477655_1	rnfB	2
GCF_001477655_1	serA	1
GCF_001477655_1	serB	1
GCF_001477655_1	serC	1
GCF_001477655_1	vhcD	1
GCF_001902575_1	ackA	2
GCF_001902575_1	eno	1
GCF_001902575_1	fbaA	5
GCF_001902575_1	fghA	1
GCF_001902575_1	folA	2
GCF_001902575_1	fpoB	1
GCF_001902575_1	frmA	1
GCF_001902575_1	glpX	2
GCF_001902575_1	gpmB	1
GCF_001902575_1	hxlA	1
GCF_001902575_1	hxlB	1
GCF_001902575_1	mdh	1
GCF_001902575_1	mdh-K00024	2
GCF_001902575_1	narB	1
GCF_001902575_1	pfkA	1
GCF_001902575_1	pfkB	2
GCF_001902575_1	pfp	1
GCF_001902575_1	ppc	2
GCF_001902575_1	pta	4
GCF_001902575_1	rnfE	2
GCF_001902575_1	serA	2
GCF_001902575_1	serB	2
GCF_002201895_1	apgM	2
GCF_002201895_1	cdhA	2
GCF_002201895_1	cdhB	1
GCF_002201895_1	cdhC	1
GCF_002201895_1	cdhD	1
GCF_002201895_1	cdhE	1
GCF_002201895_1	cooF	1
GCF_002201895_1	cooS	1
GCF_002201895_1	ehaA	1
GCF_002201895_1	ehaB	1
GCF_002201895_1	ehaC	1
GCF_002201895_1	ehaE	1
GCF_002201895_1	ehaF	1
GCF_002201895_1	ehaG	1
GCF_002201895_1	ehaH	1
GCF_002201895_1	ehaJ	1
GCF_002201895_1	ehaL	1
GCF_002201895_1	ehaN	1
GCF_002201895_1	ehaO	1
GCF_002201895_1	ehaP	1
GCF_002201895_1	ehaR	1
GCF_002201895_1	ehbQ	1
GCF_002201895_1	eno	1
GCF_002201895_1	fae-hps	1
GCF_002201895_1	fbaA	1
GCF_002201895_1	fbp	1
GCF_002201895_1	fdhA	2
GCF_002201895_1	fdhB	1
GCF_002201895_1	folA	1
GCF_002201895_1	fpoB	1
GCF_002201895_1	fpoC	1
GCF_002201895_1	frhA	2
GCF_002201895_1	frhB	2
GCF_002201895_1	frhD	1
GCF_002201895_1	frhG	2
GCF_002201895_1	frmA	1
GCF_002201895_1	ftr	2
GCF_002201895_1	fwdB	4
GCF_002201895_1	fwdC	1
GCF_002201895_1	fwdF	1
GCF_002201895_1	fwdG	1
GCF_002201895_1	glyA	3
GCF_002201895_1	hdrA1	2
GCF_002201895_1	hdrA2	1
GCF_002201895_1	hdrB1	1
GCF_002201895_1	hdrC1	1
GCF_002201895_1	hdrD	1
GCF_002201895_1	hmd	1
GCF_002201895_1	hxlB	1
GCF_002201895_1	mch	2
GCF_002201895_1	mcrA	1
GCF_002201895_1	mcrB	1
GCF_002201895_1	mcrC	1
GCF_002201895_1	mcrD	1
GCF_002201895_1	mcrG	1
GCF_002201895_1	mdh-K00024	1
GCF_002201895_1	mer	1
GCF_002201895_1	mgsA	1
GCF_002201895_1	mgsC	1
GCF_002201895_1	mtd	1
GCF_002201895_1	mtkA	1
GCF_002201895_1	mtkB	2
GCF_002201895_1	mtrA	2
GCF_002201895_1	mtrB	1
GCF_002201895_1	mtrC	1
GCF_002201895_1	mtrD	1
GCF_002201895_1	mtrE	1
GCF_002201895_1	mtrF	1
GCF_002201895_1	mtrG	1
GCF_002201895_1	mtrH	1
GCF_002201895_1	mvhG	1
GCF_002201895_1	narH	1
GCF_002201895_1	pfkB	1
GCF_002201895_1	pfp	1
GCF_002201895_1	porA	2
GCF_002201895_1	porB	2
GCF_002201895_1	porD	1
GCF_002201895_1	porG	2
GCF_002201895_1	pps	1
GCF_002201895_1	pqqE	3
GCF_002201895_1	rnfB	2
GCF_002201895_1	rnfE	1
GCF_002201895_1	serA	3
GCF_002201895_1	serB	2
GCF_002201895_1	vhcA	2
GCF_002201895_1	vhcD	1
GCF_002201895_1	vhcG	1
GCF_002201895_1	vhuA	1
GCF_002356115_1	acdA	1
GCF_002356115_1	ackA	1
GCF_002356115_1	acs	2
GCF_002356115_1	apgM	1
GCF_002356115_1	eno	2
GCF_002356115_1	fbaA	2
GCF_002356115_1	fbp	1
GCF_002356115_1	fdhA	1
GCF_002356115_1	fdhA-K00148	1
GCF_002356115_1	fdwB	1
GCF_002356115_1	fghA	1
GCF_002356115_1	folA	5
GCF_002356115_1	fpoB	1
GCF_002356115_1	fpoC	1
GCF_002356115_1	fpoD	1
GCF_002356115_1	fpoN	1
GCF_002356115_1	frmA	4
GCF_002356115_1	ftr	1
GCF_002356115_1	fwdB	1
GCF_002356115_1	glyA	5
GCF_002356115_1	gpmI	1
GCF_002356115_1	hdrD	1
GCF_002356115_1	hprA	1
GCF_002356115_1	mch	1
GCF_002356115_1	mdh-K00024	1
GCF_002356115_1	metF	3
GCF_002356115_1	mmoC	1
GCF_002356115_1	pfp	3
GCF_002356115_1	pmoA	1
GCF_002356115_1	pmoB	1
GCF_002356115_1	pmoC	1
GCF_002356115_1	pqqE	1
GCF_002356115_1	pqqF	1
GCF_002356115_1	psp	1
GCF_002356115_1	pta	1
GCF_002356115_1	rnfA	1
GCF_002356115_1	rnfB	1
GCF_002356115_1	rnfC	1
GCF_002356115_1	rnfD	1
GCF_002356115_1	rnfE	3
GCF_002356115_1	rnfG	1
GCF_002356115_1	serB	4
GCF_002356115_1	serC	1
GCF_002356115_1	torY	1
GCF_002797325_1	acdA	9
GCF_002797325_1	ackA	2
GCF_002797325_1	acs	4
GCF_002797325_1	ehbB	1
GCF_002797325_1	ehbE	1
GCF_002797325_1	eno	4
GCF_002797325_1	fbaA	5
GCF_002797325_1	fbp	1
GCF_002797325_1	fdhA-K00148	1
GCF_002797325_1	folA	7
GCF_002797325_1	fpoB	5
GCF_002797325_1	fpoL	1
GCF_002797325_1	frmA	2
GCF_002797325_1	gfa	1
GCF_002797325_1	glpX	3
GCF_002797325_1	glyA	11
GCF_002797325_1	gpmB	2
GCF_002797325_1	gpmI	2
GCF_002797325_1	hdrA2	2
GCF_002797325_1	hdrD	2
GCF_002797325_1	hprA	1
GCF_002797325_1	hxlB	1
GCF_002797325_1	mcl	2
GCF_002797325_1	mdh	1
GCF_002797325_1	mdh-K00024	3
GCF_002797325_1	metF	1
GCF_002797325_1	mgsC	1
GCF_002797325_1	mtbC	1
GCF_002797325_1	mtkA	1
GCF_002797325_1	mtkB	1
GCF_002797325_1	nirK	1
GCF_002797325_1	pfkA	3
GCF_002797325_1	pfkB	2
GCF_002797325_1	pfp	2
GCF_002797325_1	porA	1
GCF_002797325_1	porB	1
GCF_002797325_1	ppc	1
GCF_002797325_1	pps	1
GCF_002797325_1	pqqB	1
GCF_002797325_1	pqqE	1
GCF_002797325_1	pqqF	1
GCF_002797325_1	pta	3
GCF_002797325_1	rnfB	1
GCF_002797325_1	rnfE	2
GCF_002797325_1	serA	4
GCF_002797325_1	serB	2
GCF_002797325_1	serC	1
GCF_003336745_1	acdA	9
GCF_003336745_1	acdB	1
GCF_003336745_1	ackA	2
GCF_003336745_1	acs	5
GCF_003336745_1	apgM	2
GCF_003336745_1	eno	2
GCF_003336745_1	fbaA	4
GCF_003336745_1	fbp	1
GCF_003336745_1	fdhA	5
GCF_003336745_1	fdhA-K00148	1
GCF_003336745_1	fdhB	2
GCF_003336745_1	fdhF	1
GCF_003336745_1	fdm	1
GCF_003336745_1	fdoH	1
GCF_003336745_1	fdwB	2
GCF_003336745_1	folA	4
GCF_003336745_1	fpoA	1
GCF_003336745_1	fpoB	2
GCF_003336745_1	fpoD	1
GCF_003336745_1	fpoH	1
GCF_003336745_1	fpoJ	1
GCF_003336745_1	fpoL	1
GCF_003336745_1	fpoM	3
GCF_003336745_1	fpoN	1
GCF_003336745_1	frmA	3
GCF_003336745_1	gck	1
GCF_003336745_1	glpX	3
GCF_003336745_1	glyA	5
GCF_003336745_1	gpmB	3
GCF_003336745_1	gpmI	2
GCF_003336745_1	hdrD	4
GCF_003336745_1	hprA	1
GCF_003336745_1	mbhJ	1
GCF_003336745_1	mcl	2
GCF_003336745_1	mdh-K00024	5
GCF_003336745_1	metF	2
GCF_003336745_1	mgsC	2
GCF_003336745_1	mtkA	1
GCF_003336745_1	mtkB	3
GCF_003336745_1	narB	2
GCF_003336745_1	narG	2
GCF_003336745_1	narH	1
GCF_003336745_1	narZ	1
GCF_003336745_1	nirK	7
GCF_003336745_1	nirS	1
GCF_003336745_1	pfkA	2
GCF_003336745_1	pfp	2
GCF_003336745_1	porA	1
GCF_003336745_1	porB	1
GCF_003336745_1	ppc	1
GCF_003336745_1	pps	2
GCF_003336745_1	pqqE	2
GCF_003336745_1	pqqF	1
GCF_003336745_1	pta	4
GCF_003336745_1	rnfB	1
GCF_003336745_1	rnfE	1
GCF_003336745_1	serA	4
GCF_003336745_1	serB	2
GCF_003336745_1	torA	1
GCF_003664005_1	ackA	1
GCF_003664005_1	acs	2
GCF_003664005_1	amoB	1
GCF_003664005_1	apgM	1
GCF_003664005_1	eno	1
GCF_003664005_1	fae-hps	2
GCF_003664005_1	fbaA	3
GCF_003664005_1	fbp	1
GCF_003664005_1	fdhA	2
GCF_003664005_1	fdhB	2
GCF_003664005_1	fdoG	4
GCF_003664005_1	fdoH	2
GCF_003664005_1	fdoI	1
GCF_003664005_1	fdwB	1
GCF_003664005_1	folA	4
GCF_003664005_1	fpoA	1
GCF_003664005_1	fpoB	2
GCF_003664005_1	fpoD	2
GCF_003664005_1	fpoH	2
GCF_003664005_1	fpoJ	2
GCF_003664005_1	fpoK	2
GCF_003664005_1	fpoL	3
GCF_003664005_1	fpoM	2
GCF_003664005_1	fpoN	2
GCF_003664005_1	frhA	1
GCF_003664005_1	frhD	1
GCF_003664005_1	frmA	4
GCF_003664005_1	glyA	9
GCF_003664005_1	gpmB	1
GCF_003664005_1	hdrA1	1
GCF_003664005_1	hdrB1	1
GCF_003664005_1	hdrB2	1
GCF_003664005_1	hdrC1	1
GCF_003664005_1	hdrC2	1
GCF_003664005_1	hdrD	4
GCF_003664005_1	hxlB	1
GCF_003664005_1	mauC	1
GCF_003664005_1	mdh-K00024	2
GCF_003664005_1	metF	2
GCF_003664005_1	mgsC	1
GCF_003664005_1	mmoC	2
GCF_003664005_1	mtkA	2
GCF_003664005_1	mtkB	2
GCF_003664005_1	mvhA	1
GCF_003664005_1	napH	1
GCF_003664005_1	narB	3
GCF_003664005_1	nirS	1
GCF_003664005_1	pfkA	1
GCF_003664005_1	pfp	1
GCF_003664005_1	porA	3
GCF_003664005_1	porB	3
GCF_003664005_1	porD	1
GCF_003664005_1	porG	2
GCF_003664005_1	pps	1
GCF_003664005_1	pqqF	1
GCF_003664005_1	pta	1
GCF_003664005_1	rnfE	2
GCF_003664005_1	rnfG	1
GCF_003664005_1	serA	2
GCF_003664005_1	serB	2
GCF_003664005_1	vhcA	2
GCF_003664005_1	vhcG	1
GCF_003664005_1	vhtG	1
GCF_004421185_1	acdA	2
GCF_004421185_1	ackA	2
GCF_004421185_1	acs	3
GCF_004421185_1	echB	1
GCF_004421185_1	eno	3
GCF_004421185_1	fbaA	3
GCF_004421185_1	fbp	1
GCF_004421185_1	fdhA	2
GCF_004421185_1	fdhA-K00148	1
GCF_004421185_1	fdhB	1
GCF_004421185_1	fdhF	1
GCF_004421185_1	fdsD	1
GCF_004421185_1	fdwB	2
GCF_004421185_1	folA	4
GCF_004421185_1	fpoA	1
GCF_004421185_1	fpoB	1
GCF_004421185_1	fpoC	1
GCF_004421185_1	fpoH	1
GCF_004421185_1	fpoJ	1
GCF_004421185_1	fpoK	1
GCF_004421185_1	fpoL	1
GCF_004421185_1	fpoM	2
GCF_004421185_1	fpoN	1
GCF_004421185_1	frhD	1
GCF_004421185_1	frmA	3
GCF_004421185_1	glpX	2
GCF_004421185_1	glyA	4
GCF_004421185_1	gpmB	2
GCF_004421185_1	hdrA2	2
GCF_004421185_1	hdrD	1
GCF_004421185_1	hxlB	1
GCF_004421185_1	mauA	1
GCF_004421185_1	mauB	1
GCF_004421185_1	mauE	1
GCF_004421185_1	mbhJ	1
GCF_004421185_1	mdh-K00024	2
GCF_004421185_1	metF	1
GCF_004421185_1	mgsC	1
GCF_004421185_1	mtkA	1
GCF_004421185_1	mtkB	2
GCF_004421185_1	mxaF	1
GCF_004421185_1	mxaL	1
GCF_004421185_1	narB	1
GCF_004421185_1	nirK	7
GCF_004421185_1	pfkA	1
GCF_004421185_1	pfkB	1
GCF_004421185_1	pfp	2
GCF_004421185_1	pmoA	3
GCF_004421185_1	pmoB	1
GCF_004421185_1	pmoC	4
GCF_004421185_1	ppc	1
GCF_004421185_1	pps	2
GCF_004421185_1	pqqB	1
GCF_004421185_1	pqqC	1
GCF_004421185_1	pqqD	1
GCF_004421185_1	pqqE	2
GCF_004421185_1	pqqF	1
GCF_004421185_1	pta	2
GCF_004421185_1	rnfE	1
GCF_004421185_1	serA	4
GCF_004421185_1	serB	1
GCF_004421185_1	vhcA	1
GCF_004421185_1	vhcG	1
GCF_012027645_1	apgM	1
GCF_012027645_1	cooF	4
GCF_012027645_1	cooS	1
GCF_012027645_1	echB	2
GCF_012027645_1	ehbA	3
GCF_012027645_1	ehbB	2
GCF_012027645_1	ehbD	1
GCF_012027645_1	ehbE	1
GCF_012027645_1	ehbH	5
GCF_012027645_1	ehbI	4
GCF_012027645_1	eno	2
GCF_012027645_1	fbaA	1
GCF_012027645_1	fbp	2
GCF_012027645_1	fdhA	2
GCF_012027645_1	fdhA-K00148	1
GCF_012027645_1	fpoB	2
GCF_012027645_1	fpoC	3
GCF_012027645_1	fpoH	1
GCF_012027645_1	fpoL	1
GCF_012027645_1	fpoN	2
GCF_012027645_1	frhD	1
GCF_012027645_1	frhG	1
GCF_012027645_1	gck	1
GCF_012027645_1	glyA	3
GCF_012027645_1	hxlB	1
GCF_012027645_1	mbhJ	2
GCF_012027645_1	mbhK	2
GCF_012027645_1	mbhL	2
GCF_012027645_1	mcl	1
GCF_012027645_1	mdh	1
GCF_012027645_1	mgsA	1
GCF_012027645_1	mmoC	2
GCF_012027645_1	mtkA	2
GCF_012027645_1	mtkB	2
GCF_012027645_1	mvhG	1
GCF_012027645_1	narB	3
GCF_012027645_1	pfkB	1
GCF_012027645_1	pfkC	2
GCF_012027645_1	pfp	1
GCF_012027645_1	porA	5
GCF_012027645_1	porB	5
GCF_012027645_1	porD	1
GCF_012027645_1	porG	4
GCF_012027645_1	pps	1
GCF_012027645_1	pqqE	2
GCF_012027645_1	pta	1
GCF_012027645_1	rnfB	3
GCF_012027645_1	serA	3
GCF_012027645_1	serB	1
GCF_012027645_1	torA	1
GCF_012027645_1	vhcA	2
GCF_014647655_1	acdA	12
GCF_014647655_1	acdB	2
GCF_014647655_1	ackA	2
GCF_014647655_1	acs	2
GCF_014647655_1	apgM	2
GCF_014647655_1	eno	2
GCF_014647655_1	fbaA	5
GCF_014647655_1	fchA	1
GCF_014647655_1	fdhA	2
GCF_014647655_1	fdhA-K00148	1
GCF_014647655_1	fdm	1
GCF_014647655_1	fdwB	1
GCF_014647655_1	folA	7
GCF_014647655_1	fpoA	1
GCF_014647655_1	fpoB	4
GCF_014647655_1	fpoH	1
GCF_014647655_1	fpoJ	1
GCF_014647655_1	fpoK	1
GCF_014647655_1	fpoL	1
GCF_014647655_1	fpoM	1
GCF_014647655_1	fpoN	1
GCF_014647655_1	frmA	3
GCF_014647655_1	gck	1
GCF_014647655_1	glpX	2
GCF_014647655_1	glyA	20
GCF_014647655_1	gpmB	5
GCF_014647655_1	hdrC2	1
GCF_014647655_1	hdrD	2
GCF_014647655_1	hmd	1
GCF_014647655_1	hprA	1
GCF_014647655_1	hxlB	1
GCF_014647655_1	mauC	2
GCF_014647655_1	mcl	4
GCF_014647655_1	mdh-K00024	3
GCF_014647655_1	mgsA	1
GCF_014647655_1	mgsC	1
GCF_014647655_1	mtkA	1
GCF_014647655_1	mtkB	1
GCF_014647655_1	narB	2
GCF_014647655_1	nirK	3
GCF_014647655_1	pfkA	3
GCF_014647655_1	pfkB	2
GCF_014647655_1	pfp	5
GCF_014647655_1	ppc	1
GCF_014647655_1	pps	1
GCF_014647655_1	pqqB	1
GCF_014647655_1	pqqF	1
GCF_014647655_1	pta	6
GCF_014647655_1	rnfB	1
GCF_014647655_1	rnfE	2
GCF_014647655_1	serA	2
GCF_014647655_1	serB	2
GCF_014647655_1	serC	1
GCF_014647655_1	torA	1
GCF_015523155_1	acs	1
GCF_015523155_1	apgM	3
GCF_015523155_1	cdhA	1
GCF_015523155_1	cdhB	1
GCF_015523155_1	cdhC	2
GCF_015523155_1	cdhD	1
GCF_015523155_1	cdhE	1
GCF_015523155_1	cooF	3
GCF_015523155_1	echB	1
GCF_015523155_1	ehaA	1
GCF_015523155_1	ehaB	1
GCF_015523155_1	ehaC	1
GCF_015523155_1	ehaD	1
GCF_015523155_1	ehaE	1
GCF_015523155_1	ehaF	1
GCF_015523155_1	ehaG	1
GCF_015523155_1	ehaH	1
GCF_015523155_1	ehaJ	1
GCF_015523155_1	ehaL	1
GCF_015523155_1	ehaM	1
GCF_015523155_1	ehaN	1
GCF_015523155_1	ehaO	1
GCF_015523155_1	ehaP	1
GCF_015523155_1	ehbA	1
GCF_015523155_1	ehbB	1
GCF_015523155_1	ehbC	1
GCF_015523155_1	ehbD	1
GCF_015523155_1	ehbE	1
GCF_015523155_1	ehbF	1
GCF_015523155_1	ehbI	1
GCF_015523155_1	ehbK	1
GCF_015523155_1	ehbL	1
GCF_015523155_1	ehbM	1
GCF_015523155_1	ehbN	1
GCF_015523155_1	ehbO	1
GCF_015523155_1	ehbP	1
GCF_015523155_1	ehbQ	1
GCF_015523155_1	eno	3
GCF_015523155_1	fae-hps	1
GCF_015523155_1	fbp	1
GCF_015523155_1	fdhA	2
GCF_015523155_1	fdhB	3
GCF_015523155_1	fmdB	2
GCF_015523155_1	fmdC	1
GCF_015523155_1	folA	3
GCF_015523155_1	fpoB	1
GCF_015523155_1	fpoC	1
GCF_015523155_1	fpoL	1
GCF_015523155_1	frhA	2
GCF_015523155_1	frhB	2
GCF_015523155_1	frhD	3
GCF_015523155_1	frhG	2
GCF_015523155_1	frmA	2
GCF_015523155_1	ftr	1
GCF_015523155_1	fwdB	1
GCF_015523155_1	fwdC	1
GCF_015523155_1	fwdE	1
GCF_015523155_1	fwdF	1
GCF_015523155_1	fwdG	1
GCF_015523155_1	glyA	1
GCF_015523155_1	hdrA2	2
GCF_015523155_1	hdrB1	1
GCF_015523155_1	hdrC1	2
GCF_015523155_1	hdrD	1
GCF_015523155_1	hmd	1
GCF_015523155_1	hxlA	1
GCF_015523155_1	hxlB	1
GCF_015523155_1	mbhJ	1
GCF_015523155_1	mch	1
GCF_015523155_1	mcrA	2
GCF_015523155_1	mcrB	2
GCF_015523155_1	mcrC	1
GCF_015523155_1	mcrD	2
GCF_015523155_1	mcrG	2
GCF_015523155_1	mdh-K00024	2
GCF_015523155_1	mer	1
GCF_015523155_1	mtd	1
GCF_015523155_1	mtkA	1
GCF_015523155_1	mtkB	1
GCF_015523155_1	mtrA	3
GCF_015523155_1	mtrB	1
GCF_015523155_1	mtrC	1
GCF_015523155_1	mtrD	1
GCF_015523155_1	mtrE	1
GCF_015523155_1	mtrG	1
GCF_015523155_1	mtrH	1
GCF_015523155_1	pfkB	2
GCF_015523155_1	pfkC	1
GCF_015523155_1	pfp	1
GCF_015523155_1	porA	2
GCF_015523155_1	porB	1
GCF_015523155_1	porD	1
GCF_015523155_1	porG	2
GCF_015523155_1	pqqE	3
GCF_015523155_1	rnfB	2
GCF_015523155_1	serA	2
GCF_015523155_1	serB	1
GCF_015523155_1	vhcA	1
GCF_015523155_1	vhcD	1
GCF_015523155_1	vhcG	1
GCF_015523155_1	vhuA	1
GCF_015523155_1	vhuD	2
GCF_015523155_1	vhuG	1
GCF_016706325_1	ackA	1
GCF_016706325_1	acs	7
GCF_016706325_1	apgM	1
GCF_016706325_1	cdhA	1
GCF_016706325_1	cdhB	1
GCF_016706325_1	cdhC	1
GCF_016706325_1	cdhD	1
GCF_016706325_1	cdhE	1
GCF_016706325_1	cooF	1
GCF_016706325_1	cooS	1
GCF_016706325_1	ehaQ	1
GCF_016706325_1	ehbQ	1
GCF_016706325_1	eno	1
GCF_016706325_1	fae-hps	1
GCF_016706325_1	fbaB	1
GCF_016706325_1	fbp	2
GCF_016706325_1	fdhA	1
GCF_016706325_1	fdhA-K00148	1
GCF_016706325_1	fdwE	1
GCF_016706325_1	fmdB	1
GCF_016706325_1	fmdC	1
GCF_016706325_1	folA	1
GCF_016706325_1	fpoA	1
GCF_016706325_1	fpoB	1
GCF_016706325_1	fpoC	4
GCF_016706325_1	fpoD	1
GCF_016706325_1	fpoH	1
GCF_016706325_1	fpoI	1
GCF_016706325_1	fpoJ	2
GCF_016706325_1	fpoK	1
GCF_016706325_1	fpoL	2
GCF_016706325_1	fpoM	1
GCF_016706325_1	fpoN	1
GCF_016706325_1	fpoO	1
GCF_016706325_1	frhB	1
GCF_016706325_1	frmA	2
GCF_016706325_1	ftr	1
GCF_016706325_1	fwdB	1
GCF_016706325_1	fwdG	3
GCF_016706325_1	glyA	2
GCF_016706325_1	gpmI	3
GCF_016706325_1	hdrA1	1
GCF_016706325_1	hdrB1	1
GCF_016706325_1	hdrC2	1
GCF_016706325_1	hdrD	1
GCF_016706325_1	hdrE	1
GCF_016706325_1	hxlA	2
GCF_016706325_1	hxlB	1
GCF_016706325_1	mauC	1
GCF_016706325_1	mch	1
GCF_016706325_1	mcrA	1
GCF_016706325_1	mcrB	1
GCF_016706325_1	mcrC	1
GCF_016706325_1	mcrD	1
GCF_016706325_1	mcrG	1
GCF_016706325_1	mer	1
GCF_016706325_1	mtd	1
GCF_016706325_1	mtdB	1
GCF_016706325_1	mtkA	2
GCF_016706325_1	mtrA	3
GCF_016706325_1	mtrB	1
GCF_016706325_1	mtrC	1
GCF_016706325_1	mtrD	1
GCF_016706325_1	mtrE	1
GCF_016706325_1	mtrF	1
GCF_016706325_1	mtrG	1
GCF_016706325_1	mtrH	2
GCF_016706325_1	napH	1
GCF_016706325_1	narB	2
GCF_016706325_1	narH	1
GCF_016706325_1	pfkB	2
GCF_016706325_1	pfkC	1
GCF_016706325_1	pfp	1
GCF_016706325_1	porA	3
GCF_016706325_1	porB	1
GCF_016706325_1	porD	1
GCF_016706325_1	porG	1
GCF_016706325_1	pps	1
GCF_016706325_1	pqqE	8
GCF_016706325_1	pta	2
GCF_016706325_1	rnfB	3
GCF_016706325_1	rnfE	1
GCF_016706325_1	serA	3
GCF_016706325_1	serB	1
GCF_017310545_1	acdA	1
GCF_017310545_1	ackA	3
GCF_017310545_1	acs	1
GCF_017310545_1	echB	1
GCF_017310545_1	eno	2
GCF_017310545_1	fbaA	3
GCF_017310545_1	fbp	1
GCF_017310545_1	fdhA	1
GCF_017310545_1	fdhB	1
GCF_017310545_1	fdhF	1
GCF_017310545_1	fdsD	1
GCF_017310545_1	fdwB	2
GCF_017310545_1	folA	7
GCF_017310545_1	fpoB	2
GCF_017310545_1	fpoC	1
GCF_017310545_1	fpoH	1
GCF_017310545_1	fpoJ	1
GCF_017310545_1	fpoL	1
GCF_017310545_1	fpoM	2
GCF_017310545_1	fpoN	1
GCF_017310545_1	frhD	1
GCF_017310545_1	frmA	3
GCF_017310545_1	gck	1
GCF_017310545_1	glyA	4
GCF_017310545_1	gpmB	1
GCF_017310545_1	hxlB	1
GCF_017310545_1	mbhJ	1
GCF_017310545_1	mdh-K00024	2
GCF_017310545_1	metF	2
GCF_017310545_1	mgsC	1
GCF_017310545_1	mtkA	1
GCF_017310545_1	mtkB	2
GCF_017310545_1	mvhA	1
GCF_017310545_1	mxaG	1
GCF_017310545_1	mxaL	1
GCF_017310545_1	nirK	3
GCF_017310545_1	pfkA	1
GCF_017310545_1	pfp	2
GCF_017310545_1	pmoA	2
GCF_017310545_1	pmoB	2
GCF_017310545_1	pmoC	3
GCF_017310545_1	porD	1
GCF_017310545_1	ppc	2
GCF_017310545_1	pps	1
GCF_017310545_1	pqqB	1
GCF_017310545_1	pqqC	1
GCF_017310545_1	pqqE	2
GCF_017310545_1	pta	3
GCF_017310545_1	rnfE	2
GCF_017310545_1	serA	5
GCF_017310545_1	serB	1
GCF_017310545_1	vhcA	1
GCF_017310545_1	vhcG	1
GCF_017310545_1	vhtG	1
GCF_017310545_1	xoxF1	1
GCF_017310545_1	xoxF2	1
GCF_017875395_1	acs	3
GCF_017875395_1	apgM	2
GCF_017875395_1	cooF	1
GCF_017875395_1	cooS	1
GCF_017875395_1	ehaA	1
GCF_017875395_1	ehaB	1
GCF_017875395_1	ehaC	1
GCF_017875395_1	ehaD	1
GCF_017875395_1	ehaE	1
GCF_017875395_1	ehaF	1
GCF_017875395_1	ehaG	1
GCF_017875395_1	ehaH	1
GCF_017875395_1	ehaJ	1
GCF_017875395_1	ehaL	1
GCF_017875395_1	ehaM	1
GCF_017875395_1	ehaN	1
GCF_017875395_1	ehaO	1
GCF_017875395_1	ehaP	1
GCF_017875395_1	ehbA	1
GCF_017875395_1	ehbB	1
GCF_017875395_1	ehbC	1
GCF_017875395_1	ehbD	1
GCF_017875395_1	ehbE	1
GCF_017875395_1	ehbF	1
GCF_017875395_1	ehbG	1
GCF_017875395_1	ehbI	1
GCF_017875395_1	ehbK	1
GCF_017875395_1	ehbL	1
GCF_017875395_1	ehbM	1
GCF_017875395_1	ehbN	1
GCF_017875395_1	ehbO	1
GCF_017875395_1	ehbP	1
GCF_017875395_1	ehbQ	1
GCF_017875395_1	eno	2
GCF_017875395_1	fbaA	1
GCF_017875395_1	fbp	1
GCF_017875395_1	fdhA	4
GCF_017875395_1	fdhB	2
GCF_017875395_1	fghA	1
GCF_017875395_1	fmdB	2
GCF_017875395_1	fmdC	1
GCF_017875395_1	folA	1
GCF_017875395_1	fpoB	1
GCF_017875395_1	fpoC	1
GCF_017875395_1	frhA	2
GCF_017875395_1	frhB	2
GCF_017875395_1	frhD	4
GCF_017875395_1	frhG	2
GCF_017875395_1	frmA	2
GCF_017875395_1	ftr	1
GCF_017875395_1	fwdB	2
GCF_017875395_1	fwdC	1
GCF_017875395_1	fwdE	1
GCF_017875395_1	fwdF	2
GCF_017875395_1	fwdG	2
GCF_017875395_1	glyA	1
GCF_017875395_1	hdrA1	1
GCF_017875395_1	hdrA2	2
GCF_017875395_1	hdrB1	1
GCF_017875395_1	hdrB2	1
GCF_017875395_1	hdrC1	1
GCF_017875395_1	hdrC2	1
GCF_017875395_1	hdrD	1
GCF_017875395_1	hmd	1
GCF_017875395_1	mch	1
GCF_017875395_1	mcrA	1
GCF_017875395_1	mcrB	1
GCF_017875395_1	mcrC	1
GCF_017875395_1	mcrD	1
GCF_017875395_1	mcrG	1
GCF_017875395_1	mdh	1
GCF_017875395_1	mdh-K00024	1
GCF_017875395_1	mer	1
GCF_017875395_1	mgsC	1
GCF_017875395_1	mtaA	1
GCF_017875395_1	mtbA	1
GCF_017875395_1	mtbC	2
GCF_017875395_1	mtd	1
GCF_017875395_1	mtrA	3
GCF_017875395_1	mtrB	1
GCF_017875395_1	mtrC	1
GCF_017875395_1	mtrD	1
GCF_017875395_1	mtrE	1
GCF_017875395_1	mtrG	1
GCF_017875395_1	mtrH	1
GCF_017875395_1	mxaF	1
GCF_017875395_1	napH	1
GCF_017875395_1	narH	1
GCF_017875395_1	pfkC	1
GCF_017875395_1	pfp	1
GCF_017875395_1	porA	3
GCF_017875395_1	porB	1
GCF_017875395_1	porD	1
GCF_017875395_1	porG	3
GCF_017875395_1	pps	1
GCF_017875395_1	pqqE	2
GCF_017875395_1	pta	2
GCF_017875395_1	rnfB	2
GCF_017875395_1	serA	2
GCF_017875395_1	serB	1
GCF_017875395_1	vhcA	1
GCF_017875395_1	vhcD	1
GCF_017875395_1	vhcG	1
GCF_017875395_1	vhuA	1
GCF_017875395_1	vhuD	1
GCF_017875395_1	vhuG	1
GCF_020885915_1	acdA	9
GCF_020885915_1	ackA	1
GCF_020885915_1	apgM	2
GCF_020885915_1	cdhA	1
GCF_020885915_1	cdhB	1
GCF_020885915_1	cdhC	2
GCF_020885915_1	cdhD	1
GCF_020885915_1	cdhE	1
GCF_020885915_1	cooF	2
GCF_020885915_1	ehaR	1
GCF_020885915_1	ehbQ	1
GCF_020885915_1	eno	2
GCF_020885915_1	fae	1
GCF_020885915_1	fae-hps	1
GCF_020885915_1	fdoH	1
GCF_020885915_1	fmdB	1
GCF_020885915_1	fmdC	1
GCF_020885915_1	folA	2
GCF_020885915_1	fpoC	2
GCF_020885915_1	fpoF	1
GCF_020885915_1	frmA	1
GCF_020885915_1	ftr	2
GCF_020885915_1	fwdB	3
GCF_020885915_1	fwdC	1
GCF_020885915_1	fwdG	3
GCF_020885915_1	glyA	2
GCF_020885915_1	gpmI	1
GCF_020885915_1	hdrA1	2
GCF_020885915_1	hdrA2	3
GCF_020885915_1	hdrB1	2
GCF_020885915_1	hdrC1	1
GCF_020885915_1	hdrD	5
GCF_020885915_1	hprA	1
GCF_020885915_1	hxlA	2
GCF_020885915_1	hxlB	1
GCF_020885915_1	mch	1
GCF_020885915_1	mcrA	2
GCF_020885915_1	mcrB	2
GCF_020885915_1	mcrC	2
GCF_020885915_1	mcrD	2
GCF_020885915_1	mcrG	2
GCF_020885915_1	mer	2
GCF_020885915_1	mtaA	1
GCF_020885915_1	mtbA	1
GCF_020885915_1	mtbC	2
GCF_020885915_1	mtdB	1
GCF_020885915_1	mtkA	1
GCF_020885915_1	mtkB	4
GCF_020885915_1	mtrA	1
GCF_020885915_1	mtrB	1
GCF_020885915_1	mtrC	1
GCF_020885915_1	mtrD	1
GCF_020885915_1	mtrE	1
GCF_020885915_1	mtrG	1
GCF_020885915_1	mtrH	1
GCF_020885915_1	mvhD	1
GCF_020885915_1	narH	1
GCF_020885915_1	pfkB	2
GCF_020885915_1	pfp	1
GCF_020885915_1	porA	1
GCF_020885915_1	porB	1
GCF_020885915_1	porD	1
GCF_020885915_1	porG	2
GCF_020885915_1	pps	1
GCF_020885915_1	pqqE	1
GCF_020885915_1	pta	2
GCF_020885915_1	rnfA	1
GCF_020885915_1	rnfB	7
GCF_020885915_1	rnfC	1
GCF_020885915_1	rnfD	1
GCF_020885915_1	rnfE	1
GCF_020885915_1	rnfG	1
GCF_020885915_1	serB	1
GCF_020885915_1	vhcG	1
GCF_021023085_1	acdA	1
GCF_021023085_1	acs	4
GCF_021023085_1	acsC	1
GCF_021023085_1	apgM	2
GCF_021023085_1	cooS	1
GCF_021023085_1	echA	1
GCF_021023085_1	echB	1
GCF_021023085_1	echC	1
GCF_021023085_1	echD	1
GCF_021023085_1	echE	1
GCF_021023085_1	echF	1
GCF_021023085_1	ehaQ	1
GCF_021023085_1	ehbQ	1
GCF_021023085_1	eno	2
GCF_021023085_1	fae	1
GCF_021023085_1	fae-hps	2
GCF_021023085_1	fbaA	2
GCF_021023085_1	fdhA	3
GCF_021023085_1	fdhB	3
GCF_021023085_1	fdoH	1
GCF_021023085_1	fdwE	1
GCF_021023085_1	fmdB	1
GCF_021023085_1	folA	3
GCF_021023085_1	fpoB	1
GCF_021023085_1	fpoC	3
GCF_021023085_1	frhA	2
GCF_021023085_1	frhB	4
GCF_021023085_1	frhD	2
GCF_021023085_1	frhG	2
GCF_021023085_1	frmA	2
GCF_021023085_1	ftr	1
GCF_021023085_1	fwdB	2
GCF_021023085_1	fwdC	3
GCF_021023085_1	fwdF	2
GCF_021023085_1	fwdH	1
GCF_021023085_1	gck	1
GCF_021023085_1	glyA	3
GCF_021023085_1	gpmB	1
GCF_021023085_1	gpmI	1
GCF_021023085_1	hdrA1	1
GCF_021023085_1	hdrA2	5
GCF_021023085_1	hdrB1	1
GCF_021023085_1	hdrB2	6
GCF_021023085_1	hdrC1	1
GCF_021023085_1	hdrC2	3
GCF_021023085_1	hdrD	3
GCF_021023085_1	hxlA	1
GCF_021023085_1	hxlB	2
GCF_021023085_1	mauC	1
GCF_021023085_1	mbhJ	1
GCF_021023085_1	mch	3
GCF_021023085_1	mcrA	1
GCF_021023085_1	mcrB	1
GCF_021023085_1	mcrC	1
GCF_021023085_1	mcrD	2
GCF_021023085_1	mcrG	1
GCF_021023085_1	mdh	1
GCF_021023085_1	mer	1
GCF_021023085_1	mgsC	1
GCF_021023085_1	mtbC	1
GCF_021023085_1	mtd	1
GCF_021023085_1	mtkB	3
GCF_021023085_1	mtrA	3
GCF_021023085_1	mtrB	1
GCF_021023085_1	mtrC	1
GCF_021023085_1	mtrD	1
GCF_021023085_1	mtrE	1
GCF_021023085_1	mtrG	1
GCF_021023085_1	mtrH	1
GCF_021023085_1	mvhA	1
GCF_021023085_1	mvhD	2
GCF_021023085_1	narB	1
GCF_021023085_1	narH	1
GCF_021023085_1	pfkA	1
GCF_021023085_1	pfkB	1
GCF_021023085_1	pfp	1
GCF_021023085_1	porA	2
GCF_021023085_1	porB	2
GCF_021023085_1	porD	3
GCF_021023085_1	porG	3
GCF_021023085_1	pps	4
GCF_021023085_1	pqqB	1
GCF_021023085_1	pqqE	9
GCF_021023085_1	pta	2
GCF_021023085_1	rnfB	5
GCF_021023085_1	rnfE	1
GCF_021023085_1	serA	5
GCF_021023085_1	serB	3
GCF_021023085_1	vhcA	1
GCF_021023085_1	vhcG	1
GCF_021023085_1	vhuG	1
GCF_025421555_1	acdA	49
GCF_025421555_1	acdB	3
GCF_025421555_1	acs	17
GCF_025421555_1	eno	2
GCF_025421555_1	fbaA	4
GCF_025421555_1	fbp	3
GCF_025421555_1	fdhF	1
GCF_025421555_1	fdoG	2
GCF_025421555_1	fdoH	1
GCF_025421555_1	fdoI	2
GCF_025421555_1	fdwB	2
GCF_025421555_1	fghA	1
GCF_025421555_1	folA	10
GCF_025421555_1	fpoA	1
GCF_025421555_1	fpoB	2
GCF_025421555_1	fpoD	1
GCF_025421555_1	fpoH	1
GCF_025421555_1	fpoK	1
GCF_025421555_1	fpoL	1
GCF_025421555_1	fpoM	1
GCF_025421555_1	frmA	7
GCF_025421555_1	gck	1
GCF_025421555_1	glpX	1
GCF_025421555_1	glyA	13
GCF_025421555_1	gpmB	3
GCF_025421555_1	hdrA2	1
GCF_025421555_1	hprA	4
GCF_025421555_1	hxlA	1
GCF_025421555_1	hxlB	2
GCF_025421555_1	mcl	4
GCF_025421555_1	mdh	3
GCF_025421555_1	mdh-K00024	4
GCF_025421555_1	mdo	1
GCF_025421555_1	mer	1
GCF_025421555_1	metF	2
GCF_025421555_1	mgsC	3
GCF_025421555_1	mmoC	4
GCF_025421555_1	mtbC	1
GCF_025421555_1	mtkA	1
GCF_025421555_1	mtkB	4
GCF_025421555_1	mxaF	2
GCF_025421555_1	narB	2
GCF_025421555_1	narG	1
GCF_025421555_1	narH	1
GCF_025421555_1	nirK	6
GCF_025421555_1	nirS	1
GCF_025421555_1	pfkA	2
GCF_025421555_1	pfkB	1
GCF_025421555_1	pfp	3
GCF_025421555_1	ppc	1
GCF_025421555_1	pps	1
GCF_025421555_1	pqqC	1
GCF_025421555_1	pqqF	1
GCF_025421555_1	pta	7
GCF_025421555_1	rnfE	3
GCF_025421555_1	serA	6
GCF_025421555_1	serB	8
GCF_025421555_1	serC	1
GCF_025421555_1	tmm	1
GCF_025421555_1	torA	1
GCF_025421555_1	torC	1
GCF_025421555_1	xoxF5	1
GCF_029855125_1	acdA	5
GCF_029855125_1	acdB	2
GCF_029855125_1	ackA	6
GCF_029855125_1	acs	3
GCF_029855125_1	dcmA	1
GCF_029855125_1	echB	1
GCF_029855125_1	ehbE	1
GCF_029855125_1	eno	1
GCF_029855125_1	fae	2
GCF_029855125_1	fbaA	2
GCF_029855125_1	fbp	2
GCF_029855125_1	fchA	1
GCF_029855125_1	fdhA	1
GCF_029855125_1	fdhF	1
GCF_029855125_1	fdsD	1
GCF_029855125_1	fdwB	2
GCF_029855125_1	fghA	1
GCF_029855125_1	folA	9
GCF_029855125_1	fpoA	1
GCF_029855125_1	fpoB	1
GCF_029855125_1	fpoD	1
GCF_029855125_1	fpoK	1
GCF_029855125_1	fpoL	2
GCF_029855125_1	fpoM	1
GCF_029855125_1	frmA	2
GCF_029855125_1	ftr	1
GCF_029855125_1	fwdB	1
GCF_029855125_1	fwdC	1
GCF_029855125_1	gck	1
GCF_029855125_1	glpX	1
GCF_029855125_1	glyA	10
GCF_029855125_1	gpmI	1
GCF_029855125_1	hdrD	1
GCF_029855125_1	hprA	2
GCF_029855125_1	hxlA	1
GCF_029855125_1	mauC	1
GCF_029855125_1	mbhJ	1
GCF_029855125_1	mch	2
GCF_029855125_1	mcl	2
GCF_029855125_1	mdh	1
GCF_029855125_1	mdh-K00024	2
GCF_029855125_1	metF	2
GCF_029855125_1	mtdA	1
GCF_029855125_1	mtdB	1
GCF_029855125_1	mtkA	2
GCF_029855125_1	mtkB	2
GCF_029855125_1	mxaA	1
GCF_029855125_1	mxaC	1
GCF_029855125_1	mxaD	2
GCF_029855125_1	mxaF	3
GCF_029855125_1	mxaG	1
GCF_029855125_1	mxaI	1
GCF_029855125_1	mxaJ	1
GCF_029855125_1	mxaK	1
GCF_029855125_1	mxaL	2
GCF_029855125_1	narB	5
GCF_029855125_1	narH	1
GCF_029855125_1	nirK	2
GCF_029855125_1	nirS	1
GCF_029855125_1	pfp	2
GCF_029855125_1	pmoA	1
GCF_029855125_1	pmoB	1
GCF_029855125_1	pmoC	4
GCF_029855125_1	ppc	2
GCF_029855125_1	pps	1
GCF_029855125_1	pqqB	1
GCF_029855125_1	pqqC	1
GCF_029855125_1	pqqD	1
GCF_029855125_1	pqqE	2
GCF_029855125_1	pqqF	2
GCF_029855125_1	pta	6
GCF_029855125_1	rnfB	1
GCF_029855125_1	rnfE	2
GCF_029855125_1	rnfG	1
GCF_029855125_1	serA	4
GCF_029855125_1	serB	4
GCF_029855125_1	serC	1
GCF_029855125_1	xoxF5	2
GCF_035506375_1	acs	4
GCF_035506375_1	acsC	1
GCF_035506375_1	apgM	2
GCF_035506375_1	cooF	1
GCF_035506375_1	cooS	1
GCF_035506375_1	echA	1
GCF_035506375_1	echB	1
GCF_035506375_1	echC	1
GCF_035506375_1	echD	1
GCF_035506375_1	echE	2
GCF_035506375_1	echF	1
GCF_035506375_1	ehaQ	1
GCF_035506375_1	ehbQ	1
GCF_035506375_1	eno	2
GCF_035506375_1	fae-hps	3
GCF_035506375_1	fbaA	2
GCF_035506375_1	fbp	1
GCF_035506375_1	fdhA	2
GCF_035506375_1	fdhB	1
GCF_035506375_1	fdoH	1
GCF_035506375_1	fmdB	1
GCF_035506375_1	folA	1
GCF_035506375_1	fpoB	1
GCF_035506375_1	fpoC	3
GCF_035506375_1	fpoL	1
GCF_035506375_1	frhA	3
GCF_035506375_1	frhB	2
GCF_035506375_1	frhD	3
GCF_035506375_1	frhG	3
GCF_035506375_1	frmA	1
GCF_035506375_1	ftr	1
GCF_035506375_1	fwdB	1
GCF_035506375_1	fwdC	1
GCF_035506375_1	fwdF	1
GCF_035506375_1	gck	1
GCF_035506375_1	glyA	1
GCF_035506375_1	gpmB	1
GCF_035506375_1	hdrA2	2
GCF_035506375_1	hdrB1	2
GCF_035506375_1	hdrB2	1
GCF_035506375_1	hdrC1	2
GCF_035506375_1	hdrC2	1
GCF_035506375_1	hdrD	2
GCF_035506375_1	hxlA	1
GCF_035506375_1	mauC	2
GCF_035506375_1	mbhJ	1
GCF_035506375_1	mch	2
GCF_035506375_1	mcrA	1
GCF_035506375_1	mcrB	1
GCF_035506375_1	mcrC	1
GCF_035506375_1	mcrD	1
GCF_035506375_1	mcrG	1
GCF_035506375_1	mer	1
GCF_035506375_1	metF	1
GCF_035506375_1	mgsA	1
GCF_035506375_1	mgsC	1
GCF_035506375_1	mmoC	1
GCF_035506375_1	mtd	1
GCF_035506375_1	mtdB	1
GCF_035506375_1	mtkA	1
GCF_035506375_1	mtrA	2
GCF_035506375_1	mtrB	1
GCF_035506375_1	mtrC	1
GCF_035506375_1	mtrD	1
GCF_035506375_1	mtrE	1
GCF_035506375_1	mtrF	1
GCF_035506375_1	mtrG	1
GCF_035506375_1	mtrH	1
GCF_035506375_1	mvhA	1
GCF_035506375_1	mvhD	1
GCF_035506375_1	narH	1
GCF_035506375_1	pfkA	1
GCF_035506375_1	pfkB	3
GCF_035506375_1	pfp	1
GCF_035506375_1	porA	3
GCF_035506375_1	porB	2
GCF_035506375_1	porD	2
GCF_035506375_1	porG	3
GCF_035506375_1	pps	3
GCF_035506375_1	pqqE	5
GCF_035506375_1	pta	2
GCF_035506375_1	rnfB	4
GCF_035506375_1	serA	2
GCF_035506375_1	serB	2
GCF_035506375_1	vhcA	1
GCF_035506375_1	vhtG	1
GCF_035506375_1	vhuG	1
GCF_040240395_1	acdA	3
GCF_040240395_1	acs	4
GCF_040240395_1	amoA	2
GCF_040240395_1	amoB	3
GCF_040240395_1	amoC	5
GCF_040240395_1	apgM	1
GCF_040240395_1	eno	4
GCF_040240395_1	fbaA	3
GCF_040240395_1	fbaB	1
GCF_040240395_1	fdhF	1
GCF_040240395_1	fdwB	2
GCF_040240395_1	fghA	1
GCF_040240395_1	folA	5
GCF_040240395_1	fpoB	1
GCF_040240395_1	fpoD	1
GCF_040240395_1	fpoJ	1
GCF_040240395_1	fpoK	1
GCF_040240395_1	fpoL	2
GCF_040240395_1	fpoM	4
GCF_040240395_1	frhG	1
GCF_040240395_1	frmA	3
GCF_040240395_1	gck	1
GCF_040240395_1	glyA	21
GCF_040240395_1	gpmB	4
GCF_040240395_1	gpmI	1
GCF_040240395_1	hdrA2	1
GCF_040240395_1	hdrD	1
GCF_040240395_1	hprA	1
GCF_040240395_1	mauC	1
GCF_040240395_1	mcl	1
GCF_040240395_1	mdh	1
GCF_040240395_1	mdh-K00024	1
GCF_040240395_1	metF	2
GCF_040240395_1	mtaA	1
GCF_040240395_1	mtkA	3
GCF_040240395_1	mtkB	2
GCF_040240395_1	nirK	4
GCF_040240395_1	pfp	7
GCF_040240395_1	ppc	1
GCF_040240395_1	pps	1
GCF_040240395_1	pqqC	1
GCF_040240395_1	pqqF	1
GCF_040240395_1	pta	1
GCF_040240395_1	rnfB	1
GCF_040240395_1	rnfE	2
GCF_040240395_1	serA	2
GCF_040240395_1	serB	5
GCF_040240395_1	serC	1
GCF_040240395_1	tmm	2
GCF_040240395_1	torY	1
GCF_042408735_1	acdA	17
GCF_042408735_1	acdB	1
GCF_042408735_1	ackA	2
GCF_042408735_1	acs	6
GCF_042408735_1	eno	2
GCF_042408735_1	fbaA	4
GCF_042408735_1	fbaB	1
GCF_042408735_1	fchA	1
GCF_042408735_1	fdhA	2
GCF_042408735_1	fdhA-K00148	2
GCF_042408735_1	fdm	2
GCF_042408735_1	fdoG	2
GCF_042408735_1	fdoH	1
GCF_042408735_1	fdwB	2
GCF_042408735_1	folA	3
GCF_042408735_1	fpoA	1
GCF_042408735_1	fpoB	2
GCF_042408735_1	fpoC	3
GCF_042408735_1	fpoD	2
GCF_042408735_1	fpoH	2
GCF_042408735_1	fpoJ	2
GCF_042408735_1	fpoK	2
GCF_042408735_1	fpoL	2
GCF_042408735_1	fpoM	2
GCF_042408735_1	fpoN	2
GCF_042408735_1	frhD	1
GCF_042408735_1	frmA	3
GCF_042408735_1	glpX	1
GCF_042408735_1	glyA	4
GCF_042408735_1	gpmB	4
GCF_042408735_1	gpmI	1
GCF_042408735_1	hdrA1	1
GCF_042408735_1	hdrD	4
GCF_042408735_1	hxlA	1
GCF_042408735_1	mauC	2
GCF_042408735_1	mcl	2
GCF_042408735_1	mdh-K00024	2
GCF_042408735_1	mer	13
GCF_042408735_1	metF	1
GCF_042408735_1	mtaA	1
GCF_042408735_1	mtbA	1
GCF_042408735_1	mtkA	2
GCF_042408735_1	mtkB	3
GCF_042408735_1	narB	5
GCF_042408735_1	nirK	1
GCF_042408735_1	pfkA	1
GCF_042408735_1	pfkB	4
GCF_042408735_1	pfp	11
GCF_042408735_1	porA	1
GCF_042408735_1	porB	1
GCF_042408735_1	ppc	1
GCF_042408735_1	pps	3
GCF_042408735_1	pqqB	1
GCF_042408735_1	pqqC	1
GCF_042408735_1	pqqD	2
GCF_042408735_1	pqqE	4
GCF_042408735_1	pqqF	1
GCF_042408735_1	pta	6
GCF_042408735_1	rnfB	1
GCF_042408735_1	rnfE	1
GCF_042408735_1	serA	5
GCF_042408735_1	serB	2
GCF_042408735_1	serC	2
GCF_042408735_1	tmm	1
GCF_042408735_1	torZ	1
GCF_042408735_1	vhtG	1
GCF_046546175_1	acs	3
GCF_046546175_1	acsD	1
GCF_046546175_1	apgM	1
GCF_046546175_1	cdhA	1
GCF_046546175_1	cdhB	1
GCF_046546175_1	cdhC	1
GCF_046546175_1	cdhD	1
GCF_046546175_1	cdhE	1
GCF_046546175_1	cooS	1
GCF_046546175_1	cytC	1
GCF_046546175_1	ehaQ	1
GCF_046546175_1	ehbA	1
GCF_046546175_1	ehbB	1
GCF_046546175_1	ehbE	1
GCF_046546175_1	eno	2
GCF_046546175_1	fae-hps	1
GCF_046546175_1	fbp	2
GCF_046546175_1	folA	1
GCF_046546175_1	fpoA	1
GCF_046546175_1	fpoB	2
GCF_046546175_1	fpoC	4
GCF_046546175_1	fpoD	1
GCF_046546175_1	fpoF	1
GCF_046546175_1	fpoH	1
GCF_046546175_1	fpoI	1
GCF_046546175_1	fpoJ	2
GCF_046546175_1	fpoK	1
GCF_046546175_1	fpoL	1
GCF_046546175_1	fpoM	2
GCF_046546175_1	fpoN	1
GCF_046546175_1	fpoO	1
GCF_046546175_1	frhB	1
GCF_046546175_1	frmA	3
GCF_046546175_1	ftr	1
GCF_046546175_1	fwdB	2
GCF_046546175_1	fwdC	1
GCF_046546175_1	fwdG	2
GCF_046546175_1	glpX	1
GCF_046546175_1	glyA	2
GCF_046546175_1	gpmI	3
GCF_046546175_1	hdrA1	2
GCF_046546175_1	hdrB1	1
GCF_046546175_1	hdrC2	1
GCF_046546175_1	hdrD	4
GCF_046546175_1	hdrE	1
GCF_046546175_1	hxlA	2
GCF_046546175_1	mch	2
GCF_046546175_1	mcrA	1
GCF_046546175_1	mcrB	1
GCF_046546175_1	mcrC	1
GCF_046546175_1	mcrD	1
GCF_046546175_1	mcrG	1
GCF_046546175_1	mdh-K00024	1
GCF_046546175_1	mer	1
GCF_046546175_1	mgsC	3
GCF_046546175_1	mtaA	4
GCF_046546175_1	mtaB	1
GCF_046546175_1	mtaC	1
GCF_046546175_1	mtbA	1
GCF_046546175_1	mtbB	2
GCF_046546175_1	mtbC	5
GCF_046546175_1	mtd	1
GCF_046546175_1	mtkB	1
GCF_046546175_1	mtmB	1
GCF_046546175_1	mtrA	2
GCF_046546175_1	mtrB	1
GCF_046546175_1	mtrC	1
GCF_046546175_1	mtrD	1
GCF_046546175_1	mtrE	1
GCF_046546175_1	mtrF	1
GCF_046546175_1	mtrG	1
GCF_046546175_1	mtrH	2
GCF_046546175_1	narB	1
GCF_046546175_1	narH	1
GCF_046546175_1	pfkB	1
GCF_046546175_1	pfkC	2
GCF_046546175_1	pfp	2
GCF_046546175_1	porA	2
GCF_046546175_1	porB	1
GCF_046546175_1	porD	2
GCF_046546175_1	porG	2
GCF_046546175_1	pps	2
GCF_046546175_1	pqqE	8
GCF_046546175_1	pta	3
GCF_046546175_1	rnfA	1
GCF_046546175_1	rnfB	3
GCF_046546175_1	rnfC	2
GCF_046546175_1	rnfD	1
GCF_046546175_1	rnfE	2
GCF_046546175_1	rnfG	1
GCF_046546175_1	serA	1
GCF_046546175_1	serB	1
GCF_046546175_1	serC	1
GCF_049221745_1	ackA	2
GCF_049221745_1	acs	3
GCF_049221745_1	ehaQ	1
GCF_049221745_1	eno	2
GCF_049221745_1	fbaA	1
GCF_049221745_1	fbp	2
GCF_049221745_1	fdhA	1
GCF_049221745_1	fdhB	1
GCF_049221745_1	fdoG	2
GCF_049221745_1	fdoI	2
GCF_049221745_1	folA	2
GCF_049221745_1	fpoA	1
GCF_049221745_1	fpoD	1
GCF_049221745_1	fpoJ	1
GCF_049221745_1	fpoK	1
GCF_049221745_1	fpoM	1
GCF_049221745_1	fpoN	1
GCF_049221745_1	frmA	2
GCF_049221745_1	glpX	1
GCF_049221745_1	glyA	1
GCF_049221745_1	gpmI	1
GCF_049221745_1	hdrB1	1
GCF_049221745_1	hdrC2	1
GCF_049221745_1	hdrD	2
GCF_049221745_1	hprA	1
GCF_049221745_1	hxlB	1
GCF_049221745_1	mdh-K00024	2
GCF_049221745_1	metF	2
GCF_049221745_1	mtkA	1
GCF_049221745_1	mtkB	1
GCF_049221745_1	mvhA	1
GCF_049221745_1	napH	1
GCF_049221745_1	nirK	1
GCF_049221745_1	nrfA	1
GCF_049221745_1	nrfH	1
GCF_049221745_1	pfp	2
GCF_049221745_1	porA	1
GCF_049221745_1	porG	1
GCF_049221745_1	pta	5
GCF_049221745_1	rnfB	2
GCF_049221745_1	serA	1
GCF_049221745_1	serB	2
GCF_049221745_1	serC	1
GCF_049221745_1	torC	1
GCF_049221745_1	torZ	1
GCF_049221745_1	vhtG	1
GCF_049675845_1	acdA	7
GCF_049675845_1	acdB	2
GCF_049675845_1	ackA	6
GCF_049675845_1	acs	8
GCF_049675845_1	echB	1
GCF_049675845_1	eno	2
GCF_049675845_1	fae	3
GCF_049675845_1	fbaA	2
GCF_049675845_1	fbp	1
GCF_049675845_1	fchA	1
GCF_049675845_1	fdhA	4
GCF_049675845_1	fdhA-K00148	1
GCF_049675845_1	fdhF	1
GCF_049675845_1	fdoI	1
GCF_049675845_1	fdsD	2
GCF_049675845_1	fdwB	3
GCF_049675845_1	folA	6
GCF_049675845_1	fpoA	2
GCF_049675845_1	fpoB	3
GCF_049675845_1	fpoC	1
GCF_049675845_1	fpoD	2
GCF_049675845_1	fpoK	1
GCF_049675845_1	fpoL	1
GCF_049675845_1	fpoM	2
GCF_049675845_1	fpoN	1
GCF_049675845_1	frmA	3
GCF_049675845_1	ftr	1
GCF_049675845_1	gck	1
GCF_049675845_1	gfa	1
GCF_049675845_1	glpX	1
GCF_049675845_1	glyA	14
GCF_049675845_1	gpmB	1
GCF_049675845_1	gpmI	1
GCF_049675845_1	hprA	1
GCF_049675845_1	mbhJ	1
GCF_049675845_1	mch	1
GCF_049675845_1	mcl	7
GCF_049675845_1	mdh-K00024	1
GCF_049675845_1	metF	2
GCF_049675845_1	mgsC	1
GCF_049675845_1	mmoC	1
GCF_049675845_1	mtdA	1
GCF_049675845_1	mtkA	3
GCF_049675845_1	mtkB	6
GCF_049675845_1	mxaA	1
GCF_049675845_1	mxaC	1
GCF_049675845_1	mxaD	4
GCF_049675845_1	mxaF	5
GCF_049675845_1	mxaG	1
GCF_049675845_1	mxaI	1
GCF_049675845_1	mxaJ	1
GCF_049675845_1	mxaK	1
GCF_049675845_1	mxaL	1
GCF_049675845_1	napH	1
GCF_049675845_1	narB	5
GCF_049675845_1	narH	1
GCF_049675845_1	nirK	3
GCF_049675845_1	nirS	1
GCF_049675845_1	pfp	6
GCF_049675845_1	pmoA	2
GCF_049675845_1	pmoB	3
GCF_049675845_1	pmoC	4
GCF_049675845_1	ppc	2
GCF_049675845_1	pps	2
GCF_049675845_1	pqqB	1
GCF_049675845_1	pqqC	1
GCF_049675845_1	pqqE	3
GCF_049675845_1	pqqF	1
GCF_049675845_1	pta	10
GCF_049675845_1	rnfE	2
GCF_049675845_1	serA	4
GCF_049675845_1	serB	3
GCF_049675845_1	serC	2
GCF_049675845_1	vhcA	1
GCF_049675845_1	vhuG	1
GCF_049675845_1	xoxF5	1
GCF_049676595_1	acs	8
GCF_049676595_1	apgM	2
GCF_049676595_1	cdhE	1
GCF_049676595_1	echA	1
GCF_049676595_1	echB	2
GCF_049676595_1	echC	1
GCF_049676595_1	echD	1
GCF_049676595_1	echE	2
GCF_049676595_1	echF	1
GCF_049676595_1	ehaQ	1
GCF_049676595_1	ehbQ	1
GCF_049676595_1	eno	1
GCF_049676595_1	fae	1
GCF_049676595_1	fae-hps	1
GCF_049676595_1	fbaA	3
GCF_049676595_1	fdhA	4
GCF_049676595_1	fdhA-K00148	3
GCF_049676595_1	fdhB	4
GCF_049676595_1	fdoH	1
GCF_049676595_1	fdwE	2
GCF_049676595_1	fmdB	1
GCF_049676595_1	folA	3
GCF_049676595_1	fpoB	1
GCF_049676595_1	fpoC	4
GCF_049676595_1	fpoM	1
GCF_049676595_1	frhA	2
GCF_049676595_1	frhB	3
GCF_049676595_1	frhD	2
GCF_049676595_1	frhG	2
GCF_049676595_1	frmA	2
GCF_049676595_1	ftr	1
GCF_049676595_1	fwdB	2
GCF_049676595_1	fwdC	2
GCF_049676595_1	fwdF	2
GCF_049676595_1	fwdH	1
GCF_049676595_1	gck	1
GCF_049676595_1	glyA	2
GCF_049676595_1	gpmI	1
GCF_049676595_1	hdrA2	3
GCF_049676595_1	hdrB1	1
GCF_049676595_1	hdrB2	3
GCF_049676595_1	hdrC1	2
GCF_049676595_1	hdrC2	2
GCF_049676595_1	hdrD	2
GCF_049676595_1	hprA	1
GCF_049676595_1	hxlA	2
GCF_049676595_1	hxlB	2
GCF_049676595_1	mauC	1
GCF_049676595_1	mbhJ	2
GCF_049676595_1	mch	2
GCF_049676595_1	mcrA	1
GCF_049676595_1	mcrB	1
GCF_049676595_1	mcrC	1
GCF_049676595_1	mcrD	2
GCF_049676595_1	mcrG	1
GCF_049676595_1	mdh	2
GCF_049676595_1	mer	2
GCF_049676595_1	mgsC	1
GCF_049676595_1	mmoC	1
GCF_049676595_1	mtaB	1
GCF_049676595_1	mtaC	1
GCF_049676595_1	mtd	1
GCF_049676595_1	mtdB	1
GCF_049676595_1	mtkB	2
GCF_049676595_1	mtrA	3
GCF_049676595_1	mtrB	1
GCF_049676595_1	mtrC	1
GCF_049676595_1	mtrD	1
GCF_049676595_1	mtrE	1
GCF_049676595_1	mtrG	1
GCF_049676595_1	mtrH	1
GCF_049676595_1	mvhA	2
GCF_049676595_1	mvhD	2
GCF_049676595_1	mxaF	1
GCF_049676595_1	napH	1
GCF_049676595_1	narH	1
GCF_049676595_1	nirS	1
GCF_049676595_1	pfkA	1
GCF_049676595_1	pfkB	1
GCF_049676595_1	pfp	1
GCF_049676595_1	porA	2
GCF_049676595_1	porB	2
GCF_049676595_1	porD	2
GCF_049676595_1	porG	3
GCF_049676595_1	pps	1
GCF_049676595_1	pqqB	1
GCF_049676595_1	pqqD	1
GCF_049676595_1	pqqE	9
GCF_049676595_1	pta	2
GCF_049676595_1	rnfB	5
GCF_049676595_1	rnfE	2
GCF_049676595_1	serA	3
GCF_049676595_1	serB	3
GCF_049676595_1	vhcA	1
GCF_049676595_1	vhcG	1
GCF_049676595_1	vhtG	1
GCF_049676595_1	vhuG	1
GCF_900111645_1	acs	5
GCF_900111645_1	acsD	1
GCF_900111645_1	apgM	1
GCF_900111645_1	cdhA	1
GCF_900111645_1	cdhB	1
GCF_900111645_1	cdhC	1
GCF_900111645_1	cdhD	1
GCF_900111645_1	cdhE	1
GCF_900111645_1	cooS	1
GCF_900111645_1	cytC	1
GCF_900111645_1	ehaQ	1
GCF_900111645_1	ehbA	1
GCF_900111645_1	ehbB	1
GCF_900111645_1	eno	1
GCF_900111645_1	fae-hps	1
GCF_900111645_1	fbaA	1
GCF_900111645_1	fbp	1
GCF_900111645_1	fmdB	1
GCF_900111645_1	fmdC	1
GCF_900111645_1	folA	4
GCF_900111645_1	fpoA	1
GCF_900111645_1	fpoB	2
GCF_900111645_1	fpoC	4
GCF_900111645_1	fpoD	1
GCF_900111645_1	fpoF	1
GCF_900111645_1	fpoH	1
GCF_900111645_1	fpoI	1
GCF_900111645_1	fpoJ	2
GCF_900111645_1	fpoK	1
GCF_900111645_1	fpoL	1
GCF_900111645_1	fpoM	1
GCF_900111645_1	fpoN	1
GCF_900111645_1	fpoO	1
GCF_900111645_1	frhA	1
GCF_900111645_1	frhB	1
GCF_900111645_1	frmA	3
GCF_900111645_1	ftr	1
GCF_900111645_1	fwdB	1
GCF_900111645_1	fwdG	2
GCF_900111645_1	gfa	1
GCF_900111645_1	glpX	1
GCF_900111645_1	glyA	4
GCF_900111645_1	gpmI	3
GCF_900111645_1	hdrD	5
GCF_900111645_1	hdrE	1
GCF_900111645_1	hxlA	2
GCF_900111645_1	hxlB	1
GCF_900111645_1	mauC	1
GCF_900111645_1	mch	1
GCF_900111645_1	mcrA	1
GCF_900111645_1	mcrB	1
GCF_900111645_1	mcrC	1
GCF_900111645_1	mcrD	1
GCF_900111645_1	mcrG	1
GCF_900111645_1	mdh-K00024	2
GCF_900111645_1	mer	1
GCF_900111645_1	mgsC	3
GCF_900111645_1	mtaA	2
GCF_900111645_1	mtaB	2
GCF_900111645_1	mtaC	3
GCF_900111645_1	mtbA	1
GCF_900111645_1	mtbB	4
GCF_900111645_1	mtbC	2
GCF_900111645_1	mtd	1
GCF_900111645_1	mtkB	1
GCF_900111645_1	mtmB	6
GCF_900111645_1	mtmC	2
GCF_900111645_1	mtrA	2
GCF_900111645_1	mtrB	1
GCF_900111645_1	mtrC	1
GCF_900111645_1	mtrD	1
GCF_900111645_1	mtrE	1
GCF_900111645_1	mtrF	1
GCF_900111645_1	mtrG	1
GCF_900111645_1	mtrH	2
GCF_900111645_1	mttB	4
GCF_900111645_1	mttC	2
GCF_900111645_1	napH	1
GCF_900111645_1	narH	1
GCF_900111645_1	nrfA	1
GCF_900111645_1	pfkC	2
GCF_900111645_1	pfp	3
GCF_900111645_1	porA	4
GCF_900111645_1	porB	2
GCF_900111645_1	porD	2
GCF_900111645_1	porG	3
GCF_900111645_1	pps	2
GCF_900111645_1	pqqE	5
GCF_900111645_1	pta	3
GCF_900111645_1	rnfA	1
GCF_900111645_1	rnfB	4
GCF_900111645_1	rnfC	2
GCF_900111645_1	rnfD	1
GCF_900111645_1	rnfE	2
GCF_900111645_1	rnfG	1
GCF_900111645_1	serA	3
GCF_900111645_1	serB	1
GCF_900111645_1	serC	1
GCF_900111645_1	vhtG	1
GCF_900155475_1	ackA	2
GCF_900155475_1	acs	5
GCF_900155475_1	amoB	1
GCF_900155475_1	eno	2
GCF_900155475_1	fae	1
GCF_900155475_1	fbaA	5
GCF_900155475_1	fbp	2
GCF_900155475_1	fchA	1
GCF_900155475_1	fdhA	2
GCF_900155475_1	fdsD	1
GCF_900155475_1	fdwB	2
GCF_900155475_1	folA	6
GCF_900155475_1	fpoA	1
GCF_900155475_1	fpoB	3
GCF_900155475_1	fpoH	1
GCF_900155475_1	fpoJ	1
GCF_900155475_1	fpoK	1
GCF_900155475_1	fpoL	1
GCF_900155475_1	fpoM	4
GCF_900155475_1	fpoN	1
GCF_900155475_1	frhA	1
GCF_900155475_1	frhD	1
GCF_900155475_1	frhG	1
GCF_900155475_1	frmA	3
GCF_900155475_1	ftr	1
GCF_900155475_1	fwdB	1
GCF_900155475_1	fwdC	1
GCF_900155475_1	glpX	1
GCF_900155475_1	glyA	16
GCF_900155475_1	gpmB	3
GCF_900155475_1	gpmI	2
GCF_900155475_1	hdrD	1
GCF_900155475_1	hxlA	1
GCF_900155475_1	hxlB	1
GCF_900155475_1	mauC	1
GCF_900155475_1	mch	2
GCF_900155475_1	mcl	1
GCF_900155475_1	mdh	1
GCF_900155475_1	mdh-K00024	4
GCF_900155475_1	metF	2
GCF_900155475_1	mgsC	1
GCF_900155475_1	mmoB	1
GCF_900155475_1	mmoC	2
GCF_900155475_1	mmoD	1
GCF_900155475_1	mmoX	1
GCF_900155475_1	mmoY	1
GCF_900155475_1	mmoZ	1
GCF_900155475_1	mtaA	1
GCF_900155475_1	mtbC	1
GCF_900155475_1	mtdA	1
GCF_900155475_1	mtdB	2
GCF_900155475_1	mtkA	1
GCF_900155475_1	mtkB	1
GCF_900155475_1	mxaA	2
GCF_900155475_1	mxaC	2
GCF_900155475_1	mxaD	2
GCF_900155475_1	mxaF	1
GCF_900155475_1	mxaG	1
GCF_900155475_1	mxaI	1
GCF_900155475_1	mxaJ	1
GCF_900155475_1	mxaK	2
GCF_900155475_1	mxaL	3
GCF_900155475_1	narB	3
GCF_900155475_1	nirK	3
GCF_900155475_1	nirS	4
GCF_900155475_1	pfkA	1
GCF_900155475_1	pfp	6
GCF_900155475_1	pmoA	3
GCF_900155475_1	pmoB	2
GCF_900155475_1	pmoC	4
GCF_900155475_1	porD	1
GCF_900155475_1	ppc	1
GCF_900155475_1	pps	2
GCF_900155475_1	pqqB	1
GCF_900155475_1	pqqC	1
GCF_900155475_1	pqqD	1
GCF_900155475_1	pqqE	6
GCF_900155475_1	pqqF	1
GCF_900155475_1	pta	2
GCF_900155475_1	rnfA	2
GCF_900155475_1	rnfB	3
GCF_900155475_1	rnfC	2
GCF_900155475_1	rnfD	3
GCF_900155475_1	rnfE	4
GCF_900155475_1	rnfG	3
GCF_900155475_1	serA	2
GCF_900155475_1	serB	3
GCF_900155475_1	serC	1
GCF_900155475_1	vhuA	1
GCF_900155475_1	xoxF5	1
GCF_902810445_1	acdA	1
GCF_902810445_1	ackA	1
GCF_902810445_1	acs	2
GCF_902810445_1	eno	1
GCF_902810445_1	fbaA	2
GCF_902810445_1	fbp	1
GCF_902810445_1	fdhA-K00148	1
GCF_902810445_1	fdhF	1
GCF_902810445_1	fdwB	1
GCF_902810445_1	fmdC	1
GCF_902810445_1	folA	4
GCF_902810445_1	fpoB	2
GCF_902810445_1	fpoD	1
GCF_902810445_1	fpoK	1
GCF_902810445_1	fpoM	1
GCF_902810445_1	fpoN	1
GCF_902810445_1	frmA	4
GCF_902810445_1	ftr	1
GCF_902810445_1	fwdB	1
GCF_902810445_1	glyA	4
GCF_902810445_1	hprA	1
GCF_902810445_1	hxlB	1
GCF_902810445_1	mbhJ	1
GCF_902810445_1	mch	1
GCF_902810445_1	mdh-K00024	1
GCF_902810445_1	metF	3
GCF_902810445_1	mmoC	1
GCF_902810445_1	mtkB	1
GCF_902810445_1	mvhD	1
GCF_902810445_1	narB	1
GCF_902810445_1	pfp	3
GCF_902810445_1	pmoA	1
GCF_902810445_1	pmoB	1
GCF_902810445_1	pmoC	1
GCF_902810445_1	pqqE	1
GCF_902810445_1	pqqF	1
GCF_902810445_1	psp	1
GCF_902810445_1	pta	2
GCF_902810445_1	rnfA	1
GCF_902810445_1	rnfB	1
GCF_902810445_1	rnfC	1
GCF_902810445_1	rnfD	1
GCF_902810445_1	rnfE	3
GCF_902810445_1	rnfG	1
GCF_902810445_1	serB	4
GCF_902810445_1	serC	2
GCF_902810445_1	torY	1
GCF_945836005_1	acdA	1
GCF_945836005_1	ackA	1
GCF_945836005_1	acs	1
GCF_945836005_1	echB	1
GCF_945836005_1	eno	2
GCF_945836005_1	fbaA	2
GCF_945836005_1	fbp	1
GCF_945836005_1	fdhA-K00148	1
GCF_945836005_1	fdhF	1
GCF_945836005_1	fdwB	1
GCF_945836005_1	fghA	1
GCF_945836005_1	folA	5
GCF_945836005_1	fpoB	2
GCF_945836005_1	fpoD	1
GCF_945836005_1	fpoK	1
GCF_945836005_1	fpoM	1
GCF_945836005_1	fpoN	1
GCF_945836005_1	frmA	4
GCF_945836005_1	ftr	1
GCF_945836005_1	fwdB	1
GCF_945836005_1	glyA	4
GCF_945836005_1	hprA	1
GCF_945836005_1	hxlB	1
GCF_945836005_1	mbhJ	1
GCF_945836005_1	mdh-K00024	1
GCF_945836005_1	metF	3
GCF_945836005_1	mmoC	1
GCF_945836005_1	mtkB	1
GCF_945836005_1	mvhD	1
GCF_945836005_1	mxaF	1
GCF_945836005_1	narB	1
GCF_945836005_1	pfp	5
GCF_945836005_1	pmoA	1
GCF_945836005_1	pmoB	1
GCF_945836005_1	pmoC	1
GCF_945836005_1	pqqE	1
GCF_945836005_1	pqqF	1
GCF_945836005_1	psp	1
GCF_945836005_1	pta	2
GCF_945836005_1	rnfA	1
GCF_945836005_1	rnfB	1
GCF_945836005_1	rnfC	1
GCF_945836005_1	rnfD	1
GCF_945836005_1	rnfE	3
GCF_945836005_1	rnfG	1
GCF_945836005_1	serB	4
GCF_945836005_1	serC	1
GCF_945836005_1	torY	1
